build_id,snapshot_date,dispersion_level,id_comercio,id_bandera,provincia_codigo,publishable_products,median_dispersion_raw,median_dispersion_clean,excluded_critical_prices,coverage_status,banner_label
941da9b2-93b6-40b8-8de8-c9e27ad03e10,2026-07-27,BANNER,11,2,,637,0.1296496372897052,0.1296496372897052,86.0,PUBLISHABLE,Changomas
941da9b2-93b6-40b8-8de8-c9e27ad03e10,2026-07-27,BANNER,2,1,,628,0.10174504584442473,0.10151828847481022,159.0,PUBLISHABLE,La Anonima
941da9b2-93b6-40b8-8de8-c9e27ad03e10,2026-07-27,BANNER,10,1,,634,0.10024178123518113,0.10024178123518113,0.0,PUBLISHABLE,Hipermercado Carrefour
941da9b2-93b6-40b8-8de8-c9e27ad03e10,2026-07-27,BANNER,21,1,,152,0.1,0.1,16.0,PUBLISHABLE,Toledo
941da9b2-93b6-40b8-8de8-c9e27ad03e10,2026-07-27,BANNER,13,1,,588,0.07992580281865548,0.07992580281865548,2.0,PUBLISHABLE,Cooperativa Obrera
941da9b2-93b6-40b8-8de8-c9e27ad03e10,2026-07-27,BANNER,10,2,,602,0.07673149237102898,0.07673149237102898,0.0,PUBLISHABLE,Market
941da9b2-93b6-40b8-8de8-c9e27ad03e10,2026-07-27,BANNER,23,1,,18,0.06810712111990261,0.06810712111990261,0.0,SUPPRESSED,Axion Energy
941da9b2-93b6-40b8-8de8-c9e27ad03e10,2026-07-27,BANNER,3,1,,19,0.056179775280898875,0.056179775280898875,0.0,SUPPRESSED,DEHEZA S.A.I.C.F. e I.
941da9b2-93b6-40b8-8de8-c9e27ad03e10,2026-07-27,BANNER,9,2,,591,0.05228758169934641,0.05228758169934641,2.0,PUBLISHABLE,Disco
941da9b2-93b6-40b8-8de8-c9e27ad03e10,2026-07-27,BANNER,11,5,,637,0.04915580252190639,0.04915580252190639,40.0,PUBLISHABLE,HiperChangomas
941da9b2-93b6-40b8-8de8-c9e27ad03e10,2026-07-27,BANNER,9,1,,610,0.046565837263511684,0.046565837263511684,3.0,PUBLISHABLE,Vea
941da9b2-93b6-40b8-8de8-c9e27ad03e10,2026-07-27,BANNER,10,3,,439,0.0463980463980464,0.0463980463980464,0.0,PUBLISHABLE,Express
941da9b2-93b6-40b8-8de8-c9e27ad03e10,2026-07-27,BANNER,9,3,,582,0.024813912757922392,0.024813912757922392,0.0,PUBLISHABLE,Jumbo
941da9b2-93b6-40b8-8de8-c9e27ad03e10,2026-07-27,BANNER,12,1,,637,0.0,0.0,0.0,PUBLISHABLE,COTO
941da9b2-93b6-40b8-8de8-c9e27ad03e10,2026-07-27,BANNER,10,4,,523,0.0,0.0,57.0,PUBLISHABLE,Maxi
941da9b2-93b6-40b8-8de8-c9e27ad03e10,2026-07-27,BANNER,6,1,,64,0.0,0.0,0.0,DIRECTIONAL,Supermercados Comodin
941da9b2-93b6-40b8-8de8-c9e27ad03e10,2026-07-27,BANNER,15,1,,639,0.0,0.0,24.0,PUBLISHABLE,DIA
941da9b2-93b6-40b8-8de8-c9e27ad03e10,2026-07-27,BANNER,5,1,,0,,,0.0,SUPPRESSED,California Supermercados
941da9b2-93b6-40b8-8de8-c9e27ad03e10,2026-07-27,BANNER,8,1,,0,,,11.0,DIRECTIONAL,Mariano Max
941da9b2-93b6-40b8-8de8-c9e27ad03e10,2026-07-27,BANNER,6,2,,0,,,0.0,SUPPRESSED,Maxi Comodin
941da9b2-93b6-40b8-8de8-c9e27ad03e10,2026-07-27,BANNER,16,1,,0,,,0.0,SUPPRESSED,Hipermercado Libertad
941da9b2-93b6-40b8-8de8-c9e27ad03e10,2026-07-27,BANNER,4,1,,0,,,0.0,SUPPRESSED,ESTACION LIMA S.A.
941da9b2-93b6-40b8-8de8-c9e27ad03e10,2026-07-27,BANNER,47,1,,0,,,15.0,SUPPRESSED,Sup. Unicoop
941da9b2-93b6-40b8-8de8-c9e27ad03e10,2026-07-27,BANNER,11,4,,0,,,3.0,SUPPRESSED,SuperChangomas
941da9b2-93b6-40b8-8de8-c9e27ad03e10,2026-07-27,BANNER_PROVINCE,21,1,AR-B,152,0.1,0.1,16.0,PUBLISHABLE,Toledo
941da9b2-93b6-40b8-8de8-c9e27ad03e10,2026-07-27,BANNER_PROVINCE,10,2,AR-B,520,0.06976957061516315,0.06976957061516315,0.0,PUBLISHABLE,Market
941da9b2-93b6-40b8-8de8-c9e27ad03e10,2026-07-27,BANNER_PROVINCE,13,1,AR-B,579,0.06000500041670139,0.06000500041670139,2.0,PUBLISHABLE,Cooperativa Obrera
941da9b2-93b6-40b8-8de8-c9e27ad03e10,2026-07-27,BANNER_PROVINCE,23,1,AR-B,7,0.05714285714285714,0.05714285714285714,0.0,SUPPRESSED,Axion Energy
941da9b2-93b6-40b8-8de8-c9e27ad03e10,2026-07-27,BANNER_PROVINCE,2,1,AR-Z,520,0.041666666666666664,0.041666666666666664,35.0,PUBLISHABLE,La Anonima
941da9b2-93b6-40b8-8de8-c9e27ad03e10,2026-07-27,BANNER_PROVINCE,2,1,AR-R,561,0.04150943396226415,0.041463414634146344,33.0,PUBLISHABLE,La Anonima
941da9b2-93b6-40b8-8de8-c9e27ad03e10,2026-07-27,BANNER_PROVINCE,2,1,AR-U,477,0.04032258064516129,0.04032258064516129,29.0,PUBLISHABLE,La Anonima
941da9b2-93b6-40b8-8de8-c9e27ad03e10,2026-07-27,BANNER_PROVINCE,9,2,AR-B,448,0.03865546218487395,0.03865546218487395,0.0,PUBLISHABLE,Disco
941da9b2-93b6-40b8-8de8-c9e27ad03e10,2026-07-27,BANNER_PROVINCE,2,1,AR-Q,529,0.038202224719101126,0.03783783783783784,31.0,PUBLISHABLE,La Anonima
941da9b2-93b6-40b8-8de8-c9e27ad03e10,2026-07-27,BANNER_PROVINCE,15,1,AR-A,632,0.03336142081826588,0.03336142081826588,18.0,PUBLISHABLE,DIA
941da9b2-93b6-40b8-8de8-c9e27ad03e10,2026-07-27,BANNER_PROVINCE,23,1,AR-C,8,0.02797339593114241,0.02797339593114241,0.0,SUPPRESSED,Axion Energy
941da9b2-93b6-40b8-8de8-c9e27ad03e10,2026-07-27,BANNER_PROVINCE,13,1,AR-R,440,0.02789510950163039,0.02789510950163039,0.0,PUBLISHABLE,Cooperativa Obrera
941da9b2-93b6-40b8-8de8-c9e27ad03e10,2026-07-27,BANNER_PROVINCE,13,1,AR-Q,406,0.027489043357629483,0.027489043357629483,0.0,PUBLISHABLE,Cooperativa Obrera
941da9b2-93b6-40b8-8de8-c9e27ad03e10,2026-07-27,BANNER_PROVINCE,9,1,AR-B,464,0.02545447447474951,0.02545447447474951,0.0,PUBLISHABLE,Vea
941da9b2-93b6-40b8-8de8-c9e27ad03e10,2026-07-27,BANNER_PROVINCE,9,2,AR-C,414,0.020833333333333332,0.020833333333333332,0.0,PUBLISHABLE,Disco
941da9b2-93b6-40b8-8de8-c9e27ad03e10,2026-07-27,BANNER_PROVINCE,15,1,AR-C,639,0.019889502762430938,0.019889502762430938,0.0,PUBLISHABLE,DIA
941da9b2-93b6-40b8-8de8-c9e27ad03e10,2026-07-27,BANNER_PROVINCE,10,3,AR-C,437,0.019318181818181818,0.019318181818181818,0.0,PUBLISHABLE,Express
941da9b2-93b6-40b8-8de8-c9e27ad03e10,2026-07-27,BANNER_PROVINCE,12,1,AR-C,613,0.0,0.0,0.0,PUBLISHABLE,COTO
941da9b2-93b6-40b8-8de8-c9e27ad03e10,2026-07-27,BANNER_PROVINCE,10,3,AR-B,427,0.0,0.0,0.0,PUBLISHABLE,Express
941da9b2-93b6-40b8-8de8-c9e27ad03e10,2026-07-27,BANNER_PROVINCE,9,1,AR-M,502,0.0,0.0,0.0,PUBLISHABLE,Vea
941da9b2-93b6-40b8-8de8-c9e27ad03e10,2026-07-27,BANNER_PROVINCE,9,1,AR-X,197,0.0,0.0,0.0,PUBLISHABLE,Vea
941da9b2-93b6-40b8-8de8-c9e27ad03e10,2026-07-27,BANNER_PROVINCE,12,1,AR-B,628,0.0,0.0,0.0,PUBLISHABLE,COTO
941da9b2-93b6-40b8-8de8-c9e27ad03e10,2026-07-27,BANNER_PROVINCE,10,3,AR-X,377,0.0,0.0,0.0,PUBLISHABLE,Express
941da9b2-93b6-40b8-8de8-c9e27ad03e10,2026-07-27,BANNER_PROVINCE,10,2,AR-C,511,0.0,0.0,0.0,PUBLISHABLE,Market
941da9b2-93b6-40b8-8de8-c9e27ad03e10,2026-07-27,BANNER_PROVINCE,2,1,AR-B,422,0.0,0.0,3.0,PUBLISHABLE,La Anonima
941da9b2-93b6-40b8-8de8-c9e27ad03e10,2026-07-27,BANNER_PROVINCE,10,1,AR-B,618,0.0,0.0,0.0,PUBLISHABLE,Hipermercado Carrefour
941da9b2-93b6-40b8-8de8-c9e27ad03e10,2026-07-27,BANNER_PROVINCE,9,2,AR-X,283,0.0,0.0,0.0,PUBLISHABLE,Disco
941da9b2-93b6-40b8-8de8-c9e27ad03e10,2026-07-27,BANNER_PROVINCE,15,1,AR-B,639,0.0,0.0,0.0,PUBLISHABLE,DIA
941da9b2-93b6-40b8-8de8-c9e27ad03e10,2026-07-27,BANNER_PROVINCE,15,1,AR-E,639,0.0,0.0,0.0,PUBLISHABLE,DIA
941da9b2-93b6-40b8-8de8-c9e27ad03e10,2026-07-27,BANNER_PROVINCE,2,1,AR-W,0,,,0.0,SUPPRESSED,La Anonima
941da9b2-93b6-40b8-8de8-c9e27ad03e10,2026-07-27,BANNER_PROVINCE,9,1,AR-H,0,,,0.0,SUPPRESSED,Vea
941da9b2-93b6-40b8-8de8-c9e27ad03e10,2026-07-27,BANNER_PROVINCE,2,1,AR-N,0,,,0.0,SUPPRESSED,La Anonima
941da9b2-93b6-40b8-8de8-c9e27ad03e10,2026-07-27,BANNER_PROVINCE,11,2,AR-Q,0,,,2.0,SUPPRESSED,Changomas
941da9b2-93b6-40b8-8de8-c9e27ad03e10,2026-07-27,BANNER_PROVINCE,10,1,AR-M,0,,,0.0,SUPPRESSED,Hipermercado Carrefour
941da9b2-93b6-40b8-8de8-c9e27ad03e10,2026-07-27,BANNER_PROVINCE,10,1,AR-U,0,,,0.0,SUPPRESSED,Hipermercado Carrefour
941da9b2-93b6-40b8-8de8-c9e27ad03e10,2026-07-27,BANNER_PROVINCE,10,1,AR-R,0,,,0.0,SUPPRESSED,Hipermercado Carrefour
941da9b2-93b6-40b8-8de8-c9e27ad03e10,2026-07-27,BANNER_PROVINCE,10,1,AR-Z,0,,,0.0,SUPPRESSED,Hipermercado Carrefour
941da9b2-93b6-40b8-8de8-c9e27ad03e10,2026-07-27,BANNER_PROVINCE,10,1,AR-Q,0,,,0.0,SUPPRESSED,Hipermercado Carrefour
941da9b2-93b6-40b8-8de8-c9e27ad03e10,2026-07-27,BANNER_PROVINCE,11,2,AR-N,0,,,4.0,SUPPRESSED,Changomas
941da9b2-93b6-40b8-8de8-c9e27ad03e10,2026-07-27,BANNER_PROVINCE,11,2,AR-Y,0,,,4.0,SUPPRESSED,Changomas
941da9b2-93b6-40b8-8de8-c9e27ad03e10,2026-07-27,BANNER_PROVINCE,2,1,AR-S,0,,,1.0,DIRECTIONAL,La Anonima
941da9b2-93b6-40b8-8de8-c9e27ad03e10,2026-07-27,BANNER_PROVINCE,2,1,AR-T,0,,,0.0,SUPPRESSED,La Anonima
941da9b2-93b6-40b8-8de8-c9e27ad03e10,2026-07-27,BANNER_PROVINCE,15,1,AR-J,0,,,6.0,SUPPRESSED,DIA
941da9b2-93b6-40b8-8de8-c9e27ad03e10,2026-07-27,BANNER_PROVINCE,9,3,AR-X,0,,,0.0,SUPPRESSED,Jumbo
941da9b2-93b6-40b8-8de8-c9e27ad03e10,2026-07-27,BANNER_PROVINCE,11,2,AR-J,0,,,4.0,SUPPRESSED,Changomas
941da9b2-93b6-40b8-8de8-c9e27ad03e10,2026-07-27,BANNER_PROVINCE,2,1,AR-L,0,,,3.0,SUPPRESSED,La Anonima
941da9b2-93b6-40b8-8de8-c9e27ad03e10,2026-07-27,BANNER_PROVINCE,13,1,AR-U,0,,,0.0,SUPPRESSED,Cooperativa Obrera
941da9b2-93b6-40b8-8de8-c9e27ad03e10,2026-07-27,BANNER_PROVINCE,11,2,AR-F,0,,,2.0,SUPPRESSED,Changomas
941da9b2-93b6-40b8-8de8-c9e27ad03e10,2026-07-27,BANNER_PROVINCE,13,1,AR-S,0,,,0.0,SUPPRESSED,Cooperativa Obrera
941da9b2-93b6-40b8-8de8-c9e27ad03e10,2026-07-27,BANNER_PROVINCE,15,1,AR-S,0,,,0.0,SUPPRESSED,DIA
941da9b2-93b6-40b8-8de8-c9e27ad03e10,2026-07-27,BANNER_PROVINCE,10,1,AR-V,0,,,0.0,SUPPRESSED,Hipermercado Carrefour
941da9b2-93b6-40b8-8de8-c9e27ad03e10,2026-07-27,BANNER_PROVINCE,10,1,AR-C,0,,,0.0,SUPPRESSED,Hipermercado Carrefour
941da9b2-93b6-40b8-8de8-c9e27ad03e10,2026-07-27,BANNER_PROVINCE,10,1,AR-H,0,,,0.0,SUPPRESSED,Hipermercado Carrefour
941da9b2-93b6-40b8-8de8-c9e27ad03e10,2026-07-27,BANNER_PROVINCE,11,2,AR-L,0,,,6.0,SUPPRESSED,Changomas
941da9b2-93b6-40b8-8de8-c9e27ad03e10,2026-07-27,BANNER_PROVINCE,11,2,AR-R,0,,,8.0,SUPPRESSED,Changomas
941da9b2-93b6-40b8-8de8-c9e27ad03e10,2026-07-27,BANNER_PROVINCE,11,2,,0,,,2.0,INVALID_GEOGRAPHY,Changomas
941da9b2-93b6-40b8-8de8-c9e27ad03e10,2026-07-27,BANNER_PROVINCE,11,2,AR-B,0,,,4.0,DIRECTIONAL,Changomas
941da9b2-93b6-40b8-8de8-c9e27ad03e10,2026-07-27,BANNER_PROVINCE,2,1,AR-V,0,,,17.0,DIRECTIONAL,La Anonima
941da9b2-93b6-40b8-8de8-c9e27ad03e10,2026-07-27,BANNER_PROVINCE,2,1,AR-H,0,,,0.0,SUPPRESSED,La Anonima
941da9b2-93b6-40b8-8de8-c9e27ad03e10,2026-07-27,BANNER_PROVINCE,2,1,AR-J,0,,,0.0,SUPPRESSED,La Anonima
941da9b2-93b6-40b8-8de8-c9e27ad03e10,2026-07-27,BANNER_PROVINCE,9,3,AR-A,0,,,0.0,SUPPRESSED,Jumbo
941da9b2-93b6-40b8-8de8-c9e27ad03e10,2026-07-27,BANNER_PROVINCE,10,1,AR-J,0,,,0.0,SUPPRESSED,Hipermercado Carrefour
941da9b2-93b6-40b8-8de8-c9e27ad03e10,2026-07-27,BANNER_PROVINCE,11,2,AR-M,0,,,4.0,SUPPRESSED,Changomas
941da9b2-93b6-40b8-8de8-c9e27ad03e10,2026-07-27,BANNER_PROVINCE,11,2,AR-T,0,,,8.0,SUPPRESSED,Changomas
941da9b2-93b6-40b8-8de8-c9e27ad03e10,2026-07-27,BANNER_PROVINCE,10,1,AR-S,0,,,0.0,SUPPRESSED,Hipermercado Carrefour
941da9b2-93b6-40b8-8de8-c9e27ad03e10,2026-07-27,BANNER_PROVINCE,10,1,AR-L,0,,,0.0,SUPPRESSED,Hipermercado Carrefour
941da9b2-93b6-40b8-8de8-c9e27ad03e10,2026-07-27,BANNER_PROVINCE,10,1,AR-T,0,,,0.0,SUPPRESSED,Hipermercado Carrefour
941da9b2-93b6-40b8-8de8-c9e27ad03e10,2026-07-27,BANNER_PROVINCE,12,1,AR-M,0,,,0.0,SUPPRESSED,COTO
941da9b2-93b6-40b8-8de8-c9e27ad03e10,2026-07-27,BANNER_PROVINCE,2,1,AR-X,0,,,7.0,SUPPRESSED,La Anonima
941da9b2-93b6-40b8-8de8-c9e27ad03e10,2026-07-27,BANNER_PROVINCE,11,2,AR-D,0,,,2.0,SUPPRESSED,Changomas
941da9b2-93b6-40b8-8de8-c9e27ad03e10,2026-07-27,BANNER_PROVINCE,9,1,AR-U,0,,,0.0,SUPPRESSED,Vea
941da9b2-93b6-40b8-8de8-c9e27ad03e10,2026-07-27,BANNER_PROVINCE,9,1,AR-R,0,,,0.0,SUPPRESSED,Vea
941da9b2-93b6-40b8-8de8-c9e27ad03e10,2026-07-27,BANNER_PROVINCE,10,2,AR-Z,0,,,0.0,SUPPRESSED,Market
941da9b2-93b6-40b8-8de8-c9e27ad03e10,2026-07-27,BANNER_PROVINCE,9,1,AR-T,0,,,0.0,DIRECTIONAL,Vea
941da9b2-93b6-40b8-8de8-c9e27ad03e10,2026-07-27,BANNER_PROVINCE,11,2,AR-K,0,,,2.0,SUPPRESSED,Changomas
941da9b2-93b6-40b8-8de8-c9e27ad03e10,2026-07-27,BANNER_PROVINCE,11,2,AR-P,0,,,6.0,SUPPRESSED,Changomas
941da9b2-93b6-40b8-8de8-c9e27ad03e10,2026-07-27,BANNER_PROVINCE,6,1,AR-T,0,,,0.0,SUPPRESSED,Supermercados Comodin
941da9b2-93b6-40b8-8de8-c9e27ad03e10,2026-07-27,BANNER_PROVINCE,23,1,AR-X,0,,,0.0,SUPPRESSED,Axion Energy
941da9b2-93b6-40b8-8de8-c9e27ad03e10,2026-07-27,BANNER_PROVINCE,10,1,AR-X,0,,,0.0,SUPPRESSED,Hipermercado Carrefour
941da9b2-93b6-40b8-8de8-c9e27ad03e10,2026-07-27,BANNER_PROVINCE,10,1,AR-E,0,,,0.0,SUPPRESSED,Hipermercado Carrefour
941da9b2-93b6-40b8-8de8-c9e27ad03e10,2026-07-27,BANNER_PROVINCE,9,3,AR-S,0,,,0.0,SUPPRESSED,Jumbo
941da9b2-93b6-40b8-8de8-c9e27ad03e10,2026-07-27,BANNER_PROVINCE,9,1,AR-Y,0,,,0.0,SUPPRESSED,Vea
941da9b2-93b6-40b8-8de8-c9e27ad03e10,2026-07-27,BANNER_PROVINCE,9,1,AR-C,0,,,0.0,SUPPRESSED,Vea
941da9b2-93b6-40b8-8de8-c9e27ad03e10,2026-07-27,BANNER_PROVINCE,10,3,,0,,,0.0,INVALID_GEOGRAPHY,Express
941da9b2-93b6-40b8-8de8-c9e27ad03e10,2026-07-27,BANNER_PROVINCE,10,3,AR-M,0,,,0.0,DIRECTIONAL,Express
941da9b2-93b6-40b8-8de8-c9e27ad03e10,2026-07-27,BANNER_PROVINCE,12,1,AR-E,0,,,0.0,SUPPRESSED,COTO
941da9b2-93b6-40b8-8de8-c9e27ad03e10,2026-07-27,BANNER_PROVINCE,10,4,AR-E,0,,,2.0,SUPPRESSED,Maxi
941da9b2-93b6-40b8-8de8-c9e27ad03e10,2026-07-27,BANNER_PROVINCE,10,2,AR-F,0,,,0.0,SUPPRESSED,Market
941da9b2-93b6-40b8-8de8-c9e27ad03e10,2026-07-27,BANNER_PROVINCE,9,3,AR-M,0,,,0.0,SUPPRESSED,Jumbo
941da9b2-93b6-40b8-8de8-c9e27ad03e10,2026-07-27,BANNER_PROVINCE,9,3,AR-B,0,,,0.0,DIRECTIONAL,Jumbo
941da9b2-93b6-40b8-8de8-c9e27ad03e10,2026-07-27,BANNER_PROVINCE,9,1,AR-A,0,,,0.0,DIRECTIONAL,Vea
941da9b2-93b6-40b8-8de8-c9e27ad03e10,2026-07-27,BANNER_PROVINCE,9,3,AR-T,0,,,0.0,SUPPRESSED,Jumbo
941da9b2-93b6-40b8-8de8-c9e27ad03e10,2026-07-27,BANNER_PROVINCE,9,1,AR-K,0,,,0.0,SUPPRESSED,Vea
941da9b2-93b6-40b8-8de8-c9e27ad03e10,2026-07-27,BANNER_PROVINCE,13,1,AR-L,0,,,0.0,SUPPRESSED,Cooperativa Obrera
941da9b2-93b6-40b8-8de8-c9e27ad03e10,2026-07-27,BANNER_PROVINCE,10,4,AR-B,0,,,21.0,DIRECTIONAL,Maxi
941da9b2-93b6-40b8-8de8-c9e27ad03e10,2026-07-27,BANNER_PROVINCE,10,2,AR-D,0,,,0.0,SUPPRESSED,Market
941da9b2-93b6-40b8-8de8-c9e27ad03e10,2026-07-27,BANNER_PROVINCE,10,2,AR-K,0,,,0.0,SUPPRESSED,Market
941da9b2-93b6-40b8-8de8-c9e27ad03e10,2026-07-27,BANNER_PROVINCE,10,4,AR-M,0,,,3.0,SUPPRESSED,Maxi
941da9b2-93b6-40b8-8de8-c9e27ad03e10,2026-07-27,BANNER_PROVINCE,10,2,AR-P,0,,,0.0,SUPPRESSED,Market
941da9b2-93b6-40b8-8de8-c9e27ad03e10,2026-07-27,BANNER_PROVINCE,11,2,AR-U,0,,,4.0,SUPPRESSED,Changomas
941da9b2-93b6-40b8-8de8-c9e27ad03e10,2026-07-27,BANNER_PROVINCE,11,4,,0,,,0.0,INVALID_GEOGRAPHY,SuperChangomas
941da9b2-93b6-40b8-8de8-c9e27ad03e10,2026-07-27,BANNER_PROVINCE,9,1,AR-D,0,,,3.0,SUPPRESSED,Vea
941da9b2-93b6-40b8-8de8-c9e27ad03e10,2026-07-27,BANNER_PROVINCE,9,2,AR-S,0,,,2.0,SUPPRESSED,Disco
941da9b2-93b6-40b8-8de8-c9e27ad03e10,2026-07-27,BANNER_PROVINCE,11,5,AR-D,0,,,2.0,SUPPRESSED,HiperChangomas
941da9b2-93b6-40b8-8de8-c9e27ad03e10,2026-07-27,BANNER_PROVINCE,15,1,AR-W,0,,,0.0,DIRECTIONAL,DIA
941da9b2-93b6-40b8-8de8-c9e27ad03e10,2026-07-27,BANNER_PROVINCE,12,1,AR-Q,0,,,0.0,SUPPRESSED,COTO
941da9b2-93b6-40b8-8de8-c9e27ad03e10,2026-07-27,BANNER_PROVINCE,16,1,AR-M,0,,,0.0,SUPPRESSED,Hipermercado Libertad
941da9b2-93b6-40b8-8de8-c9e27ad03e10,2026-07-27,BANNER_PROVINCE,12,1,AR-S,0,,,0.0,SUPPRESSED,COTO
941da9b2-93b6-40b8-8de8-c9e27ad03e10,2026-07-27,BANNER_PROVINCE,9,3,AR-Q,0,,,0.0,SUPPRESSED,Jumbo
941da9b2-93b6-40b8-8de8-c9e27ad03e10,2026-07-27,BANNER_PROVINCE,11,2,AR-A,0,,,8.0,SUPPRESSED,Changomas
941da9b2-93b6-40b8-8de8-c9e27ad03e10,2026-07-27,BANNER_PROVINCE,9,1,AR-G,0,,,0.0,SUPPRESSED,Vea
941da9b2-93b6-40b8-8de8-c9e27ad03e10,2026-07-27,BANNER_PROVINCE,9,1,AR-E,0,,,0.0,SUPPRESSED,Vea
941da9b2-93b6-40b8-8de8-c9e27ad03e10,2026-07-27,BANNER_PROVINCE,9,1,AR-W,0,,,0.0,SUPPRESSED,Vea
941da9b2-93b6-40b8-8de8-c9e27ad03e10,2026-07-27,BANNER_PROVINCE,10,4,AR-C,0,,,20.0,DIRECTIONAL,Maxi
941da9b2-93b6-40b8-8de8-c9e27ad03e10,2026-07-27,BANNER_PROVINCE,10,2,AR-E,0,,,0.0,SUPPRESSED,Market
941da9b2-93b6-40b8-8de8-c9e27ad03e10,2026-07-27,BANNER_PROVINCE,10,2,AR-X,0,,,0.0,SUPPRESSED,Market
941da9b2-93b6-40b8-8de8-c9e27ad03e10,2026-07-27,BANNER_PROVINCE,10,4,AR-H,0,,,3.0,SUPPRESSED,Maxi
941da9b2-93b6-40b8-8de8-c9e27ad03e10,2026-07-27,BANNER_PROVINCE,10,2,AR-W,0,,,0.0,SUPPRESSED,Market
941da9b2-93b6-40b8-8de8-c9e27ad03e10,2026-07-27,BANNER_PROVINCE,11,5,AR-X,0,,,8.0,SUPPRESSED,HiperChangomas
941da9b2-93b6-40b8-8de8-c9e27ad03e10,2026-07-27,BANNER_PROVINCE,11,5,AR-W,0,,,2.0,SUPPRESSED,HiperChangomas
941da9b2-93b6-40b8-8de8-c9e27ad03e10,2026-07-27,BANNER_PROVINCE,11,4,AR-C,0,,,0.0,SUPPRESSED,SuperChangomas
941da9b2-93b6-40b8-8de8-c9e27ad03e10,2026-07-27,BANNER_PROVINCE,11,5,AR-E,0,,,2.0,SUPPRESSED,HiperChangomas
941da9b2-93b6-40b8-8de8-c9e27ad03e10,2026-07-27,BANNER_PROVINCE,2,1,AR-A,0,,,0.0,SUPPRESSED,La Anonima
941da9b2-93b6-40b8-8de8-c9e27ad03e10,2026-07-27,BANNER_PROVINCE,11,2,AR-E,0,,,2.0,SUPPRESSED,Changomas
941da9b2-93b6-40b8-8de8-c9e27ad03e10,2026-07-27,BANNER_PROVINCE,11,2,AR-G,0,,,4.0,SUPPRESSED,Changomas
941da9b2-93b6-40b8-8de8-c9e27ad03e10,2026-07-27,BANNER_PROVINCE,11,2,AR-W,0,,,4.0,SUPPRESSED,Changomas
941da9b2-93b6-40b8-8de8-c9e27ad03e10,2026-07-27,BANNER_PROVINCE,9,3,AR-C,0,,,0.0,DIRECTIONAL,Jumbo
941da9b2-93b6-40b8-8de8-c9e27ad03e10,2026-07-27,BANNER_PROVINCE,6,2,AR-Y,0,,,0.0,SUPPRESSED,Maxi Comodin
941da9b2-93b6-40b8-8de8-c9e27ad03e10,2026-07-27,BANNER_PROVINCE,11,2,AR-X,0,,,6.0,SUPPRESSED,Changomas
941da9b2-93b6-40b8-8de8-c9e27ad03e10,2026-07-27,BANNER_PROVINCE,5,1,AR-N,0,,,0.0,SUPPRESSED,California Supermercados
941da9b2-93b6-40b8-8de8-c9e27ad03e10,2026-07-27,BANNER_PROVINCE,10,2,AR-T,0,,,0.0,SUPPRESSED,Market
941da9b2-93b6-40b8-8de8-c9e27ad03e10,2026-07-27,BANNER_PROVINCE,10,1,AR-A,0,,,0.0,SUPPRESSED,Hipermercado Carrefour
941da9b2-93b6-40b8-8de8-c9e27ad03e10,2026-07-27,BANNER_PROVINCE,10,1,AR-K,0,,,0.0,SUPPRESSED,Hipermercado Carrefour
941da9b2-93b6-40b8-8de8-c9e27ad03e10,2026-07-27,BANNER_PROVINCE,11,5,AR-U,0,,,4.0,SUPPRESSED,HiperChangomas
941da9b2-93b6-40b8-8de8-c9e27ad03e10,2026-07-27,BANNER_PROVINCE,9,1,AR-Q,0,,,0.0,SUPPRESSED,Vea
941da9b2-93b6-40b8-8de8-c9e27ad03e10,2026-07-27,BANNER_PROVINCE,11,5,AR-S,0,,,2.0,SUPPRESSED,HiperChangomas
941da9b2-93b6-40b8-8de8-c9e27ad03e10,2026-07-27,BANNER_PROVINCE,9,1,AR-J,0,,,0.0,SUPPRESSED,Vea
941da9b2-93b6-40b8-8de8-c9e27ad03e10,2026-07-27,BANNER_PROVINCE,2,1,AR-G,0,,,0.0,SUPPRESSED,La Anonima
941da9b2-93b6-40b8-8de8-c9e27ad03e10,2026-07-27,BANNER_PROVINCE,23,1,AR-S,0,,,0.0,SUPPRESSED,Axion Energy
941da9b2-93b6-40b8-8de8-c9e27ad03e10,2026-07-27,BANNER_PROVINCE,9,3,AR-U,0,,,0.0,SUPPRESSED,Jumbo
941da9b2-93b6-40b8-8de8-c9e27ad03e10,2026-07-27,BANNER_PROVINCE,11,5,AR-C,0,,,0.0,SUPPRESSED,HiperChangomas
941da9b2-93b6-40b8-8de8-c9e27ad03e10,2026-07-27,BANNER_PROVINCE,10,2,AR-U,0,,,0.0,SUPPRESSED,Market
941da9b2-93b6-40b8-8de8-c9e27ad03e10,2026-07-27,BANNER_PROVINCE,10,2,AR-L,0,,,0.0,SUPPRESSED,Market
941da9b2-93b6-40b8-8de8-c9e27ad03e10,2026-07-27,BANNER_PROVINCE,10,4,AR-K,0,,,3.0,SUPPRESSED,Maxi
941da9b2-93b6-40b8-8de8-c9e27ad03e10,2026-07-27,BANNER_PROVINCE,11,5,AR-B,0,,,6.0,DIRECTIONAL,HiperChangomas
941da9b2-93b6-40b8-8de8-c9e27ad03e10,2026-07-27,BANNER_PROVINCE,11,5,AR-T,0,,,2.0,SUPPRESSED,HiperChangomas
941da9b2-93b6-40b8-8de8-c9e27ad03e10,2026-07-27,BANNER_PROVINCE,11,5,AR-Q,0,,,2.0,SUPPRESSED,HiperChangomas
941da9b2-93b6-40b8-8de8-c9e27ad03e10,2026-07-27,BANNER_PROVINCE,11,5,AR-M,0,,,6.0,SUPPRESSED,HiperChangomas
941da9b2-93b6-40b8-8de8-c9e27ad03e10,2026-07-27,BANNER_PROVINCE,11,5,AR-J,0,,,2.0,SUPPRESSED,HiperChangomas
941da9b2-93b6-40b8-8de8-c9e27ad03e10,2026-07-27,BANNER_PROVINCE,11,5,AR-H,0,,,2.0,SUPPRESSED,HiperChangomas
941da9b2-93b6-40b8-8de8-c9e27ad03e10,2026-07-27,BANNER_PROVINCE,10,1,AR-D,0,,,0.0,SUPPRESSED,Hipermercado Carrefour
941da9b2-93b6-40b8-8de8-c9e27ad03e10,2026-07-27,BANNER_PROVINCE,6,2,AR-A,0,,,0.0,SUPPRESSED,Maxi Comodin
941da9b2-93b6-40b8-8de8-c9e27ad03e10,2026-07-27,BANNER_PROVINCE,6,1,AR-Y,0,,,0.0,DIRECTIONAL,Supermercados Comodin
941da9b2-93b6-40b8-8de8-c9e27ad03e10,2026-07-27,BANNER_PROVINCE,3,1,AR-C,0,,,0.0,SUPPRESSED,DEHEZA S.A.I.C.F. e I.
941da9b2-93b6-40b8-8de8-c9e27ad03e10,2026-07-27,BANNER_PROVINCE,4,1,AR-C,0,,,0.0,SUPPRESSED,ESTACION LIMA S.A.
941da9b2-93b6-40b8-8de8-c9e27ad03e10,2026-07-27,BANNER_PROVINCE,8,1,AR-X,0,,,11.0,DIRECTIONAL,Mariano Max
941da9b2-93b6-40b8-8de8-c9e27ad03e10,2026-07-27,BANNER_PROVINCE,3,1,AR-B,0,,,0.0,SUPPRESSED,DEHEZA S.A.I.C.F. e I.
941da9b2-93b6-40b8-8de8-c9e27ad03e10,2026-07-27,BANNER_PROVINCE,47,1,AR-B,0,,,15.0,SUPPRESSED,Sup. Unicoop
941da9b2-93b6-40b8-8de8-c9e27ad03e10,2026-07-27,BANNER_PROVINCE,15,1,AR-X,0,,,0.0,SUPPRESSED,DIA
941da9b2-93b6-40b8-8de8-c9e27ad03e10,2026-07-27,BANNER_PROVINCE,10,4,AR-A,0,,,5.0,SUPPRESSED,Maxi
941da9b2-93b6-40b8-8de8-c9e27ad03e10,2026-07-27,BANNER_PROVINCE,10,1,AR-W,0,,,0.0,SUPPRESSED,Hipermercado Carrefour
941da9b2-93b6-40b8-8de8-c9e27ad03e10,2026-07-27,BANNER_PROVINCE,9,1,AR-F,0,,,0.0,SUPPRESSED,Vea
941da9b2-93b6-40b8-8de8-c9e27ad03e10,2026-07-27,BANNER_PROVINCE,10,2,AR-M,0,,,0.0,SUPPRESSED,Market
941da9b2-93b6-40b8-8de8-c9e27ad03e10,2026-07-27,BANNER_PROVINCE,6,1,AR-A,0,,,0.0,SUPPRESSED,Supermercados Comodin
941da9b2-93b6-40b8-8de8-c9e27ad03e10,2026-07-27,BANNER_PROVINCE,15,1,Buenos Aires,0,,,0.0,INVALID_GEOGRAPHY,DIA
941da9b2-93b6-40b8-8de8-c9e27ad03e10,2026-07-27,BANNER_PROVINCE,9,1,AR-S,0,,,0.0,SUPPRESSED,Vea
941da9b2-93b6-40b8-8de8-c9e27ad03e10,2026-07-27,BANNER_PROVINCE,10,1,AR-P,0,,,0.0,SUPPRESSED,Hipermercado Carrefour
941da9b2-93b6-40b8-8de8-c9e27ad03e10,2026-07-27,BANNER_PROVINCE,13,1,AR-X,0,,,0.0,SUPPRESSED,Cooperativa Obrera
941da9b2-93b6-40b8-8de8-c9e27ad03e10,2026-07-27,BANNER_PROVINCE,11,4,AR-B,0,,,3.0,SUPPRESSED,SuperChangomas
941da9b2-93b6-40b8-8de8-c9e27ad03e10,2026-07-27,NATIONAL,,,,639,0.11477452979832313,0.114548802946593,418.0,PUBLISHABLE,
941da9b2-93b6-40b8-8de8-c9e27ad03e10,2026-07-27,PROVINCE,,,AR-X,625,0.12787504291108823,0.12787504291108823,32.0,PUBLISHABLE,
941da9b2-93b6-40b8-8de8-c9e27ad03e10,2026-07-27,PROVINCE,,,AR-U,613,0.11796875,0.11669902912621359,37.0,PUBLISHABLE,
941da9b2-93b6-40b8-8de8-c9e27ad03e10,2026-07-27,PROVINCE,,,AR-S,629,0.11599190283400809,0.11547397447563269,5.0,PUBLISHABLE,
941da9b2-93b6-40b8-8de8-c9e27ad03e10,2026-07-27,PROVINCE,,,AR-Y,64,0.10715649207502556,0.10715649207502556,4.0,DIRECTIONAL,
941da9b2-93b6-40b8-8de8-c9e27ad03e10,2026-07-27,PROVINCE,,,AR-J,298,0.10500557413600892,0.10500557413600892,12.0,PUBLISHABLE,
941da9b2-93b6-40b8-8de8-c9e27ad03e10,2026-07-27,PROVINCE,,,AR-R,626,0.09587912087912089,0.09580935459944556,41.0,PUBLISHABLE,
941da9b2-93b6-40b8-8de8-c9e27ad03e10,2026-07-27,PROVINCE,,,AR-A,636,0.08833746767040296,0.08822151782565565,31.0,PUBLISHABLE,
941da9b2-93b6-40b8-8de8-c9e27ad03e10,2026-07-27,PROVINCE,,,AR-Q,622,0.08432005689900426,0.08392260061919504,35.0,PUBLISHABLE,
941da9b2-93b6-40b8-8de8-c9e27ad03e10,2026-07-27,PROVINCE,,,AR-L,234,0.08304240094638614,0.08304240094638614,9.0,PUBLISHABLE,
941da9b2-93b6-40b8-8de8-c9e27ad03e10,2026-07-27,PROVINCE,,,AR-B,639,0.07351984385165908,0.0732495511669659,70.0,PUBLISHABLE,
941da9b2-93b6-40b8-8de8-c9e27ad03e10,2026-07-27,PROVINCE,,,AR-T,431,0.0724,0.0724,10.0,PUBLISHABLE,
941da9b2-93b6-40b8-8de8-c9e27ad03e10,2026-07-27,PROVINCE,,,AR-M,584,0.060014184224991635,0.060014184224991635,13.0,PUBLISHABLE,
941da9b2-93b6-40b8-8de8-c9e27ad03e10,2026-07-27,PROVINCE,,,AR-C,639,0.05,0.05,20.0,PUBLISHABLE,
941da9b2-93b6-40b8-8de8-c9e27ad03e10,2026-07-27,PROVINCE,,,AR-Z,400,0.04511533242876527,0.04511533242876527,35.0,PUBLISHABLE,
941da9b2-93b6-40b8-8de8-c9e27ad03e10,2026-07-27,PROVINCE,,,AR-W,611,0.04224598930481283,0.04224598930481283,6.0,PUBLISHABLE,
941da9b2-93b6-40b8-8de8-c9e27ad03e10,2026-07-27,PROVINCE,,,AR-E,639,0.0259,0.0259,6.0,PUBLISHABLE,
941da9b2-93b6-40b8-8de8-c9e27ad03e10,2026-07-27,PROVINCE,,,Buenos Aires,0,,,0.0,INVALID_GEOGRAPHY,
941da9b2-93b6-40b8-8de8-c9e27ad03e10,2026-07-27,PROVINCE,,,AR-F,0,,,2.0,SUPPRESSED,
941da9b2-93b6-40b8-8de8-c9e27ad03e10,2026-07-27,PROVINCE,,,AR-N,0,,,4.0,DIRECTIONAL,
941da9b2-93b6-40b8-8de8-c9e27ad03e10,2026-07-27,PROVINCE,,,,0,,,2.0,INVALID_GEOGRAPHY,
941da9b2-93b6-40b8-8de8-c9e27ad03e10,2026-07-27,PROVINCE,,,AR-K,0,,,5.0,SUPPRESSED,
941da9b2-93b6-40b8-8de8-c9e27ad03e10,2026-07-27,PROVINCE,,,AR-D,0,,,7.0,SUPPRESSED,
941da9b2-93b6-40b8-8de8-c9e27ad03e10,2026-07-27,PROVINCE,,,AR-V,0,,,17.0,DIRECTIONAL,
941da9b2-93b6-40b8-8de8-c9e27ad03e10,2026-07-27,PROVINCE,,,AR-H,0,,,5.0,SUPPRESSED,
941da9b2-93b6-40b8-8de8-c9e27ad03e10,2026-07-27,PROVINCE,,,AR-G,0,,,4.0,SUPPRESSED,
941da9b2-93b6-40b8-8de8-c9e27ad03e10,2026-07-27,PROVINCE,,,AR-P,0,,,6.0,SUPPRESSED,
941da9b2-93b6-40b8-8de8-c9e27ad03e10,2026-07-28,BANNER,11,2,,583,0.1297414181457789,0.1297414181457789,86.0,PUBLISHABLE,Changomas
941da9b2-93b6-40b8-8de8-c9e27ad03e10,2026-07-28,BANNER,2,1,,574,0.10018587360594797,0.1,149.0,PUBLISHABLE,La Anonima
941da9b2-93b6-40b8-8de8-c9e27ad03e10,2026-07-28,BANNER,21,1,,132,0.09998422215209846,0.09998422215209846,17.0,PUBLISHABLE,Toledo
941da9b2-93b6-40b8-8de8-c9e27ad03e10,2026-07-28,BANNER,10,1,,580,0.09954128440366973,0.09954128440366973,0.0,PUBLISHABLE,Hipermercado Carrefour
941da9b2-93b6-40b8-8de8-c9e27ad03e10,2026-07-28,BANNER,13,1,,535,0.08208134847929645,0.08208134847929645,3.0,PUBLISHABLE,Cooperativa Obrera
941da9b2-93b6-40b8-8de8-c9e27ad03e10,2026-07-28,BANNER,10,2,,550,0.07709755882172704,0.07709755882172704,0.0,PUBLISHABLE,Market
941da9b2-93b6-40b8-8de8-c9e27ad03e10,2026-07-28,BANNER,23,1,,18,0.06810712111990261,0.06810712111990261,0.0,SUPPRESSED,Axion Energy
941da9b2-93b6-40b8-8de8-c9e27ad03e10,2026-07-28,BANNER,3,1,,18,0.056179775280898875,0.056179775280898875,0.0,SUPPRESSED,DEHEZA S.A.I.C.F. e I.
941da9b2-93b6-40b8-8de8-c9e27ad03e10,2026-07-28,BANNER,9,2,,538,0.05314441724722274,0.05314441724722274,2.0,PUBLISHABLE,Disco
941da9b2-93b6-40b8-8de8-c9e27ad03e10,2026-07-28,BANNER,11,5,,583,0.049172029792465106,0.049172029792465106,40.0,PUBLISHABLE,HiperChangomas
941da9b2-93b6-40b8-8de8-c9e27ad03e10,2026-07-28,BANNER,9,1,,557,0.04639175257731959,0.04639175257731959,3.0,PUBLISHABLE,Vea
941da9b2-93b6-40b8-8de8-c9e27ad03e10,2026-07-28,BANNER,10,3,,400,0.044759993826207746,0.044759993826207746,0.0,PUBLISHABLE,Express
941da9b2-93b6-40b8-8de8-c9e27ad03e10,2026-07-28,BANNER,9,3,,530,0.025,0.025,0.0,PUBLISHABLE,Jumbo
941da9b2-93b6-40b8-8de8-c9e27ad03e10,2026-07-28,BANNER,15,1,,582,0.0,0.0,24.0,PUBLISHABLE,DIA
941da9b2-93b6-40b8-8de8-c9e27ad03e10,2026-07-28,BANNER,6,1,,57,0.0,0.0,0.0,DIRECTIONAL,Supermercados Comodin
941da9b2-93b6-40b8-8de8-c9e27ad03e10,2026-07-28,BANNER,10,4,,479,0.0,0.0,57.0,PUBLISHABLE,Maxi
941da9b2-93b6-40b8-8de8-c9e27ad03e10,2026-07-28,BANNER,12,1,,583,0.0,0.0,0.0,PUBLISHABLE,COTO
941da9b2-93b6-40b8-8de8-c9e27ad03e10,2026-07-28,BANNER,8,1,,0,,,11.0,DIRECTIONAL,Mariano Max
941da9b2-93b6-40b8-8de8-c9e27ad03e10,2026-07-28,BANNER,5,1,,0,,,0.0,SUPPRESSED,California Supermercados
941da9b2-93b6-40b8-8de8-c9e27ad03e10,2026-07-28,BANNER,6,2,,0,,,0.0,SUPPRESSED,Maxi Comodin
941da9b2-93b6-40b8-8de8-c9e27ad03e10,2026-07-28,BANNER,4,1,,0,,,0.0,SUPPRESSED,ESTACION LIMA S.A.
941da9b2-93b6-40b8-8de8-c9e27ad03e10,2026-07-28,BANNER,16,1,,0,,,0.0,SUPPRESSED,Hipermercado Libertad
941da9b2-93b6-40b8-8de8-c9e27ad03e10,2026-07-28,BANNER,11,4,,0,,,3.0,SUPPRESSED,SuperChangomas
941da9b2-93b6-40b8-8de8-c9e27ad03e10,2026-07-28,BANNER,47,1,,0,,,15.0,SUPPRESSED,Sup. Unicoop
941da9b2-93b6-40b8-8de8-c9e27ad03e10,2026-07-28,BANNER_PROVINCE,21,1,AR-B,132,0.09998422215209846,0.09998422215209846,17.0,PUBLISHABLE,Toledo
941da9b2-93b6-40b8-8de8-c9e27ad03e10,2026-07-28,BANNER_PROVINCE,10,2,AR-B,473,0.07095238095238095,0.07095238095238095,0.0,PUBLISHABLE,Market
941da9b2-93b6-40b8-8de8-c9e27ad03e10,2026-07-28,BANNER_PROVINCE,13,1,AR-B,527,0.06,0.06,3.0,PUBLISHABLE,Cooperativa Obrera
941da9b2-93b6-40b8-8de8-c9e27ad03e10,2026-07-28,BANNER_PROVINCE,23,1,AR-B,7,0.05714285714285714,0.05714285714285714,0.0,SUPPRESSED,Axion Energy
941da9b2-93b6-40b8-8de8-c9e27ad03e10,2026-07-28,BANNER_PROVINCE,2,1,AR-Z,478,0.041415043773450066,0.041415043773450066,34.0,PUBLISHABLE,La Anonima
941da9b2-93b6-40b8-8de8-c9e27ad03e10,2026-07-28,BANNER_PROVINCE,2,1,AR-R,509,0.04128440366972477,0.041237113402061855,33.0,PUBLISHABLE,La Anonima
941da9b2-93b6-40b8-8de8-c9e27ad03e10,2026-07-28,BANNER_PROVINCE,2,1,AR-U,439,0.04081632653061224,0.04081632653061224,29.0,PUBLISHABLE,La Anonima
941da9b2-93b6-40b8-8de8-c9e27ad03e10,2026-07-28,BANNER_PROVINCE,9,2,AR-B,401,0.03875968992248062,0.03875968992248062,0.0,PUBLISHABLE,Disco
941da9b2-93b6-40b8-8de8-c9e27ad03e10,2026-07-28,BANNER_PROVINCE,2,1,AR-Q,478,0.03871417920434342,0.03861412500832058,31.0,PUBLISHABLE,La Anonima
941da9b2-93b6-40b8-8de8-c9e27ad03e10,2026-07-28,BANNER_PROVINCE,15,1,AR-A,570,0.03391157441240929,0.03391157441240929,18.0,PUBLISHABLE,DIA
941da9b2-93b6-40b8-8de8-c9e27ad03e10,2026-07-28,BANNER_PROVINCE,13,1,AR-R,395,0.028037383177570093,0.028037383177570093,0.0,PUBLISHABLE,Cooperativa Obrera
941da9b2-93b6-40b8-8de8-c9e27ad03e10,2026-07-28,BANNER_PROVINCE,23,1,AR-C,8,0.02797339593114241,0.02797339593114241,0.0,SUPPRESSED,Axion Energy
941da9b2-93b6-40b8-8de8-c9e27ad03e10,2026-07-28,BANNER_PROVINCE,13,1,AR-Q,363,0.02752272727272727,0.02752272727272727,0.0,PUBLISHABLE,Cooperativa Obrera
941da9b2-93b6-40b8-8de8-c9e27ad03e10,2026-07-28,BANNER_PROVINCE,9,1,AR-B,416,0.027124796134839178,0.027124796134839178,0.0,PUBLISHABLE,Vea
941da9b2-93b6-40b8-8de8-c9e27ad03e10,2026-07-28,BANNER_PROVINCE,9,2,AR-C,376,0.020833333333333332,0.020833333333333332,0.0,PUBLISHABLE,Disco
941da9b2-93b6-40b8-8de8-c9e27ad03e10,2026-07-28,BANNER_PROVINCE,15,1,AR-C,582,0.019901783406565003,0.019901783406565003,0.0,PUBLISHABLE,DIA
941da9b2-93b6-40b8-8de8-c9e27ad03e10,2026-07-28,BANNER_PROVINCE,10,3,AR-C,398,0.019227408383297933,0.019227408383297933,0.0,PUBLISHABLE,Express
941da9b2-93b6-40b8-8de8-c9e27ad03e10,2026-07-28,BANNER_PROVINCE,9,2,AR-X,257,0.0,0.0,0.0,PUBLISHABLE,Disco
941da9b2-93b6-40b8-8de8-c9e27ad03e10,2026-07-28,BANNER_PROVINCE,12,1,AR-B,575,0.0,0.0,0.0,PUBLISHABLE,COTO
941da9b2-93b6-40b8-8de8-c9e27ad03e10,2026-07-28,BANNER_PROVINCE,10,1,AR-B,566,0.0,0.0,0.0,PUBLISHABLE,Hipermercado Carrefour
941da9b2-93b6-40b8-8de8-c9e27ad03e10,2026-07-28,BANNER_PROVINCE,9,1,AR-M,454,0.0,0.0,0.0,PUBLISHABLE,Vea
941da9b2-93b6-40b8-8de8-c9e27ad03e10,2026-07-28,BANNER_PROVINCE,15,1,AR-E,582,0.0,0.0,0.0,PUBLISHABLE,DIA
941da9b2-93b6-40b8-8de8-c9e27ad03e10,2026-07-28,BANNER_PROVINCE,9,1,AR-X,176,0.0,0.0,0.0,PUBLISHABLE,Vea
941da9b2-93b6-40b8-8de8-c9e27ad03e10,2026-07-28,BANNER_PROVINCE,12,1,AR-C,561,0.0,0.0,0.0,PUBLISHABLE,COTO
941da9b2-93b6-40b8-8de8-c9e27ad03e10,2026-07-28,BANNER_PROVINCE,10,3,AR-X,339,0.0,0.0,0.0,PUBLISHABLE,Express
941da9b2-93b6-40b8-8de8-c9e27ad03e10,2026-07-28,BANNER_PROVINCE,10,2,AR-C,468,0.0,0.0,0.0,PUBLISHABLE,Market
941da9b2-93b6-40b8-8de8-c9e27ad03e10,2026-07-28,BANNER_PROVINCE,15,1,AR-B,582,0.0,0.0,0.0,PUBLISHABLE,DIA
941da9b2-93b6-40b8-8de8-c9e27ad03e10,2026-07-28,BANNER_PROVINCE,10,3,AR-B,388,0.0,0.0,0.0,PUBLISHABLE,Express
941da9b2-93b6-40b8-8de8-c9e27ad03e10,2026-07-28,BANNER_PROVINCE,2,1,AR-B,377,0.0,0.0,3.0,PUBLISHABLE,La Anonima
941da9b2-93b6-40b8-8de8-c9e27ad03e10,2026-07-28,BANNER_PROVINCE,9,1,AR-Y,0,,,0.0,SUPPRESSED,Vea
941da9b2-93b6-40b8-8de8-c9e27ad03e10,2026-07-28,BANNER_PROVINCE,23,1,AR-S,0,,,0.0,SUPPRESSED,Axion Energy
941da9b2-93b6-40b8-8de8-c9e27ad03e10,2026-07-28,BANNER_PROVINCE,13,1,AR-S,0,,,0.0,SUPPRESSED,Cooperativa Obrera
941da9b2-93b6-40b8-8de8-c9e27ad03e10,2026-07-28,BANNER_PROVINCE,13,1,AR-U,0,,,0.0,SUPPRESSED,Cooperativa Obrera
941da9b2-93b6-40b8-8de8-c9e27ad03e10,2026-07-28,BANNER_PROVINCE,15,1,AR-J,0,,,6.0,SUPPRESSED,DIA
941da9b2-93b6-40b8-8de8-c9e27ad03e10,2026-07-28,BANNER_PROVINCE,9,3,AR-T,0,,,0.0,SUPPRESSED,Jumbo
941da9b2-93b6-40b8-8de8-c9e27ad03e10,2026-07-28,BANNER_PROVINCE,9,3,AR-Q,0,,,0.0,SUPPRESSED,Jumbo
941da9b2-93b6-40b8-8de8-c9e27ad03e10,2026-07-28,BANNER_PROVINCE,9,3,AR-B,0,,,0.0,DIRECTIONAL,Jumbo
941da9b2-93b6-40b8-8de8-c9e27ad03e10,2026-07-28,BANNER_PROVINCE,9,3,AR-M,0,,,0.0,SUPPRESSED,Jumbo
941da9b2-93b6-40b8-8de8-c9e27ad03e10,2026-07-28,BANNER_PROVINCE,9,3,AR-U,0,,,0.0,SUPPRESSED,Jumbo
941da9b2-93b6-40b8-8de8-c9e27ad03e10,2026-07-28,BANNER_PROVINCE,9,3,AR-S,0,,,0.0,SUPPRESSED,Jumbo
941da9b2-93b6-40b8-8de8-c9e27ad03e10,2026-07-28,BANNER_PROVINCE,10,1,AR-D,0,,,0.0,SUPPRESSED,Hipermercado Carrefour
941da9b2-93b6-40b8-8de8-c9e27ad03e10,2026-07-28,BANNER_PROVINCE,10,1,AR-A,0,,,0.0,SUPPRESSED,Hipermercado Carrefour
941da9b2-93b6-40b8-8de8-c9e27ad03e10,2026-07-28,BANNER_PROVINCE,10,1,AR-K,0,,,0.0,SUPPRESSED,Hipermercado Carrefour
941da9b2-93b6-40b8-8de8-c9e27ad03e10,2026-07-28,BANNER_PROVINCE,11,2,AR-X,0,,,6.0,SUPPRESSED,Changomas
941da9b2-93b6-40b8-8de8-c9e27ad03e10,2026-07-28,BANNER_PROVINCE,9,3,AR-A,0,,,0.0,SUPPRESSED,Jumbo
941da9b2-93b6-40b8-8de8-c9e27ad03e10,2026-07-28,BANNER_PROVINCE,10,1,AR-R,0,,,0.0,SUPPRESSED,Hipermercado Carrefour
941da9b2-93b6-40b8-8de8-c9e27ad03e10,2026-07-28,BANNER_PROVINCE,11,2,AR-J,0,,,4.0,SUPPRESSED,Changomas
941da9b2-93b6-40b8-8de8-c9e27ad03e10,2026-07-28,BANNER_PROVINCE,2,1,AR-V,0,,,7.0,DIRECTIONAL,La Anonima
941da9b2-93b6-40b8-8de8-c9e27ad03e10,2026-07-28,BANNER_PROVINCE,2,1,AR-N,0,,,0.0,SUPPRESSED,La Anonima
941da9b2-93b6-40b8-8de8-c9e27ad03e10,2026-07-28,BANNER_PROVINCE,13,1,AR-L,0,,,0.0,SUPPRESSED,Cooperativa Obrera
941da9b2-93b6-40b8-8de8-c9e27ad03e10,2026-07-28,BANNER_PROVINCE,10,1,AR-P,0,,,0.0,SUPPRESSED,Hipermercado Carrefour
941da9b2-93b6-40b8-8de8-c9e27ad03e10,2026-07-28,BANNER_PROVINCE,2,1,AR-H,0,,,0.0,SUPPRESSED,La Anonima
941da9b2-93b6-40b8-8de8-c9e27ad03e10,2026-07-28,BANNER_PROVINCE,2,1,AR-J,0,,,0.0,SUPPRESSED,La Anonima
941da9b2-93b6-40b8-8de8-c9e27ad03e10,2026-07-28,BANNER_PROVINCE,15,1,AR-S,0,,,0.0,SUPPRESSED,DIA
941da9b2-93b6-40b8-8de8-c9e27ad03e10,2026-07-28,BANNER_PROVINCE,9,3,AR-C,0,,,0.0,DIRECTIONAL,Jumbo
941da9b2-93b6-40b8-8de8-c9e27ad03e10,2026-07-28,BANNER_PROVINCE,10,1,AR-X,0,,,0.0,SUPPRESSED,Hipermercado Carrefour
941da9b2-93b6-40b8-8de8-c9e27ad03e10,2026-07-28,BANNER_PROVINCE,10,1,AR-E,0,,,0.0,SUPPRESSED,Hipermercado Carrefour
941da9b2-93b6-40b8-8de8-c9e27ad03e10,2026-07-28,BANNER_PROVINCE,10,1,AR-W,0,,,0.0,SUPPRESSED,Hipermercado Carrefour
941da9b2-93b6-40b8-8de8-c9e27ad03e10,2026-07-28,BANNER_PROVINCE,11,2,AR-P,0,,,6.0,SUPPRESSED,Changomas
941da9b2-93b6-40b8-8de8-c9e27ad03e10,2026-07-28,BANNER_PROVINCE,11,2,AR-A,0,,,8.0,SUPPRESSED,Changomas
941da9b2-93b6-40b8-8de8-c9e27ad03e10,2026-07-28,BANNER_PROVINCE,11,2,AR-K,0,,,2.0,SUPPRESSED,Changomas
941da9b2-93b6-40b8-8de8-c9e27ad03e10,2026-07-28,BANNER_PROVINCE,2,1,AR-S,0,,,2.0,DIRECTIONAL,La Anonima
941da9b2-93b6-40b8-8de8-c9e27ad03e10,2026-07-28,BANNER_PROVINCE,2,1,AR-L,0,,,3.0,SUPPRESSED,La Anonima
941da9b2-93b6-40b8-8de8-c9e27ad03e10,2026-07-28,BANNER_PROVINCE,2,1,AR-T,0,,,0.0,SUPPRESSED,La Anonima
941da9b2-93b6-40b8-8de8-c9e27ad03e10,2026-07-28,BANNER_PROVINCE,11,2,AR-D,0,,,2.0,SUPPRESSED,Changomas
941da9b2-93b6-40b8-8de8-c9e27ad03e10,2026-07-28,BANNER_PROVINCE,10,1,AR-S,0,,,0.0,SUPPRESSED,Hipermercado Carrefour
941da9b2-93b6-40b8-8de8-c9e27ad03e10,2026-07-28,BANNER_PROVINCE,2,1,AR-G,0,,,0.0,SUPPRESSED,La Anonima
941da9b2-93b6-40b8-8de8-c9e27ad03e10,2026-07-28,BANNER_PROVINCE,10,1,AR-T,0,,,0.0,SUPPRESSED,Hipermercado Carrefour
941da9b2-93b6-40b8-8de8-c9e27ad03e10,2026-07-28,BANNER_PROVINCE,16,1,AR-M,0,,,0.0,SUPPRESSED,Hipermercado Libertad
941da9b2-93b6-40b8-8de8-c9e27ad03e10,2026-07-28,BANNER_PROVINCE,10,2,AR-D,0,,,0.0,SUPPRESSED,Market
941da9b2-93b6-40b8-8de8-c9e27ad03e10,2026-07-28,BANNER_PROVINCE,11,5,AR-M,0,,,6.0,SUPPRESSED,HiperChangomas
941da9b2-93b6-40b8-8de8-c9e27ad03e10,2026-07-28,BANNER_PROVINCE,10,1,AR-U,0,,,0.0,SUPPRESSED,Hipermercado Carrefour
941da9b2-93b6-40b8-8de8-c9e27ad03e10,2026-07-28,BANNER_PROVINCE,10,1,AR-M,0,,,0.0,SUPPRESSED,Hipermercado Carrefour
941da9b2-93b6-40b8-8de8-c9e27ad03e10,2026-07-28,BANNER_PROVINCE,11,2,AR-R,0,,,8.0,SUPPRESSED,Changomas
941da9b2-93b6-40b8-8de8-c9e27ad03e10,2026-07-28,BANNER_PROVINCE,23,1,AR-X,0,,,0.0,SUPPRESSED,Axion Energy
941da9b2-93b6-40b8-8de8-c9e27ad03e10,2026-07-28,BANNER_PROVINCE,10,1,AR-Z,0,,,0.0,SUPPRESSED,Hipermercado Carrefour
941da9b2-93b6-40b8-8de8-c9e27ad03e10,2026-07-28,BANNER_PROVINCE,10,1,AR-L,0,,,0.0,SUPPRESSED,Hipermercado Carrefour
941da9b2-93b6-40b8-8de8-c9e27ad03e10,2026-07-28,BANNER_PROVINCE,12,1,AR-S,0,,,0.0,SUPPRESSED,COTO
941da9b2-93b6-40b8-8de8-c9e27ad03e10,2026-07-28,BANNER_PROVINCE,10,1,AR-Q,0,,,0.0,SUPPRESSED,Hipermercado Carrefour
941da9b2-93b6-40b8-8de8-c9e27ad03e10,2026-07-28,BANNER_PROVINCE,12,1,AR-Q,0,,,0.0,SUPPRESSED,COTO
941da9b2-93b6-40b8-8de8-c9e27ad03e10,2026-07-28,BANNER_PROVINCE,11,2,AR-E,0,,,2.0,SUPPRESSED,Changomas
941da9b2-93b6-40b8-8de8-c9e27ad03e10,2026-07-28,BANNER_PROVINCE,11,2,AR-W,0,,,4.0,SUPPRESSED,Changomas
941da9b2-93b6-40b8-8de8-c9e27ad03e10,2026-07-28,BANNER_PROVINCE,9,1,AR-J,0,,,0.0,SUPPRESSED,Vea
941da9b2-93b6-40b8-8de8-c9e27ad03e10,2026-07-28,BANNER_PROVINCE,9,1,AR-C,0,,,0.0,SUPPRESSED,Vea
941da9b2-93b6-40b8-8de8-c9e27ad03e10,2026-07-28,BANNER_PROVINCE,9,1,AR-F,0,,,0.0,SUPPRESSED,Vea
941da9b2-93b6-40b8-8de8-c9e27ad03e10,2026-07-28,BANNER_PROVINCE,13,1,AR-X,0,,,0.0,SUPPRESSED,Cooperativa Obrera
941da9b2-93b6-40b8-8de8-c9e27ad03e10,2026-07-28,BANNER_PROVINCE,9,1,AR-H,0,,,0.0,SUPPRESSED,Vea
941da9b2-93b6-40b8-8de8-c9e27ad03e10,2026-07-28,BANNER_PROVINCE,9,2,AR-S,0,,,2.0,SUPPRESSED,Disco
941da9b2-93b6-40b8-8de8-c9e27ad03e10,2026-07-28,BANNER_PROVINCE,12,1,AR-E,0,,,0.0,SUPPRESSED,COTO
941da9b2-93b6-40b8-8de8-c9e27ad03e10,2026-07-28,BANNER_PROVINCE,10,2,AR-E,0,,,0.0,SUPPRESSED,Market
941da9b2-93b6-40b8-8de8-c9e27ad03e10,2026-07-28,BANNER_PROVINCE,10,2,AR-X,0,,,0.0,SUPPRESSED,Market
941da9b2-93b6-40b8-8de8-c9e27ad03e10,2026-07-28,BANNER_PROVINCE,10,4,AR-K,0,,,3.0,SUPPRESSED,Maxi
941da9b2-93b6-40b8-8de8-c9e27ad03e10,2026-07-28,BANNER_PROVINCE,10,2,AR-W,0,,,0.0,SUPPRESSED,Market
941da9b2-93b6-40b8-8de8-c9e27ad03e10,2026-07-28,BANNER_PROVINCE,10,4,AR-A,0,,,5.0,SUPPRESSED,Maxi
941da9b2-93b6-40b8-8de8-c9e27ad03e10,2026-07-28,BANNER_PROVINCE,11,5,AR-C,0,,,0.0,SUPPRESSED,HiperChangomas
941da9b2-93b6-40b8-8de8-c9e27ad03e10,2026-07-28,BANNER_PROVINCE,11,4,AR-B,0,,,3.0,SUPPRESSED,SuperChangomas
941da9b2-93b6-40b8-8de8-c9e27ad03e10,2026-07-28,BANNER_PROVINCE,9,1,AR-A,0,,,0.0,DIRECTIONAL,Vea
941da9b2-93b6-40b8-8de8-c9e27ad03e10,2026-07-28,BANNER_PROVINCE,9,1,AR-D,0,,,3.0,SUPPRESSED,Vea
941da9b2-93b6-40b8-8de8-c9e27ad03e10,2026-07-28,BANNER_PROVINCE,9,1,AR-K,0,,,0.0,SUPPRESSED,Vea
941da9b2-93b6-40b8-8de8-c9e27ad03e10,2026-07-28,BANNER_PROVINCE,12,1,AR-M,0,,,0.0,SUPPRESSED,COTO
941da9b2-93b6-40b8-8de8-c9e27ad03e10,2026-07-28,BANNER_PROVINCE,2,1,AR-X,0,,,6.0,SUPPRESSED,La Anonima
941da9b2-93b6-40b8-8de8-c9e27ad03e10,2026-07-28,BANNER_PROVINCE,10,4,AR-H,0,,,3.0,SUPPRESSED,Maxi
941da9b2-93b6-40b8-8de8-c9e27ad03e10,2026-07-28,BANNER_PROVINCE,10,2,AR-M,0,,,0.0,SUPPRESSED,Market
941da9b2-93b6-40b8-8de8-c9e27ad03e10,2026-07-28,BANNER_PROVINCE,10,4,AR-C,0,,,20.0,DIRECTIONAL,Maxi
941da9b2-93b6-40b8-8de8-c9e27ad03e10,2026-07-28,BANNER_PROVINCE,10,2,AR-U,0,,,0.0,SUPPRESSED,Market
941da9b2-93b6-40b8-8de8-c9e27ad03e10,2026-07-28,BANNER_PROVINCE,10,2,AR-Z,0,,,0.0,SUPPRESSED,Market
941da9b2-93b6-40b8-8de8-c9e27ad03e10,2026-07-28,BANNER_PROVINCE,10,2,AR-T,0,,,0.0,SUPPRESSED,Market
941da9b2-93b6-40b8-8de8-c9e27ad03e10,2026-07-28,BANNER_PROVINCE,10,2,AR-L,0,,,0.0,SUPPRESSED,Market
941da9b2-93b6-40b8-8de8-c9e27ad03e10,2026-07-28,BANNER_PROVINCE,11,5,AR-D,0,,,2.0,SUPPRESSED,HiperChangomas
941da9b2-93b6-40b8-8de8-c9e27ad03e10,2026-07-28,BANNER_PROVINCE,47,1,AR-B,0,,,15.0,SUPPRESSED,Sup. Unicoop
941da9b2-93b6-40b8-8de8-c9e27ad03e10,2026-07-28,BANNER_PROVINCE,11,2,AR-L,0,,,6.0,SUPPRESSED,Changomas
941da9b2-93b6-40b8-8de8-c9e27ad03e10,2026-07-28,BANNER_PROVINCE,11,2,AR-U,0,,,4.0,SUPPRESSED,Changomas
941da9b2-93b6-40b8-8de8-c9e27ad03e10,2026-07-28,BANNER_PROVINCE,9,1,AR-G,0,,,0.0,SUPPRESSED,Vea
941da9b2-93b6-40b8-8de8-c9e27ad03e10,2026-07-28,BANNER_PROVINCE,9,1,AR-E,0,,,0.0,SUPPRESSED,Vea
941da9b2-93b6-40b8-8de8-c9e27ad03e10,2026-07-28,BANNER_PROVINCE,9,1,AR-W,0,,,0.0,SUPPRESSED,Vea
941da9b2-93b6-40b8-8de8-c9e27ad03e10,2026-07-28,BANNER_PROVINCE,11,2,AR-T,0,,,8.0,SUPPRESSED,Changomas
941da9b2-93b6-40b8-8de8-c9e27ad03e10,2026-07-28,BANNER_PROVINCE,11,2,AR-B,0,,,4.0,DIRECTIONAL,Changomas
941da9b2-93b6-40b8-8de8-c9e27ad03e10,2026-07-28,BANNER_PROVINCE,10,4,AR-M,0,,,3.0,SUPPRESSED,Maxi
941da9b2-93b6-40b8-8de8-c9e27ad03e10,2026-07-28,BANNER_PROVINCE,10,4,AR-B,0,,,21.0,DIRECTIONAL,Maxi
941da9b2-93b6-40b8-8de8-c9e27ad03e10,2026-07-28,BANNER_PROVINCE,10,2,AR-F,0,,,0.0,SUPPRESSED,Market
941da9b2-93b6-40b8-8de8-c9e27ad03e10,2026-07-28,BANNER_PROVINCE,11,5,AR-X,0,,,8.0,SUPPRESSED,HiperChangomas
941da9b2-93b6-40b8-8de8-c9e27ad03e10,2026-07-28,BANNER_PROVINCE,11,5,AR-W,0,,,2.0,SUPPRESSED,HiperChangomas
941da9b2-93b6-40b8-8de8-c9e27ad03e10,2026-07-28,BANNER_PROVINCE,11,5,AR-E,0,,,2.0,SUPPRESSED,HiperChangomas
941da9b2-93b6-40b8-8de8-c9e27ad03e10,2026-07-28,BANNER_PROVINCE,6,1,AR-T,0,,,0.0,SUPPRESSED,Supermercados Comodin
941da9b2-93b6-40b8-8de8-c9e27ad03e10,2026-07-28,BANNER_PROVINCE,5,1,AR-N,0,,,0.0,SUPPRESSED,California Supermercados
941da9b2-93b6-40b8-8de8-c9e27ad03e10,2026-07-28,BANNER_PROVINCE,11,5,AR-Q,0,,,2.0,SUPPRESSED,HiperChangomas
941da9b2-93b6-40b8-8de8-c9e27ad03e10,2026-07-28,BANNER_PROVINCE,11,5,AR-S,0,,,2.0,SUPPRESSED,HiperChangomas
941da9b2-93b6-40b8-8de8-c9e27ad03e10,2026-07-28,BANNER_PROVINCE,15,1,Buenos Aires,0,,,0.0,INVALID_GEOGRAPHY,DIA
941da9b2-93b6-40b8-8de8-c9e27ad03e10,2026-07-28,BANNER_PROVINCE,11,2,AR-M,0,,,4.0,SUPPRESSED,Changomas
941da9b2-93b6-40b8-8de8-c9e27ad03e10,2026-07-28,BANNER_PROVINCE,10,2,AR-K,0,,,0.0,SUPPRESSED,Market
941da9b2-93b6-40b8-8de8-c9e27ad03e10,2026-07-28,BANNER_PROVINCE,6,2,AR-A,0,,,0.0,SUPPRESSED,Maxi Comodin
941da9b2-93b6-40b8-8de8-c9e27ad03e10,2026-07-28,BANNER_PROVINCE,10,3,,0,,,0.0,INVALID_GEOGRAPHY,Express
941da9b2-93b6-40b8-8de8-c9e27ad03e10,2026-07-28,BANNER_PROVINCE,10,4,AR-E,0,,,2.0,SUPPRESSED,Maxi
941da9b2-93b6-40b8-8de8-c9e27ad03e10,2026-07-28,BANNER_PROVINCE,11,5,AR-T,0,,,2.0,SUPPRESSED,HiperChangomas
941da9b2-93b6-40b8-8de8-c9e27ad03e10,2026-07-28,BANNER_PROVINCE,10,1,AR-J,0,,,0.0,SUPPRESSED,Hipermercado Carrefour
941da9b2-93b6-40b8-8de8-c9e27ad03e10,2026-07-28,BANNER_PROVINCE,6,1,AR-Y,0,,,0.0,DIRECTIONAL,Supermercados Comodin
941da9b2-93b6-40b8-8de8-c9e27ad03e10,2026-07-28,BANNER_PROVINCE,10,1,AR-H,0,,,0.0,SUPPRESSED,Hipermercado Carrefour
941da9b2-93b6-40b8-8de8-c9e27ad03e10,2026-07-28,BANNER_PROVINCE,10,1,AR-C,0,,,0.0,SUPPRESSED,Hipermercado Carrefour
941da9b2-93b6-40b8-8de8-c9e27ad03e10,2026-07-28,BANNER_PROVINCE,10,1,AR-V,0,,,0.0,SUPPRESSED,Hipermercado Carrefour
941da9b2-93b6-40b8-8de8-c9e27ad03e10,2026-07-28,BANNER_PROVINCE,9,1,AR-S,0,,,0.0,SUPPRESSED,Vea
941da9b2-93b6-40b8-8de8-c9e27ad03e10,2026-07-28,BANNER_PROVINCE,9,1,AR-T,0,,,0.0,DIRECTIONAL,Vea
941da9b2-93b6-40b8-8de8-c9e27ad03e10,2026-07-28,BANNER_PROVINCE,9,1,AR-R,0,,,0.0,SUPPRESSED,Vea
941da9b2-93b6-40b8-8de8-c9e27ad03e10,2026-07-28,BANNER_PROVINCE,9,1,AR-Q,0,,,0.0,SUPPRESSED,Vea
941da9b2-93b6-40b8-8de8-c9e27ad03e10,2026-07-28,BANNER_PROVINCE,9,1,AR-U,0,,,0.0,SUPPRESSED,Vea
941da9b2-93b6-40b8-8de8-c9e27ad03e10,2026-07-28,BANNER_PROVINCE,9,3,AR-X,0,,,0.0,SUPPRESSED,Jumbo
941da9b2-93b6-40b8-8de8-c9e27ad03e10,2026-07-28,BANNER_PROVINCE,11,2,AR-F,0,,,2.0,SUPPRESSED,Changomas
941da9b2-93b6-40b8-8de8-c9e27ad03e10,2026-07-28,BANNER_PROVINCE,11,4,,0,,,0.0,INVALID_GEOGRAPHY,SuperChangomas
941da9b2-93b6-40b8-8de8-c9e27ad03e10,2026-07-28,BANNER_PROVINCE,10,3,AR-M,0,,,0.0,DIRECTIONAL,Express
941da9b2-93b6-40b8-8de8-c9e27ad03e10,2026-07-28,BANNER_PROVINCE,6,1,AR-A,0,,,0.0,SUPPRESSED,Supermercados Comodin
941da9b2-93b6-40b8-8de8-c9e27ad03e10,2026-07-28,BANNER_PROVINCE,6,2,AR-Y,0,,,0.0,SUPPRESSED,Maxi Comodin
941da9b2-93b6-40b8-8de8-c9e27ad03e10,2026-07-28,BANNER_PROVINCE,15,1,AR-X,0,,,0.0,SUPPRESSED,DIA
941da9b2-93b6-40b8-8de8-c9e27ad03e10,2026-07-28,BANNER_PROVINCE,11,2,AR-N,0,,,4.0,SUPPRESSED,Changomas
941da9b2-93b6-40b8-8de8-c9e27ad03e10,2026-07-28,BANNER_PROVINCE,10,2,AR-P,0,,,0.0,SUPPRESSED,Market
941da9b2-93b6-40b8-8de8-c9e27ad03e10,2026-07-28,BANNER_PROVINCE,8,1,AR-X,0,,,11.0,DIRECTIONAL,Mariano Max
941da9b2-93b6-40b8-8de8-c9e27ad03e10,2026-07-28,BANNER_PROVINCE,11,2,AR-Y,0,,,4.0,SUPPRESSED,Changomas
941da9b2-93b6-40b8-8de8-c9e27ad03e10,2026-07-28,BANNER_PROVINCE,15,1,AR-W,0,,,0.0,DIRECTIONAL,DIA
941da9b2-93b6-40b8-8de8-c9e27ad03e10,2026-07-28,BANNER_PROVINCE,11,5,AR-B,0,,,6.0,DIRECTIONAL,HiperChangomas
941da9b2-93b6-40b8-8de8-c9e27ad03e10,2026-07-28,BANNER_PROVINCE,11,5,AR-U,0,,,4.0,SUPPRESSED,HiperChangomas
941da9b2-93b6-40b8-8de8-c9e27ad03e10,2026-07-28,BANNER_PROVINCE,11,4,AR-C,0,,,0.0,SUPPRESSED,SuperChangomas
941da9b2-93b6-40b8-8de8-c9e27ad03e10,2026-07-28,BANNER_PROVINCE,11,2,,0,,,2.0,INVALID_GEOGRAPHY,Changomas
941da9b2-93b6-40b8-8de8-c9e27ad03e10,2026-07-28,BANNER_PROVINCE,2,1,AR-W,0,,,0.0,SUPPRESSED,La Anonima
941da9b2-93b6-40b8-8de8-c9e27ad03e10,2026-07-28,BANNER_PROVINCE,11,2,AR-Q,0,,,2.0,SUPPRESSED,Changomas
941da9b2-93b6-40b8-8de8-c9e27ad03e10,2026-07-28,BANNER_PROVINCE,3,1,AR-B,0,,,0.0,SUPPRESSED,DEHEZA S.A.I.C.F. e I.
941da9b2-93b6-40b8-8de8-c9e27ad03e10,2026-07-28,BANNER_PROVINCE,11,5,AR-J,0,,,2.0,SUPPRESSED,HiperChangomas
941da9b2-93b6-40b8-8de8-c9e27ad03e10,2026-07-28,BANNER_PROVINCE,11,2,AR-G,0,,,4.0,SUPPRESSED,Changomas
941da9b2-93b6-40b8-8de8-c9e27ad03e10,2026-07-28,BANNER_PROVINCE,11,5,AR-H,0,,,2.0,SUPPRESSED,HiperChangomas
941da9b2-93b6-40b8-8de8-c9e27ad03e10,2026-07-28,BANNER_PROVINCE,3,1,AR-C,0,,,0.0,SUPPRESSED,DEHEZA S.A.I.C.F. e I.
941da9b2-93b6-40b8-8de8-c9e27ad03e10,2026-07-28,BANNER_PROVINCE,4,1,AR-C,0,,,0.0,SUPPRESSED,ESTACION LIMA S.A.
941da9b2-93b6-40b8-8de8-c9e27ad03e10,2026-07-28,BANNER_PROVINCE,2,1,AR-A,0,,,1.0,SUPPRESSED,La Anonima
941da9b2-93b6-40b8-8de8-c9e27ad03e10,2026-07-28,NATIONAL,,,,585,0.1129781118726509,0.11263440860215054,410.0,PUBLISHABLE,
941da9b2-93b6-40b8-8de8-c9e27ad03e10,2026-07-28,PROVINCE,,,AR-X,571,0.12787504291108823,0.12787504291108823,31.0,PUBLISHABLE,
941da9b2-93b6-40b8-8de8-c9e27ad03e10,2026-07-28,PROVINCE,,,AR-S,575,0.11826245167159427,0.11826245167159427,6.0,PUBLISHABLE,
941da9b2-93b6-40b8-8de8-c9e27ad03e10,2026-07-28,PROVINCE,,,AR-U,559,0.11622222222222223,0.11551170261587884,37.0,PUBLISHABLE,
941da9b2-93b6-40b8-8de8-c9e27ad03e10,2026-07-28,PROVINCE,,,AR-Y,57,0.10715649207502556,0.10715649207502556,4.0,DIRECTIONAL,
941da9b2-93b6-40b8-8de8-c9e27ad03e10,2026-07-28,PROVINCE,,,AR-J,257,0.10433531210649398,0.10433531210649398,12.0,PUBLISHABLE,
941da9b2-93b6-40b8-8de8-c9e27ad03e10,2026-07-28,PROVINCE,,,AR-R,572,0.09444187109419046,0.09425956838491698,41.0,PUBLISHABLE,
941da9b2-93b6-40b8-8de8-c9e27ad03e10,2026-07-28,PROVINCE,,,AR-A,582,0.08920693826349273,0.08902499256932028,32.0,PUBLISHABLE,
941da9b2-93b6-40b8-8de8-c9e27ad03e10,2026-07-28,PROVINCE,,,AR-L,197,0.08475728155339805,0.08475728155339805,9.0,PUBLISHABLE,
941da9b2-93b6-40b8-8de8-c9e27ad03e10,2026-07-28,PROVINCE,,,AR-Q,567,0.0846468184471687,0.08453571428571428,35.0,PUBLISHABLE,
941da9b2-93b6-40b8-8de8-c9e27ad03e10,2026-07-28,PROVINCE,,,AR-T,391,0.08278560250391237,0.08278560250391237,10.0,PUBLISHABLE,
941da9b2-93b6-40b8-8de8-c9e27ad03e10,2026-07-28,PROVINCE,,,AR-B,585,0.07384524860253015,0.0736766809728183,72.0,PUBLISHABLE,
941da9b2-93b6-40b8-8de8-c9e27ad03e10,2026-07-28,PROVINCE,,,AR-M,533,0.060238095238095236,0.060238095238095236,13.0,PUBLISHABLE,
941da9b2-93b6-40b8-8de8-c9e27ad03e10,2026-07-28,PROVINCE,,,AR-C,585,0.049926578560939794,0.049926578560939794,20.0,PUBLISHABLE,
941da9b2-93b6-40b8-8de8-c9e27ad03e10,2026-07-28,PROVINCE,,,AR-Z,366,0.04517625231910946,0.04517625231910946,34.0,PUBLISHABLE,
941da9b2-93b6-40b8-8de8-c9e27ad03e10,2026-07-28,PROVINCE,,,AR-W,554,0.040900550696469064,0.040900550696469064,6.0,PUBLISHABLE,
941da9b2-93b6-40b8-8de8-c9e27ad03e10,2026-07-28,PROVINCE,,,AR-E,582,0.026110107635385134,0.026110107635385134,6.0,PUBLISHABLE,
941da9b2-93b6-40b8-8de8-c9e27ad03e10,2026-07-28,PROVINCE,,,AR-D,0,,,7.0,SUPPRESSED,
941da9b2-93b6-40b8-8de8-c9e27ad03e10,2026-07-28,PROVINCE,,,,0,,,2.0,INVALID_GEOGRAPHY,
941da9b2-93b6-40b8-8de8-c9e27ad03e10,2026-07-28,PROVINCE,,,AR-P,0,,,6.0,SUPPRESSED,
941da9b2-93b6-40b8-8de8-c9e27ad03e10,2026-07-28,PROVINCE,,,AR-G,0,,,4.0,SUPPRESSED,
941da9b2-93b6-40b8-8de8-c9e27ad03e10,2026-07-28,PROVINCE,,,Buenos Aires,0,,,0.0,INVALID_GEOGRAPHY,
941da9b2-93b6-40b8-8de8-c9e27ad03e10,2026-07-28,PROVINCE,,,AR-H,0,,,5.0,SUPPRESSED,
941da9b2-93b6-40b8-8de8-c9e27ad03e10,2026-07-28,PROVINCE,,,AR-F,0,,,2.0,SUPPRESSED,
941da9b2-93b6-40b8-8de8-c9e27ad03e10,2026-07-28,PROVINCE,,,AR-K,0,,,5.0,SUPPRESSED,
941da9b2-93b6-40b8-8de8-c9e27ad03e10,2026-07-28,PROVINCE,,,AR-N,0,,,4.0,DIRECTIONAL,
941da9b2-93b6-40b8-8de8-c9e27ad03e10,2026-07-28,PROVINCE,,,AR-V,0,,,7.0,DIRECTIONAL,
941da9b2-93b6-40b8-8de8-c9e27ad03e10,2026-07-29,BANNER,11,2,,638,0.12975449421154656,0.12975449421154656,86.0,PUBLISHABLE,Changomas
941da9b2-93b6-40b8-8de8-c9e27ad03e10,2026-07-29,BANNER,10,1,,635,0.10186046511627907,0.10186046511627907,0.0,PUBLISHABLE,Hipermercado Carrefour
941da9b2-93b6-40b8-8de8-c9e27ad03e10,2026-07-29,BANNER,2,1,,629,0.10067114093959731,0.10037174721189591,145.0,PUBLISHABLE,La Anonima
941da9b2-93b6-40b8-8de8-c9e27ad03e10,2026-07-29,BANNER,21,1,,155,0.1,0.1,17.0,PUBLISHABLE,Toledo
941da9b2-93b6-40b8-8de8-c9e27ad03e10,2026-07-29,BANNER,13,1,,590,0.07992580281865548,0.07992580281865548,3.0,PUBLISHABLE,Cooperativa Obrera
941da9b2-93b6-40b8-8de8-c9e27ad03e10,2026-07-29,BANNER,10,2,,604,0.07658041098296353,0.07658041098296353,0.0,PUBLISHABLE,Market
941da9b2-93b6-40b8-8de8-c9e27ad03e10,2026-07-29,BANNER,3,1,,19,0.056179775280898875,0.056179775280898875,0.0,SUPPRESSED,DEHEZA S.A.I.C.F. e I.
941da9b2-93b6-40b8-8de8-c9e27ad03e10,2026-07-29,BANNER,9,2,,592,0.05263157894736842,0.05263157894736842,2.0,PUBLISHABLE,Disco
941da9b2-93b6-40b8-8de8-c9e27ad03e10,2026-07-29,BANNER,9,1,,610,0.049723093441835495,0.049723093441835495,3.0,PUBLISHABLE,Vea
941da9b2-93b6-40b8-8de8-c9e27ad03e10,2026-07-29,BANNER,11,5,,638,0.04907767811812489,0.04907767811812489,40.0,PUBLISHABLE,HiperChangomas
941da9b2-93b6-40b8-8de8-c9e27ad03e10,2026-07-29,BANNER,10,3,,440,0.044970623584235474,0.044970623584235474,0.0,PUBLISHABLE,Express
941da9b2-93b6-40b8-8de8-c9e27ad03e10,2026-07-29,BANNER,9,3,,584,0.025723738626964435,0.025723738626964435,0.0,PUBLISHABLE,Jumbo
941da9b2-93b6-40b8-8de8-c9e27ad03e10,2026-07-29,BANNER,10,4,,526,0.0,0.0,53.0,PUBLISHABLE,Maxi
941da9b2-93b6-40b8-8de8-c9e27ad03e10,2026-07-29,BANNER,6,1,,64,0.0,0.0,0.0,DIRECTIONAL,Supermercados Comodin
941da9b2-93b6-40b8-8de8-c9e27ad03e10,2026-07-29,BANNER,12,1,,639,0.0,0.0,0.0,PUBLISHABLE,COTO
941da9b2-93b6-40b8-8de8-c9e27ad03e10,2026-07-29,BANNER,15,1,,640,0.0,0.0,24.0,PUBLISHABLE,DIA
941da9b2-93b6-40b8-8de8-c9e27ad03e10,2026-07-29,BANNER,20,1,,0,,,0.0,SUPPRESSED,LA AGRICOLA REGIONAL COOPERATIVA LIMITADA
941da9b2-93b6-40b8-8de8-c9e27ad03e10,2026-07-29,BANNER,16,1,,0,,,0.0,SUPPRESSED,Hipermercado Libertad
941da9b2-93b6-40b8-8de8-c9e27ad03e10,2026-07-29,BANNER,6,2,,0,,,0.0,SUPPRESSED,Maxi Comodin
941da9b2-93b6-40b8-8de8-c9e27ad03e10,2026-07-29,BANNER,8,1,,0,,,11.0,DIRECTIONAL,Mariano Max
941da9b2-93b6-40b8-8de8-c9e27ad03e10,2026-07-29,BANNER,11,4,,0,,,3.0,SUPPRESSED,SuperChangomas
941da9b2-93b6-40b8-8de8-c9e27ad03e10,2026-07-29,BANNER,5,1,,0,,,0.0,SUPPRESSED,California Supermercados
941da9b2-93b6-40b8-8de8-c9e27ad03e10,2026-07-29,BANNER,4,1,,0,,,0.0,SUPPRESSED,ESTACION LIMA S.A.
941da9b2-93b6-40b8-8de8-c9e27ad03e10,2026-07-29,BANNER,47,1,,0,,,15.0,SUPPRESSED,Sup. Unicoop
941da9b2-93b6-40b8-8de8-c9e27ad03e10,2026-07-29,BANNER_PROVINCE,21,1,AR-B,155,0.1,0.1,17.0,PUBLISHABLE,Toledo
941da9b2-93b6-40b8-8de8-c9e27ad03e10,2026-07-29,BANNER_PROVINCE,10,2,AR-B,526,0.06976957061516315,0.06976957061516315,0.0,PUBLISHABLE,Market
941da9b2-93b6-40b8-8de8-c9e27ad03e10,2026-07-29,BANNER_PROVINCE,13,1,AR-B,582,0.06000473918140839,0.06000473918140839,3.0,PUBLISHABLE,Cooperativa Obrera
941da9b2-93b6-40b8-8de8-c9e27ad03e10,2026-07-29,BANNER_PROVINCE,2,1,AR-Z,528,0.041666666666666664,0.041666666666666664,36.0,PUBLISHABLE,La Anonima
941da9b2-93b6-40b8-8de8-c9e27ad03e10,2026-07-29,BANNER_PROVINCE,2,1,AR-R,559,0.041666666666666664,0.041666666666666664,33.0,PUBLISHABLE,La Anonima
941da9b2-93b6-40b8-8de8-c9e27ad03e10,2026-07-29,BANNER_PROVINCE,2,1,AR-U,487,0.04,0.04,29.0,PUBLISHABLE,La Anonima
941da9b2-93b6-40b8-8de8-c9e27ad03e10,2026-07-29,BANNER_PROVINCE,9,2,AR-B,451,0.038461538461538464,0.038461538461538464,0.0,PUBLISHABLE,Disco
941da9b2-93b6-40b8-8de8-c9e27ad03e10,2026-07-29,BANNER_PROVINCE,2,1,AR-Q,533,0.037795259842519684,0.03759398496240601,32.0,PUBLISHABLE,La Anonima
941da9b2-93b6-40b8-8de8-c9e27ad03e10,2026-07-29,BANNER_PROVINCE,15,1,AR-A,631,0.033868501529051985,0.033868501529051985,18.0,PUBLISHABLE,DIA
941da9b2-93b6-40b8-8de8-c9e27ad03e10,2026-07-29,BANNER_PROVINCE,13,1,AR-R,440,0.0283533486154357,0.0283533486154357,0.0,PUBLISHABLE,Cooperativa Obrera
941da9b2-93b6-40b8-8de8-c9e27ad03e10,2026-07-29,BANNER_PROVINCE,9,1,AR-B,465,0.027932960893854747,0.027932960893854747,0.0,PUBLISHABLE,Vea
941da9b2-93b6-40b8-8de8-c9e27ad03e10,2026-07-29,BANNER_PROVINCE,13,1,AR-Q,408,0.02751757303644006,0.02751757303644006,0.0,PUBLISHABLE,Cooperativa Obrera
941da9b2-93b6-40b8-8de8-c9e27ad03e10,2026-07-29,BANNER_PROVINCE,9,2,AR-C,420,0.020833333333333332,0.020833333333333332,0.0,PUBLISHABLE,Disco
941da9b2-93b6-40b8-8de8-c9e27ad03e10,2026-07-29,BANNER_PROVINCE,15,1,AR-C,640,0.019897814156930538,0.019897814156930538,0.0,PUBLISHABLE,DIA
941da9b2-93b6-40b8-8de8-c9e27ad03e10,2026-07-29,BANNER_PROVINCE,10,3,AR-C,438,0.019233411545860023,0.019233411545860023,0.0,PUBLISHABLE,Express
941da9b2-93b6-40b8-8de8-c9e27ad03e10,2026-07-29,BANNER_PROVINCE,12,1,AR-B,630,0.0,0.0,0.0,PUBLISHABLE,COTO
941da9b2-93b6-40b8-8de8-c9e27ad03e10,2026-07-29,BANNER_PROVINCE,9,1,AR-X,186,0.0,0.0,0.0,PUBLISHABLE,Vea
941da9b2-93b6-40b8-8de8-c9e27ad03e10,2026-07-29,BANNER_PROVINCE,15,1,AR-E,640,0.0,0.0,0.0,PUBLISHABLE,DIA
941da9b2-93b6-40b8-8de8-c9e27ad03e10,2026-07-29,BANNER_PROVINCE,10,2,AR-C,527,0.0,0.0,0.0,PUBLISHABLE,Market
941da9b2-93b6-40b8-8de8-c9e27ad03e10,2026-07-29,BANNER_PROVINCE,12,1,AR-C,615,0.0,0.0,0.0,PUBLISHABLE,COTO
941da9b2-93b6-40b8-8de8-c9e27ad03e10,2026-07-29,BANNER_PROVINCE,9,1,AR-M,503,0.0,0.0,0.0,PUBLISHABLE,Vea
941da9b2-93b6-40b8-8de8-c9e27ad03e10,2026-07-29,BANNER_PROVINCE,10,3,AR-X,379,0.0,0.0,0.0,PUBLISHABLE,Express
941da9b2-93b6-40b8-8de8-c9e27ad03e10,2026-07-29,BANNER_PROVINCE,9,2,AR-X,303,0.0,0.0,0.0,PUBLISHABLE,Disco
941da9b2-93b6-40b8-8de8-c9e27ad03e10,2026-07-29,BANNER_PROVINCE,10,3,AR-B,428,0.0,0.0,0.0,PUBLISHABLE,Express
941da9b2-93b6-40b8-8de8-c9e27ad03e10,2026-07-29,BANNER_PROVINCE,2,1,AR-B,436,0.0,0.0,5.0,PUBLISHABLE,La Anonima
941da9b2-93b6-40b8-8de8-c9e27ad03e10,2026-07-29,BANNER_PROVINCE,10,1,AR-B,621,0.0,0.0,0.0,PUBLISHABLE,Hipermercado Carrefour
941da9b2-93b6-40b8-8de8-c9e27ad03e10,2026-07-29,BANNER_PROVINCE,15,1,AR-B,640,0.0,0.0,0.0,PUBLISHABLE,DIA
941da9b2-93b6-40b8-8de8-c9e27ad03e10,2026-07-29,BANNER_PROVINCE,10,1,AR-M,0,,,0.0,SUPPRESSED,Hipermercado Carrefour
941da9b2-93b6-40b8-8de8-c9e27ad03e10,2026-07-29,BANNER_PROVINCE,10,2,AR-Z,0,,,0.0,SUPPRESSED,Market
941da9b2-93b6-40b8-8de8-c9e27ad03e10,2026-07-29,BANNER_PROVINCE,15,1,AR-S,0,,,0.0,SUPPRESSED,DIA
941da9b2-93b6-40b8-8de8-c9e27ad03e10,2026-07-29,BANNER_PROVINCE,10,1,AR-T,0,,,0.0,SUPPRESSED,Hipermercado Carrefour
941da9b2-93b6-40b8-8de8-c9e27ad03e10,2026-07-29,BANNER_PROVINCE,10,1,AR-U,0,,,0.0,SUPPRESSED,Hipermercado Carrefour
941da9b2-93b6-40b8-8de8-c9e27ad03e10,2026-07-29,BANNER_PROVINCE,10,1,AR-S,0,,,0.0,SUPPRESSED,Hipermercado Carrefour
941da9b2-93b6-40b8-8de8-c9e27ad03e10,2026-07-29,BANNER_PROVINCE,10,1,AR-Q,0,,,0.0,SUPPRESSED,Hipermercado Carrefour
941da9b2-93b6-40b8-8de8-c9e27ad03e10,2026-07-29,BANNER_PROVINCE,10,1,AR-K,0,,,0.0,SUPPRESSED,Hipermercado Carrefour
941da9b2-93b6-40b8-8de8-c9e27ad03e10,2026-07-29,BANNER_PROVINCE,11,2,AR-W,0,,,4.0,SUPPRESSED,Changomas
941da9b2-93b6-40b8-8de8-c9e27ad03e10,2026-07-29,BANNER_PROVINCE,11,2,AR-X,0,,,6.0,SUPPRESSED,Changomas
941da9b2-93b6-40b8-8de8-c9e27ad03e10,2026-07-29,BANNER_PROVINCE,9,3,AR-A,0,,,0.0,SUPPRESSED,Jumbo
941da9b2-93b6-40b8-8de8-c9e27ad03e10,2026-07-29,BANNER_PROVINCE,10,1,AR-Z,0,,,0.0,SUPPRESSED,Hipermercado Carrefour
941da9b2-93b6-40b8-8de8-c9e27ad03e10,2026-07-29,BANNER_PROVINCE,11,2,AR-J,0,,,4.0,SUPPRESSED,Changomas
941da9b2-93b6-40b8-8de8-c9e27ad03e10,2026-07-29,BANNER_PROVINCE,11,2,AR-Y,0,,,4.0,SUPPRESSED,Changomas
941da9b2-93b6-40b8-8de8-c9e27ad03e10,2026-07-29,BANNER_PROVINCE,11,2,AR-N,0,,,4.0,SUPPRESSED,Changomas
941da9b2-93b6-40b8-8de8-c9e27ad03e10,2026-07-29,BANNER_PROVINCE,2,1,AR-A,0,,,1.0,SUPPRESSED,La Anonima
941da9b2-93b6-40b8-8de8-c9e27ad03e10,2026-07-29,BANNER_PROVINCE,11,2,AR-F,0,,,2.0,SUPPRESSED,Changomas
941da9b2-93b6-40b8-8de8-c9e27ad03e10,2026-07-29,BANNER_PROVINCE,15,1,AR-J,0,,,6.0,SUPPRESSED,DIA
941da9b2-93b6-40b8-8de8-c9e27ad03e10,2026-07-29,BANNER_PROVINCE,10,1,AR-C,0,,,0.0,SUPPRESSED,Hipermercado Carrefour
941da9b2-93b6-40b8-8de8-c9e27ad03e10,2026-07-29,BANNER_PROVINCE,10,1,AR-V,0,,,0.0,SUPPRESSED,Hipermercado Carrefour
941da9b2-93b6-40b8-8de8-c9e27ad03e10,2026-07-29,BANNER_PROVINCE,10,1,AR-J,0,,,0.0,SUPPRESSED,Hipermercado Carrefour
941da9b2-93b6-40b8-8de8-c9e27ad03e10,2026-07-29,BANNER_PROVINCE,11,2,AR-T,0,,,8.0,SUPPRESSED,Changomas
941da9b2-93b6-40b8-8de8-c9e27ad03e10,2026-07-29,BANNER_PROVINCE,11,2,AR-R,0,,,8.0,SUPPRESSED,Changomas
941da9b2-93b6-40b8-8de8-c9e27ad03e10,2026-07-29,BANNER_PROVINCE,11,2,AR-B,0,,,4.0,DIRECTIONAL,Changomas
941da9b2-93b6-40b8-8de8-c9e27ad03e10,2026-07-29,BANNER_PROVINCE,9,3,AR-X,0,,,0.0,SUPPRESSED,Jumbo
941da9b2-93b6-40b8-8de8-c9e27ad03e10,2026-07-29,BANNER_PROVINCE,10,1,AR-H,0,,,0.0,SUPPRESSED,Hipermercado Carrefour
941da9b2-93b6-40b8-8de8-c9e27ad03e10,2026-07-29,BANNER_PROVINCE,11,2,AR-M,0,,,4.0,SUPPRESSED,Changomas
941da9b2-93b6-40b8-8de8-c9e27ad03e10,2026-07-29,BANNER_PROVINCE,11,2,,0,,,2.0,INVALID_GEOGRAPHY,Changomas
941da9b2-93b6-40b8-8de8-c9e27ad03e10,2026-07-29,BANNER_PROVINCE,2,1,AR-X,0,,,7.0,SUPPRESSED,La Anonima
941da9b2-93b6-40b8-8de8-c9e27ad03e10,2026-07-29,BANNER_PROVINCE,2,1,AR-W,0,,,0.0,SUPPRESSED,La Anonima
941da9b2-93b6-40b8-8de8-c9e27ad03e10,2026-07-29,BANNER_PROVINCE,11,2,AR-U,0,,,4.0,SUPPRESSED,Changomas
941da9b2-93b6-40b8-8de8-c9e27ad03e10,2026-07-29,BANNER_PROVINCE,11,2,AR-Q,0,,,2.0,SUPPRESSED,Changomas
941da9b2-93b6-40b8-8de8-c9e27ad03e10,2026-07-29,BANNER_PROVINCE,2,1,AR-G,0,,,0.0,SUPPRESSED,La Anonima
941da9b2-93b6-40b8-8de8-c9e27ad03e10,2026-07-29,BANNER_PROVINCE,11,2,AR-L,0,,,6.0,SUPPRESSED,Changomas
941da9b2-93b6-40b8-8de8-c9e27ad03e10,2026-07-29,BANNER_PROVINCE,10,1,AR-A,0,,,0.0,SUPPRESSED,Hipermercado Carrefour
941da9b2-93b6-40b8-8de8-c9e27ad03e10,2026-07-29,BANNER_PROVINCE,10,1,AR-D,0,,,0.0,SUPPRESSED,Hipermercado Carrefour
941da9b2-93b6-40b8-8de8-c9e27ad03e10,2026-07-29,BANNER_PROVINCE,16,1,AR-M,0,,,0.0,SUPPRESSED,Hipermercado Libertad
941da9b2-93b6-40b8-8de8-c9e27ad03e10,2026-07-29,BANNER_PROVINCE,11,5,AR-W,0,,,2.0,SUPPRESSED,HiperChangomas
941da9b2-93b6-40b8-8de8-c9e27ad03e10,2026-07-29,BANNER_PROVINCE,11,5,AR-E,0,,,2.0,SUPPRESSED,HiperChangomas
941da9b2-93b6-40b8-8de8-c9e27ad03e10,2026-07-29,BANNER_PROVINCE,6,1,AR-T,0,,,0.0,SUPPRESSED,Supermercados Comodin
941da9b2-93b6-40b8-8de8-c9e27ad03e10,2026-07-29,BANNER_PROVINCE,6,2,AR-A,0,,,0.0,SUPPRESSED,Maxi Comodin
941da9b2-93b6-40b8-8de8-c9e27ad03e10,2026-07-29,BANNER_PROVINCE,5,1,AR-N,0,,,0.0,SUPPRESSED,California Supermercados
941da9b2-93b6-40b8-8de8-c9e27ad03e10,2026-07-29,BANNER_PROVINCE,3,1,AR-B,0,,,0.0,SUPPRESSED,DEHEZA S.A.I.C.F. e I.
941da9b2-93b6-40b8-8de8-c9e27ad03e10,2026-07-29,BANNER_PROVINCE,9,3,AR-M,0,,,0.0,SUPPRESSED,Jumbo
941da9b2-93b6-40b8-8de8-c9e27ad03e10,2026-07-29,BANNER_PROVINCE,9,3,AR-B,0,,,0.0,DIRECTIONAL,Jumbo
941da9b2-93b6-40b8-8de8-c9e27ad03e10,2026-07-29,BANNER_PROVINCE,15,1,AR-W,0,,,0.0,DIRECTIONAL,DIA
941da9b2-93b6-40b8-8de8-c9e27ad03e10,2026-07-29,BANNER_PROVINCE,13,1,AR-S,0,,,0.0,SUPPRESSED,Cooperativa Obrera
941da9b2-93b6-40b8-8de8-c9e27ad03e10,2026-07-29,BANNER_PROVINCE,13,1,AR-L,0,,,0.0,SUPPRESSED,Cooperativa Obrera
941da9b2-93b6-40b8-8de8-c9e27ad03e10,2026-07-29,BANNER_PROVINCE,12,1,AR-E,0,,,0.0,SUPPRESSED,COTO
941da9b2-93b6-40b8-8de8-c9e27ad03e10,2026-07-29,BANNER_PROVINCE,10,1,AR-L,0,,,0.0,SUPPRESSED,Hipermercado Carrefour
941da9b2-93b6-40b8-8de8-c9e27ad03e10,2026-07-29,BANNER_PROVINCE,2,1,AR-H,0,,,0.0,SUPPRESSED,La Anonima
941da9b2-93b6-40b8-8de8-c9e27ad03e10,2026-07-29,BANNER_PROVINCE,10,4,AR-E,0,,,2.0,SUPPRESSED,Maxi
941da9b2-93b6-40b8-8de8-c9e27ad03e10,2026-07-29,BANNER_PROVINCE,10,2,AR-D,0,,,0.0,SUPPRESSED,Market
941da9b2-93b6-40b8-8de8-c9e27ad03e10,2026-07-29,BANNER_PROVINCE,10,2,AR-P,0,,,0.0,SUPPRESSED,Market
941da9b2-93b6-40b8-8de8-c9e27ad03e10,2026-07-29,BANNER_PROVINCE,11,5,AR-D,0,,,2.0,SUPPRESSED,HiperChangomas
941da9b2-93b6-40b8-8de8-c9e27ad03e10,2026-07-29,BANNER_PROVINCE,9,1,AR-E,0,,,0.0,SUPPRESSED,Vea
941da9b2-93b6-40b8-8de8-c9e27ad03e10,2026-07-29,BANNER_PROVINCE,2,1,AR-V,0,,,0.0,DIRECTIONAL,La Anonima
941da9b2-93b6-40b8-8de8-c9e27ad03e10,2026-07-29,BANNER_PROVINCE,9,1,AR-G,0,,,0.0,SUPPRESSED,Vea
941da9b2-93b6-40b8-8de8-c9e27ad03e10,2026-07-29,BANNER_PROVINCE,10,1,AR-P,0,,,0.0,SUPPRESSED,Hipermercado Carrefour
941da9b2-93b6-40b8-8de8-c9e27ad03e10,2026-07-29,BANNER_PROVINCE,11,2,AR-P,0,,,6.0,SUPPRESSED,Changomas
941da9b2-93b6-40b8-8de8-c9e27ad03e10,2026-07-29,BANNER_PROVINCE,10,1,AR-W,0,,,0.0,SUPPRESSED,Hipermercado Carrefour
941da9b2-93b6-40b8-8de8-c9e27ad03e10,2026-07-29,BANNER_PROVINCE,10,1,AR-X,0,,,0.0,SUPPRESSED,Hipermercado Carrefour
941da9b2-93b6-40b8-8de8-c9e27ad03e10,2026-07-29,BANNER_PROVINCE,10,1,AR-E,0,,,0.0,SUPPRESSED,Hipermercado Carrefour
941da9b2-93b6-40b8-8de8-c9e27ad03e10,2026-07-29,BANNER_PROVINCE,9,1,AR-S,0,,,0.0,SUPPRESSED,Vea
941da9b2-93b6-40b8-8de8-c9e27ad03e10,2026-07-29,BANNER_PROVINCE,10,4,AR-B,0,,,19.0,DIRECTIONAL,Maxi
941da9b2-93b6-40b8-8de8-c9e27ad03e10,2026-07-29,BANNER_PROVINCE,12,1,AR-M,0,,,0.0,SUPPRESSED,COTO
941da9b2-93b6-40b8-8de8-c9e27ad03e10,2026-07-29,BANNER_PROVINCE,10,4,AR-M,0,,,3.0,SUPPRESSED,Maxi
941da9b2-93b6-40b8-8de8-c9e27ad03e10,2026-07-29,BANNER_PROVINCE,2,1,AR-S,0,,,2.0,DIRECTIONAL,La Anonima
941da9b2-93b6-40b8-8de8-c9e27ad03e10,2026-07-29,BANNER_PROVINCE,12,1,AR-S,0,,,0.0,SUPPRESSED,COTO
941da9b2-93b6-40b8-8de8-c9e27ad03e10,2026-07-29,BANNER_PROVINCE,9,1,AR-R,0,,,0.0,SUPPRESSED,Vea
941da9b2-93b6-40b8-8de8-c9e27ad03e10,2026-07-29,BANNER_PROVINCE,13,1,AR-U,0,,,0.0,SUPPRESSED,Cooperativa Obrera
941da9b2-93b6-40b8-8de8-c9e27ad03e10,2026-07-29,BANNER_PROVINCE,9,1,AR-T,0,,,0.0,DIRECTIONAL,Vea
941da9b2-93b6-40b8-8de8-c9e27ad03e10,2026-07-29,BANNER_PROVINCE,10,2,AR-F,0,,,0.0,SUPPRESSED,Market
941da9b2-93b6-40b8-8de8-c9e27ad03e10,2026-07-29,BANNER_PROVINCE,11,5,AR-H,0,,,2.0,SUPPRESSED,HiperChangomas
941da9b2-93b6-40b8-8de8-c9e27ad03e10,2026-07-29,BANNER_PROVINCE,9,1,AR-U,0,,,0.0,SUPPRESSED,Vea
941da9b2-93b6-40b8-8de8-c9e27ad03e10,2026-07-29,BANNER_PROVINCE,11,5,AR-J,0,,,2.0,SUPPRESSED,HiperChangomas
941da9b2-93b6-40b8-8de8-c9e27ad03e10,2026-07-29,BANNER_PROVINCE,11,4,AR-C,0,,,0.0,SUPPRESSED,SuperChangomas
941da9b2-93b6-40b8-8de8-c9e27ad03e10,2026-07-29,BANNER_PROVINCE,6,1,AR-A,0,,,0.0,SUPPRESSED,Supermercados Comodin
941da9b2-93b6-40b8-8de8-c9e27ad03e10,2026-07-29,BANNER_PROVINCE,8,1,AR-X,0,,,11.0,DIRECTIONAL,Mariano Max
941da9b2-93b6-40b8-8de8-c9e27ad03e10,2026-07-29,BANNER_PROVINCE,12,1,AR-Q,0,,,0.0,SUPPRESSED,COTO
941da9b2-93b6-40b8-8de8-c9e27ad03e10,2026-07-29,BANNER_PROVINCE,10,4,AR-C,0,,,19.0,DIRECTIONAL,Maxi
941da9b2-93b6-40b8-8de8-c9e27ad03e10,2026-07-29,BANNER_PROVINCE,10,2,AR-U,0,,,0.0,SUPPRESSED,Market
941da9b2-93b6-40b8-8de8-c9e27ad03e10,2026-07-29,BANNER_PROVINCE,15,1,Buenos Aires,0,,,0.0,INVALID_GEOGRAPHY,DIA
941da9b2-93b6-40b8-8de8-c9e27ad03e10,2026-07-29,BANNER_PROVINCE,10,2,AR-L,0,,,0.0,SUPPRESSED,Market
941da9b2-93b6-40b8-8de8-c9e27ad03e10,2026-07-29,BANNER_PROVINCE,10,2,AR-T,0,,,0.0,SUPPRESSED,Market
941da9b2-93b6-40b8-8de8-c9e27ad03e10,2026-07-29,BANNER_PROVINCE,10,2,AR-M,0,,,0.0,SUPPRESSED,Market
941da9b2-93b6-40b8-8de8-c9e27ad03e10,2026-07-29,BANNER_PROVINCE,11,5,AR-M,0,,,6.0,SUPPRESSED,HiperChangomas
941da9b2-93b6-40b8-8de8-c9e27ad03e10,2026-07-29,BANNER_PROVINCE,11,5,AR-B,0,,,6.0,DIRECTIONAL,HiperChangomas
941da9b2-93b6-40b8-8de8-c9e27ad03e10,2026-07-29,BANNER_PROVINCE,11,5,AR-Q,0,,,2.0,SUPPRESSED,HiperChangomas
941da9b2-93b6-40b8-8de8-c9e27ad03e10,2026-07-29,BANNER_PROVINCE,9,1,AR-C,0,,,0.0,SUPPRESSED,Vea
941da9b2-93b6-40b8-8de8-c9e27ad03e10,2026-07-29,BANNER_PROVINCE,2,1,AR-T,0,,,0.0,SUPPRESSED,La Anonima
941da9b2-93b6-40b8-8de8-c9e27ad03e10,2026-07-29,BANNER_PROVINCE,9,1,AR-Y,0,,,0.0,SUPPRESSED,Vea
941da9b2-93b6-40b8-8de8-c9e27ad03e10,2026-07-29,BANNER_PROVINCE,9,1,AR-H,0,,,0.0,SUPPRESSED,Vea
941da9b2-93b6-40b8-8de8-c9e27ad03e10,2026-07-29,BANNER_PROVINCE,11,5,AR-C,0,,,0.0,SUPPRESSED,HiperChangomas
941da9b2-93b6-40b8-8de8-c9e27ad03e10,2026-07-29,BANNER_PROVINCE,11,2,AR-K,0,,,2.0,SUPPRESSED,Changomas
941da9b2-93b6-40b8-8de8-c9e27ad03e10,2026-07-29,BANNER_PROVINCE,10,3,AR-M,0,,,0.0,DIRECTIONAL,Express
941da9b2-93b6-40b8-8de8-c9e27ad03e10,2026-07-29,BANNER_PROVINCE,10,4,AR-H,0,,,3.0,SUPPRESSED,Maxi
941da9b2-93b6-40b8-8de8-c9e27ad03e10,2026-07-29,BANNER_PROVINCE,11,4,AR-B,0,,,3.0,SUPPRESSED,SuperChangomas
941da9b2-93b6-40b8-8de8-c9e27ad03e10,2026-07-29,BANNER_PROVINCE,11,4,,0,,,0.0,INVALID_GEOGRAPHY,SuperChangomas
941da9b2-93b6-40b8-8de8-c9e27ad03e10,2026-07-29,BANNER_PROVINCE,11,5,AR-U,0,,,4.0,SUPPRESSED,HiperChangomas
941da9b2-93b6-40b8-8de8-c9e27ad03e10,2026-07-29,BANNER_PROVINCE,11,5,AR-T,0,,,2.0,SUPPRESSED,HiperChangomas
941da9b2-93b6-40b8-8de8-c9e27ad03e10,2026-07-29,BANNER_PROVINCE,11,5,AR-S,0,,,2.0,SUPPRESSED,HiperChangomas
941da9b2-93b6-40b8-8de8-c9e27ad03e10,2026-07-29,BANNER_PROVINCE,6,2,AR-Y,0,,,0.0,SUPPRESSED,Maxi Comodin
941da9b2-93b6-40b8-8de8-c9e27ad03e10,2026-07-29,BANNER_PROVINCE,10,2,AR-E,0,,,0.0,SUPPRESSED,Market
941da9b2-93b6-40b8-8de8-c9e27ad03e10,2026-07-29,BANNER_PROVINCE,10,2,AR-X,0,,,0.0,SUPPRESSED,Market
941da9b2-93b6-40b8-8de8-c9e27ad03e10,2026-07-29,BANNER_PROVINCE,9,3,AR-C,0,,,0.0,DIRECTIONAL,Jumbo
941da9b2-93b6-40b8-8de8-c9e27ad03e10,2026-07-29,BANNER_PROVINCE,11,2,AR-E,0,,,2.0,SUPPRESSED,Changomas
941da9b2-93b6-40b8-8de8-c9e27ad03e10,2026-07-29,BANNER_PROVINCE,9,3,AR-Q,0,,,0.0,SUPPRESSED,Jumbo
941da9b2-93b6-40b8-8de8-c9e27ad03e10,2026-07-29,BANNER_PROVINCE,11,2,AR-G,0,,,4.0,SUPPRESSED,Changomas
941da9b2-93b6-40b8-8de8-c9e27ad03e10,2026-07-29,BANNER_PROVINCE,10,3,,0,,,0.0,INVALID_GEOGRAPHY,Express
941da9b2-93b6-40b8-8de8-c9e27ad03e10,2026-07-29,BANNER_PROVINCE,13,1,AR-X,0,,,0.0,SUPPRESSED,Cooperativa Obrera
941da9b2-93b6-40b8-8de8-c9e27ad03e10,2026-07-29,BANNER_PROVINCE,10,4,AR-K,0,,,3.0,SUPPRESSED,Maxi
941da9b2-93b6-40b8-8de8-c9e27ad03e10,2026-07-29,BANNER_PROVINCE,20,1,AR-E,0,,,0.0,SUPPRESSED,LA AGRICOLA REGIONAL COOPERATIVA LIMITADA
941da9b2-93b6-40b8-8de8-c9e27ad03e10,2026-07-29,BANNER_PROVINCE,9,1,AR-W,0,,,0.0,SUPPRESSED,Vea
941da9b2-93b6-40b8-8de8-c9e27ad03e10,2026-07-29,BANNER_PROVINCE,10,2,AR-K,0,,,0.0,SUPPRESSED,Market
941da9b2-93b6-40b8-8de8-c9e27ad03e10,2026-07-29,BANNER_PROVINCE,9,3,AR-U,0,,,0.0,SUPPRESSED,Jumbo
941da9b2-93b6-40b8-8de8-c9e27ad03e10,2026-07-29,BANNER_PROVINCE,9,1,AR-A,0,,,0.0,DIRECTIONAL,Vea
941da9b2-93b6-40b8-8de8-c9e27ad03e10,2026-07-29,BANNER_PROVINCE,9,1,AR-K,0,,,0.0,SUPPRESSED,Vea
941da9b2-93b6-40b8-8de8-c9e27ad03e10,2026-07-29,BANNER_PROVINCE,9,1,AR-D,0,,,3.0,SUPPRESSED,Vea
941da9b2-93b6-40b8-8de8-c9e27ad03e10,2026-07-29,BANNER_PROVINCE,9,2,AR-S,0,,,2.0,SUPPRESSED,Disco
941da9b2-93b6-40b8-8de8-c9e27ad03e10,2026-07-29,BANNER_PROVINCE,6,1,AR-Y,0,,,0.0,DIRECTIONAL,Supermercados Comodin
941da9b2-93b6-40b8-8de8-c9e27ad03e10,2026-07-29,BANNER_PROVINCE,10,4,AR-A,0,,,4.0,SUPPRESSED,Maxi
941da9b2-93b6-40b8-8de8-c9e27ad03e10,2026-07-29,BANNER_PROVINCE,10,2,AR-W,0,,,0.0,SUPPRESSED,Market
941da9b2-93b6-40b8-8de8-c9e27ad03e10,2026-07-29,BANNER_PROVINCE,11,5,AR-X,0,,,8.0,SUPPRESSED,HiperChangomas
941da9b2-93b6-40b8-8de8-c9e27ad03e10,2026-07-29,BANNER_PROVINCE,9,3,AR-S,0,,,0.0,SUPPRESSED,Jumbo
941da9b2-93b6-40b8-8de8-c9e27ad03e10,2026-07-29,BANNER_PROVINCE,2,1,AR-N,0,,,0.0,SUPPRESSED,La Anonima
941da9b2-93b6-40b8-8de8-c9e27ad03e10,2026-07-29,BANNER_PROVINCE,9,3,AR-T,0,,,0.0,SUPPRESSED,Jumbo
941da9b2-93b6-40b8-8de8-c9e27ad03e10,2026-07-29,BANNER_PROVINCE,11,2,AR-D,0,,,2.0,SUPPRESSED,Changomas
941da9b2-93b6-40b8-8de8-c9e27ad03e10,2026-07-29,BANNER_PROVINCE,11,2,AR-A,0,,,8.0,SUPPRESSED,Changomas
941da9b2-93b6-40b8-8de8-c9e27ad03e10,2026-07-29,BANNER_PROVINCE,2,1,AR-L,0,,,0.0,SUPPRESSED,La Anonima
941da9b2-93b6-40b8-8de8-c9e27ad03e10,2026-07-29,BANNER_PROVINCE,15,1,AR-X,0,,,0.0,SUPPRESSED,DIA
941da9b2-93b6-40b8-8de8-c9e27ad03e10,2026-07-29,BANNER_PROVINCE,10,1,AR-R,0,,,0.0,SUPPRESSED,Hipermercado Carrefour
941da9b2-93b6-40b8-8de8-c9e27ad03e10,2026-07-29,BANNER_PROVINCE,47,1,AR-B,0,,,15.0,SUPPRESSED,Sup. Unicoop
941da9b2-93b6-40b8-8de8-c9e27ad03e10,2026-07-29,BANNER_PROVINCE,2,1,AR-J,0,,,0.0,SUPPRESSED,La Anonima
941da9b2-93b6-40b8-8de8-c9e27ad03e10,2026-07-29,BANNER_PROVINCE,3,1,AR-C,0,,,0.0,SUPPRESSED,DEHEZA S.A.I.C.F. e I.
941da9b2-93b6-40b8-8de8-c9e27ad03e10,2026-07-29,BANNER_PROVINCE,4,1,AR-C,0,,,0.0,SUPPRESSED,ESTACION LIMA S.A.
941da9b2-93b6-40b8-8de8-c9e27ad03e10,2026-07-29,BANNER_PROVINCE,9,1,AR-J,0,,,0.0,SUPPRESSED,Vea
941da9b2-93b6-40b8-8de8-c9e27ad03e10,2026-07-29,BANNER_PROVINCE,9,1,AR-F,0,,,0.0,SUPPRESSED,Vea
941da9b2-93b6-40b8-8de8-c9e27ad03e10,2026-07-29,BANNER_PROVINCE,9,1,AR-Q,0,,,0.0,SUPPRESSED,Vea
941da9b2-93b6-40b8-8de8-c9e27ad03e10,2026-07-29,NATIONAL,,,,640,0.11093478260869566,0.1106698561593158,402.0,PUBLISHABLE,
941da9b2-93b6-40b8-8de8-c9e27ad03e10,2026-07-29,PROVINCE,,,AR-X,627,0.1267573173542291,0.1267573173542291,32.0,PUBLISHABLE,
941da9b2-93b6-40b8-8de8-c9e27ad03e10,2026-07-29,PROVINCE,,,AR-U,613,0.12,0.11958333333333333,37.0,PUBLISHABLE,
941da9b2-93b6-40b8-8de8-c9e27ad03e10,2026-07-29,PROVINCE,,,AR-S,630,0.11429409203737637,0.11429409203737637,6.0,PUBLISHABLE,
941da9b2-93b6-40b8-8de8-c9e27ad03e10,2026-07-29,PROVINCE,,,AR-Y,64,0.10715649207502556,0.10715649207502556,4.0,DIRECTIONAL,
941da9b2-93b6-40b8-8de8-c9e27ad03e10,2026-07-29,PROVINCE,,,AR-J,297,0.09622960045019696,0.09622960045019696,12.0,PUBLISHABLE,
941da9b2-93b6-40b8-8de8-c9e27ad03e10,2026-07-29,PROVINCE,,,AR-R,627,0.09563472152533868,0.09553488372093023,41.0,PUBLISHABLE,
941da9b2-93b6-40b8-8de8-c9e27ad03e10,2026-07-29,PROVINCE,,,AR-A,638,0.09056326679511,0.0903449843418527,31.0,PUBLISHABLE,
941da9b2-93b6-40b8-8de8-c9e27ad03e10,2026-07-29,PROVINCE,,,AR-L,231,0.0851291386960974,0.0851291386960974,6.0,PUBLISHABLE,
941da9b2-93b6-40b8-8de8-c9e27ad03e10,2026-07-29,PROVINCE,,,AR-Q,622,0.08439922393177819,0.08432432432432432,36.0,PUBLISHABLE,
941da9b2-93b6-40b8-8de8-c9e27ad03e10,2026-07-29,PROVINCE,,,AR-T,446,0.08089847435175299,0.08089847435175299,10.0,PUBLISHABLE,
941da9b2-93b6-40b8-8de8-c9e27ad03e10,2026-07-29,PROVINCE,,,AR-B,640,0.0748502994011976,0.0747211869966361,72.0,PUBLISHABLE,
941da9b2-93b6-40b8-8de8-c9e27ad03e10,2026-07-29,PROVINCE,,,AR-M,589,0.060909090909090906,0.060909090909090906,13.0,PUBLISHABLE,
941da9b2-93b6-40b8-8de8-c9e27ad03e10,2026-07-29,PROVINCE,,,AR-C,640,0.04993807183967221,0.04993807183967221,19.0,PUBLISHABLE,
941da9b2-93b6-40b8-8de8-c9e27ad03e10,2026-07-29,PROVINCE,,,AR-W,613,0.046902654867256637,0.046902654867256637,6.0,PUBLISHABLE,
941da9b2-93b6-40b8-8de8-c9e27ad03e10,2026-07-29,PROVINCE,,,AR-Z,372,0.04566305254378649,0.04566305254378649,36.0,PUBLISHABLE,
941da9b2-93b6-40b8-8de8-c9e27ad03e10,2026-07-29,PROVINCE,,,AR-E,640,0.029298210343383962,0.029298210343383962,6.0,PUBLISHABLE,
941da9b2-93b6-40b8-8de8-c9e27ad03e10,2026-07-29,PROVINCE,,,AR-K,0,,,5.0,SUPPRESSED,
941da9b2-93b6-40b8-8de8-c9e27ad03e10,2026-07-29,PROVINCE,,,AR-D,0,,,7.0,SUPPRESSED,
941da9b2-93b6-40b8-8de8-c9e27ad03e10,2026-07-29,PROVINCE,,,Buenos Aires,0,,,0.0,INVALID_GEOGRAPHY,
941da9b2-93b6-40b8-8de8-c9e27ad03e10,2026-07-29,PROVINCE,,,AR-P,0,,,6.0,SUPPRESSED,
941da9b2-93b6-40b8-8de8-c9e27ad03e10,2026-07-29,PROVINCE,,,AR-G,0,,,4.0,SUPPRESSED,
941da9b2-93b6-40b8-8de8-c9e27ad03e10,2026-07-29,PROVINCE,,,,0,,,2.0,INVALID_GEOGRAPHY,
941da9b2-93b6-40b8-8de8-c9e27ad03e10,2026-07-29,PROVINCE,,,AR-H,0,,,5.0,SUPPRESSED,
941da9b2-93b6-40b8-8de8-c9e27ad03e10,2026-07-29,PROVINCE,,,AR-V,0,,,0.0,DIRECTIONAL,
941da9b2-93b6-40b8-8de8-c9e27ad03e10,2026-07-29,PROVINCE,,,AR-F,0,,,2.0,SUPPRESSED,
941da9b2-93b6-40b8-8de8-c9e27ad03e10,2026-07-29,PROVINCE,,,AR-N,0,,,4.0,DIRECTIONAL,
941da9b2-93b6-40b8-8de8-c9e27ad03e10,2026-07-30,BANNER,11,2,,636,0.1297631038719299,0.1297631038719299,86.0,PUBLISHABLE,Changomas
941da9b2-93b6-40b8-8de8-c9e27ad03e10,2026-07-30,BANNER,10,1,,630,0.10130630688671313,0.10130630688671313,0.0,PUBLISHABLE,Hipermercado Carrefour
941da9b2-93b6-40b8-8de8-c9e27ad03e10,2026-07-30,BANNER,21,1,,155,0.1,0.1,17.0,PUBLISHABLE,Toledo
941da9b2-93b6-40b8-8de8-c9e27ad03e10,2026-07-30,BANNER,2,1,,627,0.08571428571428572,0.08571428571428572,303.0,PUBLISHABLE,La Anonima
941da9b2-93b6-40b8-8de8-c9e27ad03e10,2026-07-30,BANNER,13,1,,587,0.08059701492537313,0.08059701492537313,4.0,PUBLISHABLE,Cooperativa Obrera
941da9b2-93b6-40b8-8de8-c9e27ad03e10,2026-07-30,BANNER,10,2,,602,0.07230905025073099,0.07230905025073099,0.0,PUBLISHABLE,Market
941da9b2-93b6-40b8-8de8-c9e27ad03e10,2026-07-30,BANNER,23,1,,18,0.06810712111990261,0.06810712111990261,0.0,SUPPRESSED,Axion Energy
941da9b2-93b6-40b8-8de8-c9e27ad03e10,2026-07-30,BANNER,3,1,,19,0.056179775280898875,0.056179775280898875,0.0,SUPPRESSED,DEHEZA S.A.I.C.F. e I.
941da9b2-93b6-40b8-8de8-c9e27ad03e10,2026-07-30,BANNER,9,2,,589,0.052083333333333336,0.052083333333333336,2.0,PUBLISHABLE,Disco
941da9b2-93b6-40b8-8de8-c9e27ad03e10,2026-07-30,BANNER,9,1,,608,0.05140531945151772,0.05140531945151772,3.0,PUBLISHABLE,Vea
941da9b2-93b6-40b8-8de8-c9e27ad03e10,2026-07-30,BANNER,11,5,,636,0.04903563255966002,0.04903563255966002,40.0,PUBLISHABLE,HiperChangomas
941da9b2-93b6-40b8-8de8-c9e27ad03e10,2026-07-30,BANNER,10,3,,438,0.0448496845961797,0.0448496845961797,0.0,PUBLISHABLE,Express
941da9b2-93b6-40b8-8de8-c9e27ad03e10,2026-07-30,BANNER,9,3,,580,0.02702702702702703,0.02702702702702703,0.0,PUBLISHABLE,Jumbo
941da9b2-93b6-40b8-8de8-c9e27ad03e10,2026-07-30,BANNER,12,1,,637,0.0,0.0,0.0,PUBLISHABLE,COTO
941da9b2-93b6-40b8-8de8-c9e27ad03e10,2026-07-30,BANNER,6,1,,64,0.0,0.0,0.0,DIRECTIONAL,Supermercados Comodin
941da9b2-93b6-40b8-8de8-c9e27ad03e10,2026-07-30,BANNER,15,1,,638,0.0,0.0,24.0,PUBLISHABLE,DIA
941da9b2-93b6-40b8-8de8-c9e27ad03e10,2026-07-30,BANNER,24,1,,78,0.0,0.0,1.0,DIRECTIONAL,SIMPLICITY
941da9b2-93b6-40b8-8de8-c9e27ad03e10,2026-07-30,BANNER,24,2,,106,0.0,0.0,1.0,PUBLISHABLE,FARMACITY
941da9b2-93b6-40b8-8de8-c9e27ad03e10,2026-07-30,BANNER,10,4,,527,0.0,0.0,54.0,PUBLISHABLE,Maxi
941da9b2-93b6-40b8-8de8-c9e27ad03e10,2026-07-30,BANNER,8,1,,0,,,11.0,DIRECTIONAL,Mariano Max
941da9b2-93b6-40b8-8de8-c9e27ad03e10,2026-07-30,BANNER,20,1,,0,,,0.0,SUPPRESSED,LA AGRICOLA REGIONAL COOPERATIVA LIMITADA
941da9b2-93b6-40b8-8de8-c9e27ad03e10,2026-07-30,BANNER,6,2,,0,,,0.0,SUPPRESSED,Maxi Comodin
941da9b2-93b6-40b8-8de8-c9e27ad03e10,2026-07-30,BANNER,47,1,,0,,,15.0,SUPPRESSED,Sup. Unicoop
941da9b2-93b6-40b8-8de8-c9e27ad03e10,2026-07-30,BANNER,4,1,,0,,,0.0,SUPPRESSED,ESTACION LIMA S.A.
941da9b2-93b6-40b8-8de8-c9e27ad03e10,2026-07-30,BANNER,16,1,,0,,,0.0,SUPPRESSED,Hipermercado Libertad
941da9b2-93b6-40b8-8de8-c9e27ad03e10,2026-07-30,BANNER,5,1,,0,,,0.0,SUPPRESSED,California Supermercados
941da9b2-93b6-40b8-8de8-c9e27ad03e10,2026-07-30,BANNER,11,4,,0,,,3.0,SUPPRESSED,SuperChangomas
941da9b2-93b6-40b8-8de8-c9e27ad03e10,2026-07-30,BANNER_PROVINCE,21,1,AR-B,155,0.1,0.1,17.0,PUBLISHABLE,Toledo
941da9b2-93b6-40b8-8de8-c9e27ad03e10,2026-07-30,BANNER_PROVINCE,10,2,AR-B,526,0.06845417846282897,0.06845417846282897,0.0,PUBLISHABLE,Market
941da9b2-93b6-40b8-8de8-c9e27ad03e10,2026-07-30,BANNER_PROVINCE,13,1,AR-B,581,0.060007229786721294,0.060007229786721294,3.0,PUBLISHABLE,Cooperativa Obrera
941da9b2-93b6-40b8-8de8-c9e27ad03e10,2026-07-30,BANNER_PROVINCE,23,1,AR-B,7,0.05714285714285714,0.05714285714285714,0.0,SUPPRESSED,Axion Energy
941da9b2-93b6-40b8-8de8-c9e27ad03e10,2026-07-30,BANNER_PROVINCE,9,2,AR-B,447,0.038461538461538464,0.038461538461538464,0.0,PUBLISHABLE,Disco
941da9b2-93b6-40b8-8de8-c9e27ad03e10,2026-07-30,BANNER_PROVINCE,15,1,AR-A,624,0.03385899814471243,0.03385899814471243,18.0,PUBLISHABLE,DIA
941da9b2-93b6-40b8-8de8-c9e27ad03e10,2026-07-30,BANNER_PROVINCE,2,1,AR-R,556,0.030019693889045337,0.030019693889045337,67.0,PUBLISHABLE,La Anonima
941da9b2-93b6-40b8-8de8-c9e27ad03e10,2026-07-30,BANNER_PROVINCE,13,1,AR-Q,403,0.028450505525511403,0.028450505525511403,1.0,PUBLISHABLE,Cooperativa Obrera
941da9b2-93b6-40b8-8de8-c9e27ad03e10,2026-07-30,BANNER_PROVINCE,13,1,AR-R,440,0.02804786836200449,0.02804786836200449,0.0,PUBLISHABLE,Cooperativa Obrera
941da9b2-93b6-40b8-8de8-c9e27ad03e10,2026-07-30,BANNER_PROVINCE,23,1,AR-C,8,0.02797339593114241,0.02797339593114241,0.0,SUPPRESSED,Axion Energy
941da9b2-93b6-40b8-8de8-c9e27ad03e10,2026-07-30,BANNER_PROVINCE,2,1,AR-Z,535,0.027777777777777776,0.027777777777777776,76.0,PUBLISHABLE,La Anonima
941da9b2-93b6-40b8-8de8-c9e27ad03e10,2026-07-30,BANNER_PROVINCE,9,1,AR-B,465,0.027488584474885846,0.027488584474885846,0.0,PUBLISHABLE,Vea
941da9b2-93b6-40b8-8de8-c9e27ad03e10,2026-07-30,BANNER_PROVINCE,2,1,AR-Q,537,0.022727272727272728,0.022727272727272728,71.0,PUBLISHABLE,La Anonima
941da9b2-93b6-40b8-8de8-c9e27ad03e10,2026-07-30,BANNER_PROVINCE,2,1,AR-U,490,0.022727272727272728,0.022727272727272728,71.0,PUBLISHABLE,La Anonima
941da9b2-93b6-40b8-8de8-c9e27ad03e10,2026-07-30,BANNER_PROVINCE,9,2,AR-C,408,0.020620748299319726,0.020620748299319726,0.0,PUBLISHABLE,Disco
941da9b2-93b6-40b8-8de8-c9e27ad03e10,2026-07-30,BANNER_PROVINCE,15,1,AR-C,638,0.019916142557651992,0.019916142557651992,0.0,PUBLISHABLE,DIA
941da9b2-93b6-40b8-8de8-c9e27ad03e10,2026-07-30,BANNER_PROVINCE,10,3,AR-C,436,0.019260140581224848,0.019260140581224848,0.0,PUBLISHABLE,Express
941da9b2-93b6-40b8-8de8-c9e27ad03e10,2026-07-30,BANNER_PROVINCE,24,2,AR-C,103,0.0,0.0,0.0,PUBLISHABLE,FARMACITY
941da9b2-93b6-40b8-8de8-c9e27ad03e10,2026-07-30,BANNER_PROVINCE,12,1,AR-C,615,0.0,0.0,0.0,PUBLISHABLE,COTO
941da9b2-93b6-40b8-8de8-c9e27ad03e10,2026-07-30,BANNER_PROVINCE,24,1,AR-B,77,0.0,0.0,1.0,DIRECTIONAL,SIMPLICITY
941da9b2-93b6-40b8-8de8-c9e27ad03e10,2026-07-30,BANNER_PROVINCE,10,3,AR-X,378,0.0,0.0,0.0,PUBLISHABLE,Express
941da9b2-93b6-40b8-8de8-c9e27ad03e10,2026-07-30,BANNER_PROVINCE,9,1,AR-M,502,0.0,0.0,0.0,PUBLISHABLE,Vea
941da9b2-93b6-40b8-8de8-c9e27ad03e10,2026-07-30,BANNER_PROVINCE,15,1,AR-B,638,0.0,0.0,0.0,PUBLISHABLE,DIA
941da9b2-93b6-40b8-8de8-c9e27ad03e10,2026-07-30,BANNER_PROVINCE,10,2,AR-C,523,0.0,0.0,0.0,PUBLISHABLE,Market
941da9b2-93b6-40b8-8de8-c9e27ad03e10,2026-07-30,BANNER_PROVINCE,24,2,AR-X,81,0.0,0.0,0.0,DIRECTIONAL,FARMACITY
941da9b2-93b6-40b8-8de8-c9e27ad03e10,2026-07-30,BANNER_PROVINCE,10,3,AR-B,425,0.0,0.0,0.0,PUBLISHABLE,Express
941da9b2-93b6-40b8-8de8-c9e27ad03e10,2026-07-30,BANNER_PROVINCE,9,1,AR-X,183,0.0,0.0,0.0,PUBLISHABLE,Vea
941da9b2-93b6-40b8-8de8-c9e27ad03e10,2026-07-30,BANNER_PROVINCE,9,2,AR-X,322,0.0,0.0,0.0,PUBLISHABLE,Disco
941da9b2-93b6-40b8-8de8-c9e27ad03e10,2026-07-30,BANNER_PROVINCE,15,1,AR-E,638,0.0,0.0,0.0,PUBLISHABLE,DIA
941da9b2-93b6-40b8-8de8-c9e27ad03e10,2026-07-30,BANNER_PROVINCE,2,1,AR-B,457,0.0,0.0,8.0,PUBLISHABLE,La Anonima
941da9b2-93b6-40b8-8de8-c9e27ad03e10,2026-07-30,BANNER_PROVINCE,10,1,AR-B,617,0.0,0.0,0.0,PUBLISHABLE,Hipermercado Carrefour
941da9b2-93b6-40b8-8de8-c9e27ad03e10,2026-07-30,BANNER_PROVINCE,12,1,AR-B,630,0.0,0.0,0.0,PUBLISHABLE,COTO
941da9b2-93b6-40b8-8de8-c9e27ad03e10,2026-07-30,BANNER_PROVINCE,11,5,AR-M,0,,,6.0,SUPPRESSED,HiperChangomas
941da9b2-93b6-40b8-8de8-c9e27ad03e10,2026-07-30,BANNER_PROVINCE,10,4,AR-H,0,,,3.0,SUPPRESSED,Maxi
941da9b2-93b6-40b8-8de8-c9e27ad03e10,2026-07-30,BANNER_PROVINCE,11,2,AR-M,0,,,4.0,SUPPRESSED,Changomas
941da9b2-93b6-40b8-8de8-c9e27ad03e10,2026-07-30,BANNER_PROVINCE,11,2,AR-Q,0,,,2.0,SUPPRESSED,Changomas
941da9b2-93b6-40b8-8de8-c9e27ad03e10,2026-07-30,BANNER_PROVINCE,2,1,AR-A,0,,,1.0,SUPPRESSED,La Anonima
941da9b2-93b6-40b8-8de8-c9e27ad03e10,2026-07-30,BANNER_PROVINCE,13,1,AR-L,0,,,0.0,SUPPRESSED,Cooperativa Obrera
941da9b2-93b6-40b8-8de8-c9e27ad03e10,2026-07-30,BANNER_PROVINCE,13,1,AR-U,0,,,0.0,SUPPRESSED,Cooperativa Obrera
941da9b2-93b6-40b8-8de8-c9e27ad03e10,2026-07-30,BANNER_PROVINCE,11,2,AR-U,0,,,4.0,SUPPRESSED,Changomas
941da9b2-93b6-40b8-8de8-c9e27ad03e10,2026-07-30,BANNER_PROVINCE,11,2,,0,,,2.0,INVALID_GEOGRAPHY,Changomas
941da9b2-93b6-40b8-8de8-c9e27ad03e10,2026-07-30,BANNER_PROVINCE,11,2,AR-T,0,,,8.0,SUPPRESSED,Changomas
941da9b2-93b6-40b8-8de8-c9e27ad03e10,2026-07-30,BANNER_PROVINCE,12,1,AR-S,0,,,0.0,SUPPRESSED,COTO
941da9b2-93b6-40b8-8de8-c9e27ad03e10,2026-07-30,BANNER_PROVINCE,12,1,AR-M,0,,,0.0,SUPPRESSED,COTO
941da9b2-93b6-40b8-8de8-c9e27ad03e10,2026-07-30,BANNER_PROVINCE,10,1,AR-K,0,,,0.0,SUPPRESSED,Hipermercado Carrefour
941da9b2-93b6-40b8-8de8-c9e27ad03e10,2026-07-30,BANNER_PROVINCE,12,1,AR-Q,0,,,0.0,SUPPRESSED,COTO
941da9b2-93b6-40b8-8de8-c9e27ad03e10,2026-07-30,BANNER_PROVINCE,15,1,AR-J,0,,,6.0,SUPPRESSED,DIA
941da9b2-93b6-40b8-8de8-c9e27ad03e10,2026-07-30,BANNER_PROVINCE,10,1,AR-W,0,,,0.0,SUPPRESSED,Hipermercado Carrefour
941da9b2-93b6-40b8-8de8-c9e27ad03e10,2026-07-30,BANNER_PROVINCE,9,3,AR-A,0,,,0.0,SUPPRESSED,Jumbo
941da9b2-93b6-40b8-8de8-c9e27ad03e10,2026-07-30,BANNER_PROVINCE,10,1,AR-X,0,,,0.0,SUPPRESSED,Hipermercado Carrefour
941da9b2-93b6-40b8-8de8-c9e27ad03e10,2026-07-30,BANNER_PROVINCE,10,1,AR-E,0,,,0.0,SUPPRESSED,Hipermercado Carrefour
941da9b2-93b6-40b8-8de8-c9e27ad03e10,2026-07-30,BANNER_PROVINCE,11,2,AR-N,0,,,4.0,SUPPRESSED,Changomas
941da9b2-93b6-40b8-8de8-c9e27ad03e10,2026-07-30,BANNER_PROVINCE,11,2,AR-J,0,,,4.0,SUPPRESSED,Changomas
941da9b2-93b6-40b8-8de8-c9e27ad03e10,2026-07-30,BANNER_PROVINCE,2,1,AR-X,0,,,8.0,SUPPRESSED,La Anonima
941da9b2-93b6-40b8-8de8-c9e27ad03e10,2026-07-30,BANNER_PROVINCE,2,1,AR-G,0,,,0.0,SUPPRESSED,La Anonima
941da9b2-93b6-40b8-8de8-c9e27ad03e10,2026-07-30,BANNER_PROVINCE,11,2,AR-F,0,,,2.0,SUPPRESSED,Changomas
941da9b2-93b6-40b8-8de8-c9e27ad03e10,2026-07-30,BANNER_PROVINCE,2,1,AR-W,0,,,0.0,SUPPRESSED,La Anonima
941da9b2-93b6-40b8-8de8-c9e27ad03e10,2026-07-30,BANNER_PROVINCE,11,2,AR-Y,0,,,4.0,SUPPRESSED,Changomas
941da9b2-93b6-40b8-8de8-c9e27ad03e10,2026-07-30,BANNER_PROVINCE,9,3,AR-B,0,,,0.0,DIRECTIONAL,Jumbo
941da9b2-93b6-40b8-8de8-c9e27ad03e10,2026-07-30,BANNER_PROVINCE,24,2,AR-N,0,,,0.0,SUPPRESSED,FARMACITY
941da9b2-93b6-40b8-8de8-c9e27ad03e10,2026-07-30,BANNER_PROVINCE,24,2,AR-Y,0,,,0.0,SUPPRESSED,FARMACITY
941da9b2-93b6-40b8-8de8-c9e27ad03e10,2026-07-30,BANNER_PROVINCE,10,2,AR-P,0,,,0.0,SUPPRESSED,Market
941da9b2-93b6-40b8-8de8-c9e27ad03e10,2026-07-30,BANNER_PROVINCE,11,5,AR-H,0,,,2.0,SUPPRESSED,HiperChangomas
941da9b2-93b6-40b8-8de8-c9e27ad03e10,2026-07-30,BANNER_PROVINCE,23,1,AR-X,0,,,0.0,SUPPRESSED,Axion Energy
941da9b2-93b6-40b8-8de8-c9e27ad03e10,2026-07-30,BANNER_PROVINCE,24,2,AR-H,0,,,0.0,SUPPRESSED,FARMACITY
941da9b2-93b6-40b8-8de8-c9e27ad03e10,2026-07-30,BANNER_PROVINCE,24,2,AR-F,0,,,0.0,SUPPRESSED,FARMACITY
941da9b2-93b6-40b8-8de8-c9e27ad03e10,2026-07-30,BANNER_PROVINCE,11,5,AR-C,0,,,0.0,SUPPRESSED,HiperChangomas
941da9b2-93b6-40b8-8de8-c9e27ad03e10,2026-07-30,BANNER_PROVINCE,4,1,AR-C,0,,,0.0,SUPPRESSED,ESTACION LIMA S.A.
941da9b2-93b6-40b8-8de8-c9e27ad03e10,2026-07-30,BANNER_PROVINCE,11,2,AR-B,0,,,4.0,DIRECTIONAL,Changomas
941da9b2-93b6-40b8-8de8-c9e27ad03e10,2026-07-30,BANNER_PROVINCE,11,2,AR-R,0,,,8.0,SUPPRESSED,Changomas
941da9b2-93b6-40b8-8de8-c9e27ad03e10,2026-07-30,BANNER_PROVINCE,24,1,AR-E,0,,,0.0,SUPPRESSED,SIMPLICITY
941da9b2-93b6-40b8-8de8-c9e27ad03e10,2026-07-30,BANNER_PROVINCE,11,2,AR-L,0,,,6.0,SUPPRESSED,Changomas
941da9b2-93b6-40b8-8de8-c9e27ad03e10,2026-07-30,BANNER_PROVINCE,9,1,AR-W,0,,,0.0,SUPPRESSED,Vea
941da9b2-93b6-40b8-8de8-c9e27ad03e10,2026-07-30,BANNER_PROVINCE,10,1,AR-D,0,,,0.0,SUPPRESSED,Hipermercado Carrefour
941da9b2-93b6-40b8-8de8-c9e27ad03e10,2026-07-30,BANNER_PROVINCE,9,1,AR-G,0,,,0.0,SUPPRESSED,Vea
941da9b2-93b6-40b8-8de8-c9e27ad03e10,2026-07-30,BANNER_PROVINCE,10,1,AR-A,0,,,0.0,SUPPRESSED,Hipermercado Carrefour
941da9b2-93b6-40b8-8de8-c9e27ad03e10,2026-07-30,BANNER_PROVINCE,10,4,AR-B,0,,,20.0,DIRECTIONAL,Maxi
941da9b2-93b6-40b8-8de8-c9e27ad03e10,2026-07-30,BANNER_PROVINCE,10,2,AR-E,0,,,0.0,SUPPRESSED,Market
941da9b2-93b6-40b8-8de8-c9e27ad03e10,2026-07-30,BANNER_PROVINCE,10,4,AR-M,0,,,3.0,SUPPRESSED,Maxi
941da9b2-93b6-40b8-8de8-c9e27ad03e10,2026-07-30,BANNER_PROVINCE,10,2,AR-X,0,,,0.0,SUPPRESSED,Market
941da9b2-93b6-40b8-8de8-c9e27ad03e10,2026-07-30,BANNER_PROVINCE,12,1,AR-E,0,,,0.0,SUPPRESSED,COTO
941da9b2-93b6-40b8-8de8-c9e27ad03e10,2026-07-30,BANNER_PROVINCE,10,1,AR-P,0,,,0.0,SUPPRESSED,Hipermercado Carrefour
941da9b2-93b6-40b8-8de8-c9e27ad03e10,2026-07-30,BANNER_PROVINCE,11,4,AR-B,0,,,3.0,SUPPRESSED,SuperChangomas
941da9b2-93b6-40b8-8de8-c9e27ad03e10,2026-07-30,BANNER_PROVINCE,9,3,AR-X,0,,,0.0,SUPPRESSED,Jumbo
941da9b2-93b6-40b8-8de8-c9e27ad03e10,2026-07-30,BANNER_PROVINCE,15,1,AR-S,0,,,0.0,SUPPRESSED,DIA
941da9b2-93b6-40b8-8de8-c9e27ad03e10,2026-07-30,BANNER_PROVINCE,2,1,AR-N,0,,,0.0,SUPPRESSED,La Anonima
941da9b2-93b6-40b8-8de8-c9e27ad03e10,2026-07-30,BANNER_PROVINCE,2,1,AR-V,0,,,0.0,DIRECTIONAL,La Anonima
941da9b2-93b6-40b8-8de8-c9e27ad03e10,2026-07-30,BANNER_PROVINCE,11,2,AR-G,0,,,4.0,SUPPRESSED,Changomas
941da9b2-93b6-40b8-8de8-c9e27ad03e10,2026-07-30,BANNER_PROVINCE,24,1,AR-S,0,,,0.0,SUPPRESSED,SIMPLICITY
941da9b2-93b6-40b8-8de8-c9e27ad03e10,2026-07-30,BANNER_PROVINCE,24,1,AR-U,0,,,0.0,SUPPRESSED,SIMPLICITY
941da9b2-93b6-40b8-8de8-c9e27ad03e10,2026-07-30,BANNER_PROVINCE,24,1,AR-R,0,,,0.0,SUPPRESSED,SIMPLICITY
941da9b2-93b6-40b8-8de8-c9e27ad03e10,2026-07-30,BANNER_PROVINCE,9,1,AR-R,0,,,0.0,SUPPRESSED,Vea
941da9b2-93b6-40b8-8de8-c9e27ad03e10,2026-07-30,BANNER_PROVINCE,9,3,AR-S,0,,,0.0,SUPPRESSED,Jumbo
941da9b2-93b6-40b8-8de8-c9e27ad03e10,2026-07-30,BANNER_PROVINCE,9,1,AR-U,0,,,0.0,SUPPRESSED,Vea
941da9b2-93b6-40b8-8de8-c9e27ad03e10,2026-07-30,BANNER_PROVINCE,9,3,AR-T,0,,,0.0,SUPPRESSED,Jumbo
941da9b2-93b6-40b8-8de8-c9e27ad03e10,2026-07-30,BANNER_PROVINCE,10,1,AR-V,0,,,0.0,SUPPRESSED,Hipermercado Carrefour
941da9b2-93b6-40b8-8de8-c9e27ad03e10,2026-07-30,BANNER_PROVINCE,9,2,AR-S,0,,,2.0,SUPPRESSED,Disco
941da9b2-93b6-40b8-8de8-c9e27ad03e10,2026-07-30,BANNER_PROVINCE,9,1,AR-T,0,,,0.0,DIRECTIONAL,Vea
941da9b2-93b6-40b8-8de8-c9e27ad03e10,2026-07-30,BANNER_PROVINCE,10,1,AR-H,0,,,0.0,SUPPRESSED,Hipermercado Carrefour
941da9b2-93b6-40b8-8de8-c9e27ad03e10,2026-07-30,BANNER_PROVINCE,10,2,AR-U,0,,,0.0,SUPPRESSED,Market
941da9b2-93b6-40b8-8de8-c9e27ad03e10,2026-07-30,BANNER_PROVINCE,10,2,AR-T,0,,,0.0,SUPPRESSED,Market
941da9b2-93b6-40b8-8de8-c9e27ad03e10,2026-07-30,BANNER_PROVINCE,10,2,AR-M,0,,,0.0,SUPPRESSED,Market
941da9b2-93b6-40b8-8de8-c9e27ad03e10,2026-07-30,BANNER_PROVINCE,10,4,AR-E,0,,,2.0,SUPPRESSED,Maxi
941da9b2-93b6-40b8-8de8-c9e27ad03e10,2026-07-30,BANNER_PROVINCE,10,2,AR-Z,0,,,0.0,SUPPRESSED,Market
941da9b2-93b6-40b8-8de8-c9e27ad03e10,2026-07-30,BANNER_PROVINCE,10,1,AR-J,0,,,0.0,SUPPRESSED,Hipermercado Carrefour
941da9b2-93b6-40b8-8de8-c9e27ad03e10,2026-07-30,BANNER_PROVINCE,9,1,AR-Q,0,,,0.0,SUPPRESSED,Vea
941da9b2-93b6-40b8-8de8-c9e27ad03e10,2026-07-30,BANNER_PROVINCE,10,2,AR-L,0,,,0.0,SUPPRESSED,Market
941da9b2-93b6-40b8-8de8-c9e27ad03e10,2026-07-30,BANNER_PROVINCE,47,1,AR-B,0,,,15.0,SUPPRESSED,Sup. Unicoop
941da9b2-93b6-40b8-8de8-c9e27ad03e10,2026-07-30,BANNER_PROVINCE,9,1,AR-S,0,,,0.0,SUPPRESSED,Vea
941da9b2-93b6-40b8-8de8-c9e27ad03e10,2026-07-30,BANNER_PROVINCE,10,1,AR-C,0,,,0.0,SUPPRESSED,Hipermercado Carrefour
941da9b2-93b6-40b8-8de8-c9e27ad03e10,2026-07-30,BANNER_PROVINCE,24,2,AR-G,0,,,0.0,SUPPRESSED,FARMACITY
941da9b2-93b6-40b8-8de8-c9e27ad03e10,2026-07-30,BANNER_PROVINCE,13,1,AR-S,0,,,0.0,SUPPRESSED,Cooperativa Obrera
941da9b2-93b6-40b8-8de8-c9e27ad03e10,2026-07-30,BANNER_PROVINCE,11,5,AR-W,0,,,2.0,SUPPRESSED,HiperChangomas
941da9b2-93b6-40b8-8de8-c9e27ad03e10,2026-07-30,BANNER_PROVINCE,11,5,AR-X,0,,,8.0,SUPPRESSED,HiperChangomas
941da9b2-93b6-40b8-8de8-c9e27ad03e10,2026-07-30,BANNER_PROVINCE,11,5,AR-E,0,,,2.0,SUPPRESSED,HiperChangomas
941da9b2-93b6-40b8-8de8-c9e27ad03e10,2026-07-30,BANNER_PROVINCE,6,2,AR-Y,0,,,0.0,SUPPRESSED,Maxi Comodin
941da9b2-93b6-40b8-8de8-c9e27ad03e10,2026-07-30,BANNER_PROVINCE,16,1,AR-M,0,,,0.0,SUPPRESSED,Hipermercado Libertad
941da9b2-93b6-40b8-8de8-c9e27ad03e10,2026-07-30,BANNER_PROVINCE,9,3,AR-M,0,,,0.0,SUPPRESSED,Jumbo
941da9b2-93b6-40b8-8de8-c9e27ad03e10,2026-07-30,BANNER_PROVINCE,9,1,AR-Y,0,,,0.0,SUPPRESSED,Vea
941da9b2-93b6-40b8-8de8-c9e27ad03e10,2026-07-30,BANNER_PROVINCE,10,1,AR-Q,0,,,0.0,SUPPRESSED,Hipermercado Carrefour
941da9b2-93b6-40b8-8de8-c9e27ad03e10,2026-07-30,BANNER_PROVINCE,9,3,AR-U,0,,,0.0,SUPPRESSED,Jumbo
941da9b2-93b6-40b8-8de8-c9e27ad03e10,2026-07-30,BANNER_PROVINCE,10,4,AR-A,0,,,4.0,SUPPRESSED,Maxi
941da9b2-93b6-40b8-8de8-c9e27ad03e10,2026-07-30,BANNER_PROVINCE,9,1,AR-C,0,,,0.0,SUPPRESSED,Vea
941da9b2-93b6-40b8-8de8-c9e27ad03e10,2026-07-30,BANNER_PROVINCE,9,1,AR-J,0,,,0.0,SUPPRESSED,Vea
941da9b2-93b6-40b8-8de8-c9e27ad03e10,2026-07-30,BANNER_PROVINCE,9,1,AR-F,0,,,0.0,SUPPRESSED,Vea
941da9b2-93b6-40b8-8de8-c9e27ad03e10,2026-07-30,BANNER_PROVINCE,9,3,AR-Q,0,,,0.0,SUPPRESSED,Jumbo
941da9b2-93b6-40b8-8de8-c9e27ad03e10,2026-07-30,BANNER_PROVINCE,9,1,AR-H,0,,,0.0,SUPPRESSED,Vea
941da9b2-93b6-40b8-8de8-c9e27ad03e10,2026-07-30,BANNER_PROVINCE,10,2,AR-F,0,,,0.0,SUPPRESSED,Market
941da9b2-93b6-40b8-8de8-c9e27ad03e10,2026-07-30,BANNER_PROVINCE,11,5,AR-D,0,,,2.0,SUPPRESSED,HiperChangomas
941da9b2-93b6-40b8-8de8-c9e27ad03e10,2026-07-30,BANNER_PROVINCE,10,4,AR-K,0,,,3.0,SUPPRESSED,Maxi
941da9b2-93b6-40b8-8de8-c9e27ad03e10,2026-07-30,BANNER_PROVINCE,6,1,AR-T,0,,,0.0,SUPPRESSED,Supermercados Comodin
941da9b2-93b6-40b8-8de8-c9e27ad03e10,2026-07-30,BANNER_PROVINCE,24,2,AR-P,0,,,0.0,SUPPRESSED,FARMACITY
941da9b2-93b6-40b8-8de8-c9e27ad03e10,2026-07-30,BANNER_PROVINCE,20,1,AR-E,0,,,0.0,SUPPRESSED,LA AGRICOLA REGIONAL COOPERATIVA LIMITADA
941da9b2-93b6-40b8-8de8-c9e27ad03e10,2026-07-30,BANNER_PROVINCE,24,2,AR-A,0,,,0.0,SUPPRESSED,FARMACITY
941da9b2-93b6-40b8-8de8-c9e27ad03e10,2026-07-30,BANNER_PROVINCE,23,1,AR-S,0,,,0.0,SUPPRESSED,Axion Energy
941da9b2-93b6-40b8-8de8-c9e27ad03e10,2026-07-30,BANNER_PROVINCE,24,2,AR-D,0,,,0.0,SUPPRESSED,FARMACITY
941da9b2-93b6-40b8-8de8-c9e27ad03e10,2026-07-30,BANNER_PROVINCE,3,1,AR-C,0,,,0.0,SUPPRESSED,DEHEZA S.A.I.C.F. e I.
941da9b2-93b6-40b8-8de8-c9e27ad03e10,2026-07-30,BANNER_PROVINCE,15,1,AR-X,0,,,0.0,SUPPRESSED,DIA
941da9b2-93b6-40b8-8de8-c9e27ad03e10,2026-07-30,BANNER_PROVINCE,15,1,AR-W,0,,,0.0,DIRECTIONAL,DIA
941da9b2-93b6-40b8-8de8-c9e27ad03e10,2026-07-30,BANNER_PROVINCE,15,1,Buenos Aires,0,,,0.0,INVALID_GEOGRAPHY,DIA
941da9b2-93b6-40b8-8de8-c9e27ad03e10,2026-07-30,BANNER_PROVINCE,2,1,AR-T,0,,,0.0,SUPPRESSED,La Anonima
941da9b2-93b6-40b8-8de8-c9e27ad03e10,2026-07-30,BANNER_PROVINCE,11,2,AR-E,0,,,2.0,SUPPRESSED,Changomas
941da9b2-93b6-40b8-8de8-c9e27ad03e10,2026-07-30,BANNER_PROVINCE,2,1,AR-J,0,,,0.0,SUPPRESSED,La Anonima
941da9b2-93b6-40b8-8de8-c9e27ad03e10,2026-07-30,BANNER_PROVINCE,11,2,AR-D,0,,,2.0,SUPPRESSED,Changomas
941da9b2-93b6-40b8-8de8-c9e27ad03e10,2026-07-30,BANNER_PROVINCE,2,1,AR-L,0,,,0.0,SUPPRESSED,La Anonima
941da9b2-93b6-40b8-8de8-c9e27ad03e10,2026-07-30,BANNER_PROVINCE,2,1,AR-S,0,,,1.0,DIRECTIONAL,La Anonima
941da9b2-93b6-40b8-8de8-c9e27ad03e10,2026-07-30,BANNER_PROVINCE,11,2,AR-K,0,,,2.0,SUPPRESSED,Changomas
941da9b2-93b6-40b8-8de8-c9e27ad03e10,2026-07-30,BANNER_PROVINCE,9,1,AR-D,0,,,3.0,SUPPRESSED,Vea
941da9b2-93b6-40b8-8de8-c9e27ad03e10,2026-07-30,BANNER_PROVINCE,2,1,AR-H,0,,,0.0,SUPPRESSED,La Anonima
941da9b2-93b6-40b8-8de8-c9e27ad03e10,2026-07-30,BANNER_PROVINCE,11,2,AR-X,0,,,6.0,SUPPRESSED,Changomas
941da9b2-93b6-40b8-8de8-c9e27ad03e10,2026-07-30,BANNER_PROVINCE,11,2,AR-W,0,,,4.0,SUPPRESSED,Changomas
941da9b2-93b6-40b8-8de8-c9e27ad03e10,2026-07-30,BANNER_PROVINCE,11,2,AR-P,0,,,6.0,SUPPRESSED,Changomas
941da9b2-93b6-40b8-8de8-c9e27ad03e10,2026-07-30,BANNER_PROVINCE,11,5,AR-J,0,,,2.0,SUPPRESSED,HiperChangomas
941da9b2-93b6-40b8-8de8-c9e27ad03e10,2026-07-30,BANNER_PROVINCE,11,2,AR-A,0,,,8.0,SUPPRESSED,Changomas
941da9b2-93b6-40b8-8de8-c9e27ad03e10,2026-07-30,BANNER_PROVINCE,10,1,AR-L,0,,,0.0,SUPPRESSED,Hipermercado Carrefour
941da9b2-93b6-40b8-8de8-c9e27ad03e10,2026-07-30,BANNER_PROVINCE,8,1,AR-X,0,,,11.0,DIRECTIONAL,Mariano Max
941da9b2-93b6-40b8-8de8-c9e27ad03e10,2026-07-30,BANNER_PROVINCE,10,2,AR-W,0,,,0.0,SUPPRESSED,Market
941da9b2-93b6-40b8-8de8-c9e27ad03e10,2026-07-30,BANNER_PROVINCE,24,2,AR-L,0,,,1.0,SUPPRESSED,FARMACITY
941da9b2-93b6-40b8-8de8-c9e27ad03e10,2026-07-30,BANNER_PROVINCE,11,5,AR-B,0,,,6.0,DIRECTIONAL,HiperChangomas
941da9b2-93b6-40b8-8de8-c9e27ad03e10,2026-07-30,BANNER_PROVINCE,11,5,AR-S,0,,,2.0,SUPPRESSED,HiperChangomas
941da9b2-93b6-40b8-8de8-c9e27ad03e10,2026-07-30,BANNER_PROVINCE,11,5,AR-U,0,,,4.0,SUPPRESSED,HiperChangomas
941da9b2-93b6-40b8-8de8-c9e27ad03e10,2026-07-30,BANNER_PROVINCE,5,1,AR-N,0,,,0.0,SUPPRESSED,California Supermercados
941da9b2-93b6-40b8-8de8-c9e27ad03e10,2026-07-30,BANNER_PROVINCE,6,1,AR-A,0,,,0.0,SUPPRESSED,Supermercados Comodin
941da9b2-93b6-40b8-8de8-c9e27ad03e10,2026-07-30,BANNER_PROVINCE,11,5,AR-Q,0,,,2.0,SUPPRESSED,HiperChangomas
941da9b2-93b6-40b8-8de8-c9e27ad03e10,2026-07-30,BANNER_PROVINCE,11,5,AR-T,0,,,2.0,SUPPRESSED,HiperChangomas
941da9b2-93b6-40b8-8de8-c9e27ad03e10,2026-07-30,BANNER_PROVINCE,11,4,,0,,,0.0,INVALID_GEOGRAPHY,SuperChangomas
941da9b2-93b6-40b8-8de8-c9e27ad03e10,2026-07-30,BANNER_PROVINCE,6,2,AR-A,0,,,0.0,SUPPRESSED,Maxi Comodin
941da9b2-93b6-40b8-8de8-c9e27ad03e10,2026-07-30,BANNER_PROVINCE,9,1,AR-K,0,,,0.0,SUPPRESSED,Vea
941da9b2-93b6-40b8-8de8-c9e27ad03e10,2026-07-30,BANNER_PROVINCE,9,1,AR-A,0,,,0.0,DIRECTIONAL,Vea
941da9b2-93b6-40b8-8de8-c9e27ad03e10,2026-07-30,BANNER_PROVINCE,10,1,AR-U,0,,,0.0,SUPPRESSED,Hipermercado Carrefour
941da9b2-93b6-40b8-8de8-c9e27ad03e10,2026-07-30,BANNER_PROVINCE,13,1,AR-X,0,,,0.0,SUPPRESSED,Cooperativa Obrera
941da9b2-93b6-40b8-8de8-c9e27ad03e10,2026-07-30,BANNER_PROVINCE,10,1,AR-T,0,,,0.0,SUPPRESSED,Hipermercado Carrefour
941da9b2-93b6-40b8-8de8-c9e27ad03e10,2026-07-30,BANNER_PROVINCE,11,4,AR-C,0,,,0.0,SUPPRESSED,SuperChangomas
941da9b2-93b6-40b8-8de8-c9e27ad03e10,2026-07-30,BANNER_PROVINCE,10,1,AR-R,0,,,0.0,SUPPRESSED,Hipermercado Carrefour
941da9b2-93b6-40b8-8de8-c9e27ad03e10,2026-07-30,BANNER_PROVINCE,10,1,AR-Z,0,,,0.0,SUPPRESSED,Hipermercado Carrefour
941da9b2-93b6-40b8-8de8-c9e27ad03e10,2026-07-30,BANNER_PROVINCE,3,1,AR-B,0,,,0.0,SUPPRESSED,DEHEZA S.A.I.C.F. e I.
941da9b2-93b6-40b8-8de8-c9e27ad03e10,2026-07-30,BANNER_PROVINCE,24,1,AR-M,0,,,0.0,SUPPRESSED,SIMPLICITY
941da9b2-93b6-40b8-8de8-c9e27ad03e10,2026-07-30,BANNER_PROVINCE,10,3,,0,,,0.0,INVALID_GEOGRAPHY,Express
941da9b2-93b6-40b8-8de8-c9e27ad03e10,2026-07-30,BANNER_PROVINCE,10,1,AR-S,0,,,0.0,SUPPRESSED,Hipermercado Carrefour
941da9b2-93b6-40b8-8de8-c9e27ad03e10,2026-07-30,BANNER_PROVINCE,24,2,AR-B,0,,,0.0,SUPPRESSED,FARMACITY
941da9b2-93b6-40b8-8de8-c9e27ad03e10,2026-07-30,BANNER_PROVINCE,6,1,AR-Y,0,,,0.0,DIRECTIONAL,Supermercados Comodin
941da9b2-93b6-40b8-8de8-c9e27ad03e10,2026-07-30,BANNER_PROVINCE,10,1,AR-M,0,,,0.0,SUPPRESSED,Hipermercado Carrefour
941da9b2-93b6-40b8-8de8-c9e27ad03e10,2026-07-30,BANNER_PROVINCE,9,3,AR-C,0,,,0.0,DIRECTIONAL,Jumbo
941da9b2-93b6-40b8-8de8-c9e27ad03e10,2026-07-30,BANNER_PROVINCE,10,2,AR-D,0,,,0.0,SUPPRESSED,Market
941da9b2-93b6-40b8-8de8-c9e27ad03e10,2026-07-30,BANNER_PROVINCE,10,3,AR-M,0,,,0.0,DIRECTIONAL,Express
941da9b2-93b6-40b8-8de8-c9e27ad03e10,2026-07-30,BANNER_PROVINCE,10,2,AR-K,0,,,0.0,SUPPRESSED,Market
941da9b2-93b6-40b8-8de8-c9e27ad03e10,2026-07-30,BANNER_PROVINCE,10,4,AR-C,0,,,19.0,DIRECTIONAL,Maxi
941da9b2-93b6-40b8-8de8-c9e27ad03e10,2026-07-30,BANNER_PROVINCE,9,1,AR-E,0,,,0.0,SUPPRESSED,Vea
941da9b2-93b6-40b8-8de8-c9e27ad03e10,2026-07-30,BANNER_PROVINCE,24,2,AR-E,0,,,0.0,SUPPRESSED,FARMACITY
941da9b2-93b6-40b8-8de8-c9e27ad03e10,2026-07-30,NATIONAL,,,,638,0.10369921164342026,0.10369921164342026,564.0,PUBLISHABLE,
941da9b2-93b6-40b8-8de8-c9e27ad03e10,2026-07-30,PROVINCE,,,AR-Y,64,0.17226375140613773,0.17226375140613773,4.0,DIRECTIONAL,
941da9b2-93b6-40b8-8de8-c9e27ad03e10,2026-07-30,PROVINCE,,,AR-X,625,0.12376779846659365,0.12376779846659365,33.0,PUBLISHABLE,
941da9b2-93b6-40b8-8de8-c9e27ad03e10,2026-07-30,PROVINCE,,,AR-S,628,0.11296042634733064,0.11296042634733064,5.0,PUBLISHABLE,
941da9b2-93b6-40b8-8de8-c9e27ad03e10,2026-07-30,PROVINCE,,,AR-U,609,0.10666666666666667,0.10612903225806451,79.0,PUBLISHABLE,
941da9b2-93b6-40b8-8de8-c9e27ad03e10,2026-07-30,PROVINCE,,,AR-R,625,0.0896,0.08931623931623932,75.0,PUBLISHABLE,
941da9b2-93b6-40b8-8de8-c9e27ad03e10,2026-07-30,PROVINCE,,,AR-A,636,0.08855419294470382,0.08831410152916883,31.0,PUBLISHABLE,
941da9b2-93b6-40b8-8de8-c9e27ad03e10,2026-07-30,PROVINCE,,,AR-J,293,0.08828451882845188,0.08828451882845188,12.0,PUBLISHABLE,
941da9b2-93b6-40b8-8de8-c9e27ad03e10,2026-07-30,PROVINCE,,,AR-L,254,0.08490139294746635,0.08490139294746635,7.0,PUBLISHABLE,
941da9b2-93b6-40b8-8de8-c9e27ad03e10,2026-07-30,PROVINCE,,,AR-Q,620,0.07748973727422004,0.0770773169675634,76.0,PUBLISHABLE,
941da9b2-93b6-40b8-8de8-c9e27ad03e10,2026-07-30,PROVINCE,,,AR-T,439,0.07702567522507503,0.07702567522507503,10.0,PUBLISHABLE,
941da9b2-93b6-40b8-8de8-c9e27ad03e10,2026-07-30,PROVINCE,,,AR-B,638,0.07084007556081404,0.07084007556081404,77.0,PUBLISHABLE,
941da9b2-93b6-40b8-8de8-c9e27ad03e10,2026-07-30,PROVINCE,,,AR-M,587,0.06048587010411502,0.06048587010411502,13.0,PUBLISHABLE,
941da9b2-93b6-40b8-8de8-c9e27ad03e10,2026-07-30,PROVINCE,,,AR-C,638,0.05,0.05,19.0,PUBLISHABLE,
941da9b2-93b6-40b8-8de8-c9e27ad03e10,2026-07-30,PROVINCE,,,AR-W,603,0.03824091778202677,0.03824091778202677,6.0,PUBLISHABLE,
941da9b2-93b6-40b8-8de8-c9e27ad03e10,2026-07-30,PROVINCE,,,AR-Z,345,0.0353356890459364,0.0353356890459364,76.0,PUBLISHABLE,
941da9b2-93b6-40b8-8de8-c9e27ad03e10,2026-07-30,PROVINCE,,,AR-E,638,0.029786690347564912,0.029786690347564912,6.0,PUBLISHABLE,
941da9b2-93b6-40b8-8de8-c9e27ad03e10,2026-07-30,PROVINCE,,,Buenos Aires,0,,,0.0,INVALID_GEOGRAPHY,
941da9b2-93b6-40b8-8de8-c9e27ad03e10,2026-07-30,PROVINCE,,,AR-P,0,,,6.0,SUPPRESSED,
941da9b2-93b6-40b8-8de8-c9e27ad03e10,2026-07-30,PROVINCE,,,,0,,,2.0,INVALID_GEOGRAPHY,
941da9b2-93b6-40b8-8de8-c9e27ad03e10,2026-07-30,PROVINCE,,,AR-H,0,,,5.0,DIRECTIONAL,
941da9b2-93b6-40b8-8de8-c9e27ad03e10,2026-07-30,PROVINCE,,,AR-F,0,,,2.0,SUPPRESSED,
941da9b2-93b6-40b8-8de8-c9e27ad03e10,2026-07-30,PROVINCE,,,AR-N,0,,,4.0,DIRECTIONAL,
941da9b2-93b6-40b8-8de8-c9e27ad03e10,2026-07-30,PROVINCE,,,AR-V,0,,,0.0,DIRECTIONAL,
941da9b2-93b6-40b8-8de8-c9e27ad03e10,2026-07-30,PROVINCE,,,AR-K,0,,,5.0,SUPPRESSED,
941da9b2-93b6-40b8-8de8-c9e27ad03e10,2026-07-30,PROVINCE,,,AR-D,0,,,7.0,DIRECTIONAL,
941da9b2-93b6-40b8-8de8-c9e27ad03e10,2026-07-30,PROVINCE,,,AR-G,0,,,4.0,DIRECTIONAL,
941da9b2-93b6-40b8-8de8-c9e27ad03e10,2026-07-31,BANNER,11,2,,633,0.129764801297648,0.129764801297648,86.0,PUBLISHABLE,Changomas
941da9b2-93b6-40b8-8de8-c9e27ad03e10,2026-07-31,BANNER,21,1,,160,0.1,0.1,18.0,PUBLISHABLE,Toledo
941da9b2-93b6-40b8-8de8-c9e27ad03e10,2026-07-31,BANNER,10,1,,627,0.09855907780979827,0.09855907780979827,0.0,PUBLISHABLE,Hipermercado Carrefour
941da9b2-93b6-40b8-8de8-c9e27ad03e10,2026-07-31,BANNER,2,1,,624,0.08571428571428572,0.08571428571428572,222.0,PUBLISHABLE,La Anonima
941da9b2-93b6-40b8-8de8-c9e27ad03e10,2026-07-31,BANNER,13,1,,585,0.08278167836843865,0.08278167836843865,11.0,PUBLISHABLE,Cooperativa Obrera
941da9b2-93b6-40b8-8de8-c9e27ad03e10,2026-07-31,BANNER,10,2,,599,0.07075792624846917,0.07075792624846917,0.0,PUBLISHABLE,Market
941da9b2-93b6-40b8-8de8-c9e27ad03e10,2026-07-31,BANNER,23,1,,18,0.06810712111990261,0.06810712111990261,0.0,SUPPRESSED,Axion Energy
941da9b2-93b6-40b8-8de8-c9e27ad03e10,2026-07-31,BANNER,3,1,,19,0.056179775280898875,0.056179775280898875,0.0,SUPPRESSED,DEHEZA S.A.I.C.F. e I.
941da9b2-93b6-40b8-8de8-c9e27ad03e10,2026-07-31,BANNER,9,2,,587,0.05194805194805195,0.05194805194805195,2.0,PUBLISHABLE,Disco
941da9b2-93b6-40b8-8de8-c9e27ad03e10,2026-07-31,BANNER,9,1,,605,0.05101058710298364,0.05101058710298364,3.0,PUBLISHABLE,Vea
941da9b2-93b6-40b8-8de8-c9e27ad03e10,2026-07-31,BANNER,11,5,,633,0.04906586148329874,0.04906586148329874,40.0,PUBLISHABLE,HiperChangomas
941da9b2-93b6-40b8-8de8-c9e27ad03e10,2026-07-31,BANNER,10,3,,439,0.04604051565377532,0.04604051565377532,0.0,PUBLISHABLE,Express
941da9b2-93b6-40b8-8de8-c9e27ad03e10,2026-07-31,BANNER,9,3,,578,0.026614583333333334,0.026614583333333334,0.0,PUBLISHABLE,Jumbo
941da9b2-93b6-40b8-8de8-c9e27ad03e10,2026-07-31,BANNER,10,4,,526,0.0,0.0,54.0,PUBLISHABLE,Maxi
941da9b2-93b6-40b8-8de8-c9e27ad03e10,2026-07-31,BANNER,6,1,,64,0.0,0.0,0.0,DIRECTIONAL,Supermercados Comodin
941da9b2-93b6-40b8-8de8-c9e27ad03e10,2026-07-31,BANNER,15,1,,635,0.0,0.0,24.0,PUBLISHABLE,DIA
941da9b2-93b6-40b8-8de8-c9e27ad03e10,2026-07-31,BANNER,12,1,,634,0.0,0.0,0.0,PUBLISHABLE,COTO
941da9b2-93b6-40b8-8de8-c9e27ad03e10,2026-07-31,BANNER,11,4,,0,,,3.0,SUPPRESSED,SuperChangomas
941da9b2-93b6-40b8-8de8-c9e27ad03e10,2026-07-31,BANNER,8,1,,0,,,12.0,DIRECTIONAL,Mariano Max
941da9b2-93b6-40b8-8de8-c9e27ad03e10,2026-07-31,BANNER,4,1,,0,,,0.0,SUPPRESSED,ESTACION LIMA S.A.
941da9b2-93b6-40b8-8de8-c9e27ad03e10,2026-07-31,BANNER,20,1,,0,,,0.0,SUPPRESSED,LA AGRICOLA REGIONAL COOPERATIVA LIMITADA
941da9b2-93b6-40b8-8de8-c9e27ad03e10,2026-07-31,BANNER,6,2,,0,,,0.0,SUPPRESSED,Maxi Comodin
941da9b2-93b6-40b8-8de8-c9e27ad03e10,2026-07-31,BANNER,47,1,,0,,,15.0,SUPPRESSED,Sup. Unicoop
941da9b2-93b6-40b8-8de8-c9e27ad03e10,2026-07-31,BANNER,5,1,,0,,,0.0,SUPPRESSED,California Supermercados
941da9b2-93b6-40b8-8de8-c9e27ad03e10,2026-07-31,BANNER,16,1,,0,,,0.0,SUPPRESSED,Hipermercado Libertad
941da9b2-93b6-40b8-8de8-c9e27ad03e10,2026-07-31,BANNER_PROVINCE,21,1,AR-B,160,0.1,0.1,18.0,PUBLISHABLE,Toledo
941da9b2-93b6-40b8-8de8-c9e27ad03e10,2026-07-31,BANNER_PROVINCE,10,2,AR-B,527,0.06857502359232463,0.06857502359232463,0.0,PUBLISHABLE,Market
941da9b2-93b6-40b8-8de8-c9e27ad03e10,2026-07-31,BANNER_PROVINCE,13,1,AR-B,577,0.06000500041670139,0.06000500041670139,8.0,PUBLISHABLE,Cooperativa Obrera
941da9b2-93b6-40b8-8de8-c9e27ad03e10,2026-07-31,BANNER_PROVINCE,23,1,AR-B,7,0.05714285714285714,0.05714285714285714,0.0,SUPPRESSED,Axion Energy
941da9b2-93b6-40b8-8de8-c9e27ad03e10,2026-07-31,BANNER_PROVINCE,9,2,AR-B,452,0.038682569802114396,0.038682569802114396,0.0,PUBLISHABLE,Disco
941da9b2-93b6-40b8-8de8-c9e27ad03e10,2026-07-31,BANNER_PROVINCE,15,1,AR-A,621,0.03385378666277543,0.03385378666277543,18.0,PUBLISHABLE,DIA
941da9b2-93b6-40b8-8de8-c9e27ad03e10,2026-07-31,BANNER_PROVINCE,2,1,AR-R,555,0.029850746268656716,0.029850746268656716,57.0,PUBLISHABLE,La Anonima
941da9b2-93b6-40b8-8de8-c9e27ad03e10,2026-07-31,BANNER_PROVINCE,23,1,AR-C,8,0.02797339593114241,0.02797339593114241,0.0,SUPPRESSED,Axion Energy
941da9b2-93b6-40b8-8de8-c9e27ad03e10,2026-07-31,BANNER_PROVINCE,13,1,AR-R,460,0.027929441411171776,0.027929441411171776,0.0,PUBLISHABLE,Cooperativa Obrera
941da9b2-93b6-40b8-8de8-c9e27ad03e10,2026-07-31,BANNER_PROVINCE,2,1,AR-Z,533,0.027777777777777776,0.027777777777777776,49.0,PUBLISHABLE,La Anonima
941da9b2-93b6-40b8-8de8-c9e27ad03e10,2026-07-31,BANNER_PROVINCE,13,1,AR-Q,401,0.027512418800152847,0.027512418800152847,3.0,PUBLISHABLE,Cooperativa Obrera
941da9b2-93b6-40b8-8de8-c9e27ad03e10,2026-07-31,BANNER_PROVINCE,9,1,AR-B,470,0.027294427738797936,0.027294427738797936,0.0,PUBLISHABLE,Vea
941da9b2-93b6-40b8-8de8-c9e27ad03e10,2026-07-31,BANNER_PROVINCE,2,1,AR-Q,537,0.023076923076923078,0.023076923076923078,58.0,PUBLISHABLE,La Anonima
941da9b2-93b6-40b8-8de8-c9e27ad03e10,2026-07-31,BANNER_PROVINCE,2,1,AR-U,490,0.022222222222222223,0.022222222222222223,47.0,PUBLISHABLE,La Anonima
941da9b2-93b6-40b8-8de8-c9e27ad03e10,2026-07-31,BANNER_PROVINCE,9,2,AR-C,422,0.020101010101010102,0.020101010101010102,0.0,PUBLISHABLE,Disco
941da9b2-93b6-40b8-8de8-c9e27ad03e10,2026-07-31,BANNER_PROVINCE,15,1,AR-C,635,0.019916142557651992,0.019916142557651992,0.0,PUBLISHABLE,DIA
941da9b2-93b6-40b8-8de8-c9e27ad03e10,2026-07-31,BANNER_PROVINCE,10,3,AR-C,437,0.0192348792477025,0.0192348792477025,0.0,PUBLISHABLE,Express
941da9b2-93b6-40b8-8de8-c9e27ad03e10,2026-07-31,BANNER_PROVINCE,15,1,AR-B,635,0.0,0.0,0.0,PUBLISHABLE,DIA
941da9b2-93b6-40b8-8de8-c9e27ad03e10,2026-07-31,BANNER_PROVINCE,12,1,AR-C,611,0.0,0.0,0.0,PUBLISHABLE,COTO
941da9b2-93b6-40b8-8de8-c9e27ad03e10,2026-07-31,BANNER_PROVINCE,9,2,AR-X,323,0.0,0.0,0.0,PUBLISHABLE,Disco
941da9b2-93b6-40b8-8de8-c9e27ad03e10,2026-07-31,BANNER_PROVINCE,9,1,AR-X,190,0.0,0.0,0.0,PUBLISHABLE,Vea
941da9b2-93b6-40b8-8de8-c9e27ad03e10,2026-07-31,BANNER_PROVINCE,2,1,AR-B,456,0.0,0.0,6.0,PUBLISHABLE,La Anonima
941da9b2-93b6-40b8-8de8-c9e27ad03e10,2026-07-31,BANNER_PROVINCE,10,3,AR-B,427,0.0,0.0,0.0,PUBLISHABLE,Express
941da9b2-93b6-40b8-8de8-c9e27ad03e10,2026-07-31,BANNER_PROVINCE,15,1,AR-E,635,0.0,0.0,0.0,PUBLISHABLE,DIA
941da9b2-93b6-40b8-8de8-c9e27ad03e10,2026-07-31,BANNER_PROVINCE,10,2,AR-C,525,0.0,0.0,0.0,PUBLISHABLE,Market
941da9b2-93b6-40b8-8de8-c9e27ad03e10,2026-07-31,BANNER_PROVINCE,9,1,AR-M,502,0.0,0.0,0.0,PUBLISHABLE,Vea
941da9b2-93b6-40b8-8de8-c9e27ad03e10,2026-07-31,BANNER_PROVINCE,12,1,AR-B,626,0.0,0.0,0.0,PUBLISHABLE,COTO
941da9b2-93b6-40b8-8de8-c9e27ad03e10,2026-07-31,BANNER_PROVINCE,10,3,AR-X,380,0.0,0.0,0.0,PUBLISHABLE,Express
941da9b2-93b6-40b8-8de8-c9e27ad03e10,2026-07-31,BANNER_PROVINCE,10,1,AR-B,614,0.0,0.0,0.0,PUBLISHABLE,Hipermercado Carrefour
941da9b2-93b6-40b8-8de8-c9e27ad03e10,2026-07-31,BANNER_PROVINCE,5,1,AR-N,0,,,0.0,SUPPRESSED,California Supermercados
941da9b2-93b6-40b8-8de8-c9e27ad03e10,2026-07-31,BANNER_PROVINCE,9,1,AR-T,0,,,0.0,DIRECTIONAL,Vea
941da9b2-93b6-40b8-8de8-c9e27ad03e10,2026-07-31,BANNER_PROVINCE,11,2,,0,,,2.0,INVALID_GEOGRAPHY,Changomas
941da9b2-93b6-40b8-8de8-c9e27ad03e10,2026-07-31,BANNER_PROVINCE,11,2,AR-Q,0,,,2.0,SUPPRESSED,Changomas
941da9b2-93b6-40b8-8de8-c9e27ad03e10,2026-07-31,BANNER_PROVINCE,2,1,AR-L,0,,,0.0,SUPPRESSED,La Anonima
941da9b2-93b6-40b8-8de8-c9e27ad03e10,2026-07-31,BANNER_PROVINCE,13,1,AR-S,0,,,0.0,SUPPRESSED,Cooperativa Obrera
941da9b2-93b6-40b8-8de8-c9e27ad03e10,2026-07-31,BANNER_PROVINCE,11,2,AR-L,0,,,6.0,SUPPRESSED,Changomas
941da9b2-93b6-40b8-8de8-c9e27ad03e10,2026-07-31,BANNER_PROVINCE,11,2,AR-U,0,,,4.0,SUPPRESSED,Changomas
941da9b2-93b6-40b8-8de8-c9e27ad03e10,2026-07-31,BANNER_PROVINCE,15,1,AR-J,0,,,6.0,SUPPRESSED,DIA
941da9b2-93b6-40b8-8de8-c9e27ad03e10,2026-07-31,BANNER_PROVINCE,9,3,AR-T,0,,,0.0,SUPPRESSED,Jumbo
941da9b2-93b6-40b8-8de8-c9e27ad03e10,2026-07-31,BANNER_PROVINCE,9,3,AR-Q,0,,,0.0,SUPPRESSED,Jumbo
941da9b2-93b6-40b8-8de8-c9e27ad03e10,2026-07-31,BANNER_PROVINCE,9,3,AR-B,0,,,0.0,DIRECTIONAL,Jumbo
941da9b2-93b6-40b8-8de8-c9e27ad03e10,2026-07-31,BANNER_PROVINCE,9,3,AR-M,0,,,0.0,SUPPRESSED,Jumbo
941da9b2-93b6-40b8-8de8-c9e27ad03e10,2026-07-31,BANNER_PROVINCE,9,3,AR-U,0,,,0.0,SUPPRESSED,Jumbo
941da9b2-93b6-40b8-8de8-c9e27ad03e10,2026-07-31,BANNER_PROVINCE,10,1,AR-U,0,,,0.0,SUPPRESSED,Hipermercado Carrefour
941da9b2-93b6-40b8-8de8-c9e27ad03e10,2026-07-31,BANNER_PROVINCE,10,1,AR-M,0,,,0.0,SUPPRESSED,Hipermercado Carrefour
941da9b2-93b6-40b8-8de8-c9e27ad03e10,2026-07-31,BANNER_PROVINCE,10,1,AR-S,0,,,0.0,SUPPRESSED,Hipermercado Carrefour
941da9b2-93b6-40b8-8de8-c9e27ad03e10,2026-07-31,BANNER_PROVINCE,10,1,AR-Q,0,,,0.0,SUPPRESSED,Hipermercado Carrefour
941da9b2-93b6-40b8-8de8-c9e27ad03e10,2026-07-31,BANNER_PROVINCE,10,1,AR-T,0,,,0.0,SUPPRESSED,Hipermercado Carrefour
941da9b2-93b6-40b8-8de8-c9e27ad03e10,2026-07-31,BANNER_PROVINCE,11,2,AR-Y,0,,,4.0,SUPPRESSED,Changomas
941da9b2-93b6-40b8-8de8-c9e27ad03e10,2026-07-31,BANNER_PROVINCE,10,1,AR-Z,0,,,0.0,SUPPRESSED,Hipermercado Carrefour
941da9b2-93b6-40b8-8de8-c9e27ad03e10,2026-07-31,BANNER_PROVINCE,10,1,AR-L,0,,,0.0,SUPPRESSED,Hipermercado Carrefour
941da9b2-93b6-40b8-8de8-c9e27ad03e10,2026-07-31,BANNER_PROVINCE,10,1,AR-R,0,,,0.0,SUPPRESSED,Hipermercado Carrefour
941da9b2-93b6-40b8-8de8-c9e27ad03e10,2026-07-31,BANNER_PROVINCE,2,1,AR-V,0,,,0.0,DIRECTIONAL,La Anonima
941da9b2-93b6-40b8-8de8-c9e27ad03e10,2026-07-31,BANNER_PROVINCE,2,1,AR-J,0,,,0.0,SUPPRESSED,La Anonima
941da9b2-93b6-40b8-8de8-c9e27ad03e10,2026-07-31,BANNER_PROVINCE,2,1,AR-N,0,,,0.0,SUPPRESSED,La Anonima
941da9b2-93b6-40b8-8de8-c9e27ad03e10,2026-07-31,BANNER_PROVINCE,9,3,AR-S,0,,,0.0,SUPPRESSED,Jumbo
941da9b2-93b6-40b8-8de8-c9e27ad03e10,2026-07-31,BANNER_PROVINCE,11,2,AR-J,0,,,4.0,SUPPRESSED,Changomas
941da9b2-93b6-40b8-8de8-c9e27ad03e10,2026-07-31,BANNER_PROVINCE,11,2,AR-N,0,,,4.0,SUPPRESSED,Changomas
941da9b2-93b6-40b8-8de8-c9e27ad03e10,2026-07-31,BANNER_PROVINCE,2,1,AR-H,0,,,0.0,SUPPRESSED,La Anonima
941da9b2-93b6-40b8-8de8-c9e27ad03e10,2026-07-31,BANNER_PROVINCE,11,2,AR-F,0,,,2.0,SUPPRESSED,Changomas
941da9b2-93b6-40b8-8de8-c9e27ad03e10,2026-07-31,BANNER_PROVINCE,2,1,AR-G,0,,,0.0,SUPPRESSED,La Anonima
941da9b2-93b6-40b8-8de8-c9e27ad03e10,2026-07-31,BANNER_PROVINCE,10,2,AR-F,0,,,0.0,SUPPRESSED,Market
941da9b2-93b6-40b8-8de8-c9e27ad03e10,2026-07-31,BANNER_PROVINCE,10,4,AR-K,0,,,2.0,SUPPRESSED,Maxi
941da9b2-93b6-40b8-8de8-c9e27ad03e10,2026-07-31,BANNER_PROVINCE,10,4,AR-A,0,,,3.0,SUPPRESSED,Maxi
941da9b2-93b6-40b8-8de8-c9e27ad03e10,2026-07-31,BANNER_PROVINCE,11,5,AR-D,0,,,2.0,SUPPRESSED,HiperChangomas
941da9b2-93b6-40b8-8de8-c9e27ad03e10,2026-07-31,BANNER_PROVINCE,9,1,AR-S,0,,,0.0,SUPPRESSED,Vea
941da9b2-93b6-40b8-8de8-c9e27ad03e10,2026-07-31,BANNER_PROVINCE,13,1,AR-L,0,,,0.0,SUPPRESSED,Cooperativa Obrera
941da9b2-93b6-40b8-8de8-c9e27ad03e10,2026-07-31,BANNER_PROVINCE,12,1,AR-E,0,,,0.0,SUPPRESSED,COTO
941da9b2-93b6-40b8-8de8-c9e27ad03e10,2026-07-31,BANNER_PROVINCE,2,1,AR-T,0,,,0.0,SUPPRESSED,La Anonima
941da9b2-93b6-40b8-8de8-c9e27ad03e10,2026-07-31,BANNER_PROVINCE,3,1,AR-B,0,,,0.0,SUPPRESSED,DEHEZA S.A.I.C.F. e I.
941da9b2-93b6-40b8-8de8-c9e27ad03e10,2026-07-31,BANNER_PROVINCE,20,1,AR-E,0,,,0.0,SUPPRESSED,LA AGRICOLA REGIONAL COOPERATIVA LIMITADA
941da9b2-93b6-40b8-8de8-c9e27ad03e10,2026-07-31,BANNER_PROVINCE,2,1,AR-S,0,,,0.0,DIRECTIONAL,La Anonima
941da9b2-93b6-40b8-8de8-c9e27ad03e10,2026-07-31,BANNER_PROVINCE,11,2,AR-M,0,,,4.0,SUPPRESSED,Changomas
941da9b2-93b6-40b8-8de8-c9e27ad03e10,2026-07-31,BANNER_PROVINCE,6,1,AR-A,0,,,0.0,SUPPRESSED,Supermercados Comodin
941da9b2-93b6-40b8-8de8-c9e27ad03e10,2026-07-31,BANNER_PROVINCE,10,1,AR-J,0,,,0.0,SUPPRESSED,Hipermercado Carrefour
941da9b2-93b6-40b8-8de8-c9e27ad03e10,2026-07-31,BANNER_PROVINCE,10,1,AR-H,0,,,0.0,SUPPRESSED,Hipermercado Carrefour
941da9b2-93b6-40b8-8de8-c9e27ad03e10,2026-07-31,BANNER_PROVINCE,11,2,AR-R,0,,,8.0,SUPPRESSED,Changomas
941da9b2-93b6-40b8-8de8-c9e27ad03e10,2026-07-31,BANNER_PROVINCE,9,1,AR-Y,0,,,0.0,SUPPRESSED,Vea
941da9b2-93b6-40b8-8de8-c9e27ad03e10,2026-07-31,BANNER_PROVINCE,11,2,AR-B,0,,,4.0,DIRECTIONAL,Changomas
941da9b2-93b6-40b8-8de8-c9e27ad03e10,2026-07-31,BANNER_PROVINCE,9,1,AR-F,0,,,0.0,SUPPRESSED,Vea
941da9b2-93b6-40b8-8de8-c9e27ad03e10,2026-07-31,BANNER_PROVINCE,10,1,AR-C,0,,,0.0,SUPPRESSED,Hipermercado Carrefour
941da9b2-93b6-40b8-8de8-c9e27ad03e10,2026-07-31,BANNER_PROVINCE,9,3,AR-C,0,,,0.0,DIRECTIONAL,Jumbo
941da9b2-93b6-40b8-8de8-c9e27ad03e10,2026-07-31,BANNER_PROVINCE,13,1,AR-U,0,,,0.0,SUPPRESSED,Cooperativa Obrera
941da9b2-93b6-40b8-8de8-c9e27ad03e10,2026-07-31,BANNER_PROVINCE,8,1,AR-X,0,,,12.0,DIRECTIONAL,Mariano Max
941da9b2-93b6-40b8-8de8-c9e27ad03e10,2026-07-31,BANNER_PROVINCE,9,1,AR-K,0,,,0.0,SUPPRESSED,Vea
941da9b2-93b6-40b8-8de8-c9e27ad03e10,2026-07-31,BANNER_PROVINCE,10,1,AR-V,0,,,0.0,SUPPRESSED,Hipermercado Carrefour
941da9b2-93b6-40b8-8de8-c9e27ad03e10,2026-07-31,BANNER_PROVINCE,9,1,AR-A,0,,,0.0,DIRECTIONAL,Vea
941da9b2-93b6-40b8-8de8-c9e27ad03e10,2026-07-31,BANNER_PROVINCE,9,1,AR-D,0,,,3.0,SUPPRESSED,Vea
941da9b2-93b6-40b8-8de8-c9e27ad03e10,2026-07-31,BANNER_PROVINCE,15,1,AR-S,0,,,0.0,SUPPRESSED,DIA
941da9b2-93b6-40b8-8de8-c9e27ad03e10,2026-07-31,BANNER_PROVINCE,10,4,AR-B,0,,,21.0,DIRECTIONAL,Maxi
941da9b2-93b6-40b8-8de8-c9e27ad03e10,2026-07-31,BANNER_PROVINCE,10,2,AR-E,0,,,0.0,SUPPRESSED,Market
941da9b2-93b6-40b8-8de8-c9e27ad03e10,2026-07-31,BANNER_PROVINCE,10,4,AR-M,0,,,3.0,SUPPRESSED,Maxi
941da9b2-93b6-40b8-8de8-c9e27ad03e10,2026-07-31,BANNER_PROVINCE,10,2,AR-X,0,,,0.0,SUPPRESSED,Market
941da9b2-93b6-40b8-8de8-c9e27ad03e10,2026-07-31,BANNER_PROVINCE,11,4,AR-C,0,,,0.0,SUPPRESSED,SuperChangomas
941da9b2-93b6-40b8-8de8-c9e27ad03e10,2026-07-31,BANNER_PROVINCE,11,5,AR-B,0,,,6.0,DIRECTIONAL,HiperChangomas
941da9b2-93b6-40b8-8de8-c9e27ad03e10,2026-07-31,BANNER_PROVINCE,10,2,AR-W,0,,,0.0,SUPPRESSED,Market
941da9b2-93b6-40b8-8de8-c9e27ad03e10,2026-07-31,BANNER_PROVINCE,6,2,AR-A,0,,,0.0,SUPPRESSED,Maxi Comodin
941da9b2-93b6-40b8-8de8-c9e27ad03e10,2026-07-31,BANNER_PROVINCE,6,1,AR-T,0,,,0.0,SUPPRESSED,Supermercados Comodin
941da9b2-93b6-40b8-8de8-c9e27ad03e10,2026-07-31,BANNER_PROVINCE,11,5,AR-M,0,,,6.0,SUPPRESSED,HiperChangomas
941da9b2-93b6-40b8-8de8-c9e27ad03e10,2026-07-31,BANNER_PROVINCE,11,5,AR-T,0,,,2.0,SUPPRESSED,HiperChangomas
941da9b2-93b6-40b8-8de8-c9e27ad03e10,2026-07-31,BANNER_PROVINCE,11,2,AR-T,0,,,8.0,SUPPRESSED,Changomas
941da9b2-93b6-40b8-8de8-c9e27ad03e10,2026-07-31,BANNER_PROVINCE,11,5,AR-U,0,,,4.0,SUPPRESSED,HiperChangomas
941da9b2-93b6-40b8-8de8-c9e27ad03e10,2026-07-31,BANNER_PROVINCE,11,5,AR-Q,0,,,2.0,SUPPRESSED,HiperChangomas
941da9b2-93b6-40b8-8de8-c9e27ad03e10,2026-07-31,BANNER_PROVINCE,11,2,AR-A,0,,,8.0,SUPPRESSED,Changomas
941da9b2-93b6-40b8-8de8-c9e27ad03e10,2026-07-31,BANNER_PROVINCE,2,1,AR-X,0,,,4.0,SUPPRESSED,La Anonima
941da9b2-93b6-40b8-8de8-c9e27ad03e10,2026-07-31,BANNER_PROVINCE,10,1,AR-D,0,,,0.0,SUPPRESSED,Hipermercado Carrefour
941da9b2-93b6-40b8-8de8-c9e27ad03e10,2026-07-31,BANNER_PROVINCE,10,1,AR-A,0,,,0.0,SUPPRESSED,Hipermercado Carrefour
941da9b2-93b6-40b8-8de8-c9e27ad03e10,2026-07-31,BANNER_PROVINCE,47,1,AR-B,0,,,15.0,SUPPRESSED,Sup. Unicoop
941da9b2-93b6-40b8-8de8-c9e27ad03e10,2026-07-31,BANNER_PROVINCE,10,3,AR-M,0,,,0.0,DIRECTIONAL,Express
941da9b2-93b6-40b8-8de8-c9e27ad03e10,2026-07-31,BANNER_PROVINCE,10,3,,0,,,0.0,INVALID_GEOGRAPHY,Express
941da9b2-93b6-40b8-8de8-c9e27ad03e10,2026-07-31,BANNER_PROVINCE,11,2,AR-X,0,,,6.0,SUPPRESSED,Changomas
941da9b2-93b6-40b8-8de8-c9e27ad03e10,2026-07-31,BANNER_PROVINCE,10,1,AR-P,0,,,0.0,SUPPRESSED,Hipermercado Carrefour
941da9b2-93b6-40b8-8de8-c9e27ad03e10,2026-07-31,BANNER_PROVINCE,9,1,AR-G,0,,,0.0,SUPPRESSED,Vea
941da9b2-93b6-40b8-8de8-c9e27ad03e10,2026-07-31,BANNER_PROVINCE,9,2,AR-S,0,,,2.0,SUPPRESSED,Disco
941da9b2-93b6-40b8-8de8-c9e27ad03e10,2026-07-31,BANNER_PROVINCE,9,1,AR-W,0,,,0.0,SUPPRESSED,Vea
941da9b2-93b6-40b8-8de8-c9e27ad03e10,2026-07-31,BANNER_PROVINCE,10,1,AR-K,0,,,0.0,SUPPRESSED,Hipermercado Carrefour
941da9b2-93b6-40b8-8de8-c9e27ad03e10,2026-07-31,BANNER_PROVINCE,10,4,AR-C,0,,,21.0,DIRECTIONAL,Maxi
941da9b2-93b6-40b8-8de8-c9e27ad03e10,2026-07-31,BANNER_PROVINCE,10,4,AR-H,0,,,2.0,SUPPRESSED,Maxi
941da9b2-93b6-40b8-8de8-c9e27ad03e10,2026-07-31,BANNER_PROVINCE,10,2,AR-D,0,,,0.0,SUPPRESSED,Market
941da9b2-93b6-40b8-8de8-c9e27ad03e10,2026-07-31,BANNER_PROVINCE,11,4,,0,,,0.0,INVALID_GEOGRAPHY,SuperChangomas
941da9b2-93b6-40b8-8de8-c9e27ad03e10,2026-07-31,BANNER_PROVINCE,10,2,AR-K,0,,,0.0,SUPPRESSED,Market
941da9b2-93b6-40b8-8de8-c9e27ad03e10,2026-07-31,BANNER_PROVINCE,11,5,AR-C,0,,,0.0,SUPPRESSED,HiperChangomas
941da9b2-93b6-40b8-8de8-c9e27ad03e10,2026-07-31,BANNER_PROVINCE,10,2,AR-P,0,,,0.0,SUPPRESSED,Market
941da9b2-93b6-40b8-8de8-c9e27ad03e10,2026-07-31,BANNER_PROVINCE,11,5,AR-J,0,,,2.0,SUPPRESSED,HiperChangomas
941da9b2-93b6-40b8-8de8-c9e27ad03e10,2026-07-31,BANNER_PROVINCE,11,5,AR-H,0,,,2.0,SUPPRESSED,HiperChangomas
941da9b2-93b6-40b8-8de8-c9e27ad03e10,2026-07-31,BANNER_PROVINCE,9,1,AR-E,0,,,0.0,SUPPRESSED,Vea
941da9b2-93b6-40b8-8de8-c9e27ad03e10,2026-07-31,BANNER_PROVINCE,11,4,AR-B,0,,,3.0,SUPPRESSED,SuperChangomas
941da9b2-93b6-40b8-8de8-c9e27ad03e10,2026-07-31,BANNER_PROVINCE,6,1,AR-Y,0,,,0.0,DIRECTIONAL,Supermercados Comodin
941da9b2-93b6-40b8-8de8-c9e27ad03e10,2026-07-31,BANNER_PROVINCE,9,3,AR-A,0,,,0.0,SUPPRESSED,Jumbo
941da9b2-93b6-40b8-8de8-c9e27ad03e10,2026-07-31,BANNER_PROVINCE,11,2,AR-G,0,,,4.0,SUPPRESSED,Changomas
941da9b2-93b6-40b8-8de8-c9e27ad03e10,2026-07-31,BANNER_PROVINCE,2,1,AR-W,0,,,0.0,SUPPRESSED,La Anonima
941da9b2-93b6-40b8-8de8-c9e27ad03e10,2026-07-31,BANNER_PROVINCE,10,2,AR-L,0,,,0.0,SUPPRESSED,Market
941da9b2-93b6-40b8-8de8-c9e27ad03e10,2026-07-31,BANNER_PROVINCE,9,1,AR-Q,0,,,0.0,SUPPRESSED,Vea
941da9b2-93b6-40b8-8de8-c9e27ad03e10,2026-07-31,BANNER_PROVINCE,9,1,AR-U,0,,,0.0,SUPPRESSED,Vea
941da9b2-93b6-40b8-8de8-c9e27ad03e10,2026-07-31,BANNER_PROVINCE,6,2,AR-Y,0,,,0.0,SUPPRESSED,Maxi Comodin
941da9b2-93b6-40b8-8de8-c9e27ad03e10,2026-07-31,BANNER_PROVINCE,12,1,AR-Q,0,,,0.0,SUPPRESSED,COTO
941da9b2-93b6-40b8-8de8-c9e27ad03e10,2026-07-31,BANNER_PROVINCE,11,2,AR-W,0,,,4.0,SUPPRESSED,Changomas
941da9b2-93b6-40b8-8de8-c9e27ad03e10,2026-07-31,BANNER_PROVINCE,15,1,AR-W,0,,,0.0,DIRECTIONAL,DIA
941da9b2-93b6-40b8-8de8-c9e27ad03e10,2026-07-31,BANNER_PROVINCE,13,1,AR-X,0,,,0.0,SUPPRESSED,Cooperativa Obrera
941da9b2-93b6-40b8-8de8-c9e27ad03e10,2026-07-31,BANNER_PROVINCE,12,1,AR-S,0,,,0.0,SUPPRESSED,COTO
941da9b2-93b6-40b8-8de8-c9e27ad03e10,2026-07-31,BANNER_PROVINCE,23,1,AR-S,0,,,0.0,SUPPRESSED,Axion Energy
941da9b2-93b6-40b8-8de8-c9e27ad03e10,2026-07-31,BANNER_PROVINCE,12,1,AR-M,0,,,0.0,SUPPRESSED,COTO
941da9b2-93b6-40b8-8de8-c9e27ad03e10,2026-07-31,BANNER_PROVINCE,15,1,AR-X,0,,,0.0,SUPPRESSED,DIA
941da9b2-93b6-40b8-8de8-c9e27ad03e10,2026-07-31,BANNER_PROVINCE,11,2,AR-K,0,,,2.0,SUPPRESSED,Changomas
941da9b2-93b6-40b8-8de8-c9e27ad03e10,2026-07-31,BANNER_PROVINCE,4,1,AR-C,0,,,0.0,SUPPRESSED,ESTACION LIMA S.A.
941da9b2-93b6-40b8-8de8-c9e27ad03e10,2026-07-31,BANNER_PROVINCE,11,2,AR-E,0,,,2.0,SUPPRESSED,Changomas
941da9b2-93b6-40b8-8de8-c9e27ad03e10,2026-07-31,BANNER_PROVINCE,16,1,AR-M,0,,,0.0,SUPPRESSED,Hipermercado Libertad
941da9b2-93b6-40b8-8de8-c9e27ad03e10,2026-07-31,BANNER_PROVINCE,15,1,Buenos Aires,0,,,0.0,INVALID_GEOGRAPHY,DIA
941da9b2-93b6-40b8-8de8-c9e27ad03e10,2026-07-31,BANNER_PROVINCE,11,5,AR-E,0,,,2.0,SUPPRESSED,HiperChangomas
941da9b2-93b6-40b8-8de8-c9e27ad03e10,2026-07-31,BANNER_PROVINCE,9,1,AR-R,0,,,0.0,SUPPRESSED,Vea
941da9b2-93b6-40b8-8de8-c9e27ad03e10,2026-07-31,BANNER_PROVINCE,11,5,AR-X,0,,,8.0,SUPPRESSED,HiperChangomas
941da9b2-93b6-40b8-8de8-c9e27ad03e10,2026-07-31,BANNER_PROVINCE,9,1,AR-C,0,,,0.0,SUPPRESSED,Vea
941da9b2-93b6-40b8-8de8-c9e27ad03e10,2026-07-31,BANNER_PROVINCE,10,2,AR-Z,0,,,0.0,SUPPRESSED,Market
941da9b2-93b6-40b8-8de8-c9e27ad03e10,2026-07-31,BANNER_PROVINCE,11,2,AR-P,0,,,6.0,SUPPRESSED,Changomas
941da9b2-93b6-40b8-8de8-c9e27ad03e10,2026-07-31,BANNER_PROVINCE,23,1,AR-X,0,,,0.0,SUPPRESSED,Axion Energy
941da9b2-93b6-40b8-8de8-c9e27ad03e10,2026-07-31,BANNER_PROVINCE,9,1,AR-J,0,,,0.0,SUPPRESSED,Vea
941da9b2-93b6-40b8-8de8-c9e27ad03e10,2026-07-31,BANNER_PROVINCE,9,1,AR-H,0,,,0.0,SUPPRESSED,Vea
941da9b2-93b6-40b8-8de8-c9e27ad03e10,2026-07-31,BANNER_PROVINCE,10,2,AR-M,0,,,0.0,SUPPRESSED,Market
941da9b2-93b6-40b8-8de8-c9e27ad03e10,2026-07-31,BANNER_PROVINCE,10,2,AR-U,0,,,0.0,SUPPRESSED,Market
941da9b2-93b6-40b8-8de8-c9e27ad03e10,2026-07-31,BANNER_PROVINCE,10,2,AR-T,0,,,0.0,SUPPRESSED,Market
941da9b2-93b6-40b8-8de8-c9e27ad03e10,2026-07-31,BANNER_PROVINCE,10,4,AR-E,0,,,2.0,SUPPRESSED,Maxi
941da9b2-93b6-40b8-8de8-c9e27ad03e10,2026-07-31,BANNER_PROVINCE,2,1,AR-A,0,,,1.0,SUPPRESSED,La Anonima
941da9b2-93b6-40b8-8de8-c9e27ad03e10,2026-07-31,BANNER_PROVINCE,10,1,AR-W,0,,,0.0,SUPPRESSED,Hipermercado Carrefour
941da9b2-93b6-40b8-8de8-c9e27ad03e10,2026-07-31,BANNER_PROVINCE,3,1,AR-C,0,,,0.0,SUPPRESSED,DEHEZA S.A.I.C.F. e I.
941da9b2-93b6-40b8-8de8-c9e27ad03e10,2026-07-31,BANNER_PROVINCE,10,1,AR-E,0,,,0.0,SUPPRESSED,Hipermercado Carrefour
941da9b2-93b6-40b8-8de8-c9e27ad03e10,2026-07-31,BANNER_PROVINCE,11,2,AR-D,0,,,2.0,SUPPRESSED,Changomas
941da9b2-93b6-40b8-8de8-c9e27ad03e10,2026-07-31,BANNER_PROVINCE,10,1,AR-X,0,,,0.0,SUPPRESSED,Hipermercado Carrefour
941da9b2-93b6-40b8-8de8-c9e27ad03e10,2026-07-31,BANNER_PROVINCE,9,3,AR-X,0,,,0.0,SUPPRESSED,Jumbo
941da9b2-93b6-40b8-8de8-c9e27ad03e10,2026-07-31,BANNER_PROVINCE,11,5,AR-W,0,,,2.0,SUPPRESSED,HiperChangomas
941da9b2-93b6-40b8-8de8-c9e27ad03e10,2026-07-31,BANNER_PROVINCE,11,5,AR-S,0,,,2.0,SUPPRESSED,HiperChangomas
941da9b2-93b6-40b8-8de8-c9e27ad03e10,2026-07-31,NATIONAL,,,,635,0.1043338683788122,0.1043338683788122,490.0,PUBLISHABLE,
941da9b2-93b6-40b8-8de8-c9e27ad03e10,2026-07-31,PROVINCE,,,AR-X,622,0.12665138594984182,0.12665138594984182,30.0,PUBLISHABLE,
941da9b2-93b6-40b8-8de8-c9e27ad03e10,2026-07-31,PROVINCE,,,AR-S,625,0.11254019292604502,0.11254019292604502,4.0,PUBLISHABLE,
941da9b2-93b6-40b8-8de8-c9e27ad03e10,2026-07-31,PROVINCE,,,AR-U,607,0.107,0.10666666666666667,55.0,PUBLISHABLE,
941da9b2-93b6-40b8-8de8-c9e27ad03e10,2026-07-31,PROVINCE,,,AR-R,622,0.08963333333333334,0.08909890913180388,65.0,PUBLISHABLE,
941da9b2-93b6-40b8-8de8-c9e27ad03e10,2026-07-31,PROVINCE,,,AR-Y,64,0.08870846518465689,0.08870846518465689,4.0,DIRECTIONAL,
941da9b2-93b6-40b8-8de8-c9e27ad03e10,2026-07-31,PROVINCE,,,AR-A,633,0.08738738738738738,0.08616780045351474,30.0,PUBLISHABLE,
941da9b2-93b6-40b8-8de8-c9e27ad03e10,2026-07-31,PROVINCE,,,AR-J,299,0.08587412587412586,0.08587412587412586,12.0,PUBLISHABLE,
941da9b2-93b6-40b8-8de8-c9e27ad03e10,2026-07-31,PROVINCE,,,AR-L,244,0.08380398613633491,0.08380398613633491,6.0,PUBLISHABLE,
941da9b2-93b6-40b8-8de8-c9e27ad03e10,2026-07-31,PROVINCE,,,AR-Q,617,0.07712984054669704,0.0768,65.0,PUBLISHABLE,
941da9b2-93b6-40b8-8de8-c9e27ad03e10,2026-07-31,PROVINCE,,,AR-T,439,0.07648902821316614,0.07648902821316614,10.0,PUBLISHABLE,
941da9b2-93b6-40b8-8de8-c9e27ad03e10,2026-07-31,PROVINCE,,,AR-B,635,0.0703567855951984,0.0703567855951984,81.0,PUBLISHABLE,
941da9b2-93b6-40b8-8de8-c9e27ad03e10,2026-07-31,PROVINCE,,,AR-M,586,0.06034521034521034,0.06034521034521034,13.0,PUBLISHABLE,
941da9b2-93b6-40b8-8de8-c9e27ad03e10,2026-07-31,PROVINCE,,,AR-C,635,0.04988235294117647,0.04988235294117647,21.0,PUBLISHABLE,
941da9b2-93b6-40b8-8de8-c9e27ad03e10,2026-07-31,PROVINCE,,,AR-W,601,0.037632087609128506,0.037632087609128506,6.0,PUBLISHABLE,
941da9b2-93b6-40b8-8de8-c9e27ad03e10,2026-07-31,PROVINCE,,,AR-Z,311,0.032,0.032,49.0,PUBLISHABLE,
941da9b2-93b6-40b8-8de8-c9e27ad03e10,2026-07-31,PROVINCE,,,AR-E,635,0.026320215270770265,0.026320215270770265,6.0,PUBLISHABLE,
941da9b2-93b6-40b8-8de8-c9e27ad03e10,2026-07-31,PROVINCE,,,Buenos Aires,0,,,0.0,INVALID_GEOGRAPHY,
941da9b2-93b6-40b8-8de8-c9e27ad03e10,2026-07-31,PROVINCE,,,AR-D,0,,,7.0,SUPPRESSED,
941da9b2-93b6-40b8-8de8-c9e27ad03e10,2026-07-31,PROVINCE,,,AR-V,0,,,0.0,DIRECTIONAL,
941da9b2-93b6-40b8-8de8-c9e27ad03e10,2026-07-31,PROVINCE,,,AR-H,0,,,4.0,SUPPRESSED,
941da9b2-93b6-40b8-8de8-c9e27ad03e10,2026-07-31,PROVINCE,,,,0,,,2.0,INVALID_GEOGRAPHY,
941da9b2-93b6-40b8-8de8-c9e27ad03e10,2026-07-31,PROVINCE,,,AR-F,0,,,2.0,SUPPRESSED,
941da9b2-93b6-40b8-8de8-c9e27ad03e10,2026-07-31,PROVINCE,,,AR-N,0,,,4.0,DIRECTIONAL,
941da9b2-93b6-40b8-8de8-c9e27ad03e10,2026-07-31,PROVINCE,,,AR-P,0,,,6.0,SUPPRESSED,
941da9b2-93b6-40b8-8de8-c9e27ad03e10,2026-07-31,PROVINCE,,,AR-K,0,,,4.0,SUPPRESSED,
941da9b2-93b6-40b8-8de8-c9e27ad03e10,2026-07-31,PROVINCE,,,AR-G,0,,,4.0,SUPPRESSED,
941da9b2-93b6-40b8-8de8-c9e27ad03e10,2026-08-01,BANNER,10,1,,8,0.13487668391929702,0.13487668391929702,0.0,SUPPRESSED,Hipermercado Carrefour
941da9b2-93b6-40b8-8de8-c9e27ad03e10,2026-08-01,BANNER,11,2,,8,0.1262463942882338,0.1262463942882338,0.0,SUPPRESSED,Changomas
941da9b2-93b6-40b8-8de8-c9e27ad03e10,2026-08-01,BANNER,10,2,,8,0.12361709632099246,0.12361709632099246,0.0,SUPPRESSED,Market
941da9b2-93b6-40b8-8de8-c9e27ad03e10,2026-08-01,BANNER,21,1,,4,0.10002271329913463,0.10002271329913463,0.0,SUPPRESSED,Toledo
941da9b2-93b6-40b8-8de8-c9e27ad03e10,2026-08-01,BANNER,13,1,,7,0.0953360768175583,0.0953360768175583,0.0,SUPPRESSED,Cooperativa Obrera
941da9b2-93b6-40b8-8de8-c9e27ad03e10,2026-08-01,BANNER,10,3,,8,0.08094973867464134,0.08094973867464134,0.0,SUPPRESSED,Express
941da9b2-93b6-40b8-8de8-c9e27ad03e10,2026-08-01,BANNER,2,1,,7,0.06666666666666667,0.06666666666666667,50.0,SUPPRESSED,La Anonima
941da9b2-93b6-40b8-8de8-c9e27ad03e10,2026-08-01,BANNER,11,5,,8,0.057829570554395984,0.057829570554395984,0.0,SUPPRESSED,HiperChangomas
941da9b2-93b6-40b8-8de8-c9e27ad03e10,2026-08-01,BANNER,9,2,,8,0.04138153736224476,0.04138153736224476,0.0,SUPPRESSED,Disco
941da9b2-93b6-40b8-8de8-c9e27ad03e10,2026-08-01,BANNER,9,3,,8,0.03597444089456869,0.03597444089456869,0.0,SUPPRESSED,Jumbo
941da9b2-93b6-40b8-8de8-c9e27ad03e10,2026-08-01,BANNER,9,1,,8,0.008077544426494346,0.008077544426494346,0.0,SUPPRESSED,Vea
941da9b2-93b6-40b8-8de8-c9e27ad03e10,2026-08-01,BANNER,6,1,,2,0.0,0.0,0.0,SUPPRESSED,Supermercados Comodin
941da9b2-93b6-40b8-8de8-c9e27ad03e10,2026-08-01,BANNER,10,4,,7,0.0,0.0,0.0,SUPPRESSED,Maxi
941da9b2-93b6-40b8-8de8-c9e27ad03e10,2026-08-01,BANNER,12,1,,8,0.0,0.0,0.0,SUPPRESSED,COTO
941da9b2-93b6-40b8-8de8-c9e27ad03e10,2026-08-01,BANNER,47,1,,0,,,0.0,SUPPRESSED,Sup. Unicoop
941da9b2-93b6-40b8-8de8-c9e27ad03e10,2026-08-01,BANNER,6,2,,0,,,0.0,SUPPRESSED,Maxi Comodin
941da9b2-93b6-40b8-8de8-c9e27ad03e10,2026-08-01,BANNER,11,4,,0,,,0.0,SUPPRESSED,SuperChangomas
941da9b2-93b6-40b8-8de8-c9e27ad03e10,2026-08-01,BANNER,16,1,,0,,,0.0,SUPPRESSED,Hipermercado Libertad
941da9b2-93b6-40b8-8de8-c9e27ad03e10,2026-08-01,BANNER,8,1,,0,,,0.0,SUPPRESSED,Mariano Max
941da9b2-93b6-40b8-8de8-c9e27ad03e10,2026-08-01,BANNER,5,1,,0,,,0.0,SUPPRESSED,California Supermercados
941da9b2-93b6-40b8-8de8-c9e27ad03e10,2026-08-01,BANNER,20,1,,0,,,0.0,SUPPRESSED,LA AGRICOLA REGIONAL COOPERATIVA LIMITADA
941da9b2-93b6-40b8-8de8-c9e27ad03e10,2026-08-01,BANNER_PROVINCE,10,2,AR-B,8,0.10863942071495816,0.10863942071495816,0.0,SUPPRESSED,Market
941da9b2-93b6-40b8-8de8-c9e27ad03e10,2026-08-01,BANNER_PROVINCE,21,1,AR-B,4,0.10002271329913463,0.10002271329913463,0.0,SUPPRESSED,Toledo
941da9b2-93b6-40b8-8de8-c9e27ad03e10,2026-08-01,BANNER_PROVINCE,13,1,AR-B,7,0.08418056120374136,0.08418056120374136,0.0,SUPPRESSED,Cooperativa Obrera
941da9b2-93b6-40b8-8de8-c9e27ad03e10,2026-08-01,BANNER_PROVINCE,9,2,AR-B,7,0.04430153626295105,0.04430153626295105,0.0,SUPPRESSED,Disco
941da9b2-93b6-40b8-8de8-c9e27ad03e10,2026-08-01,BANNER_PROVINCE,13,1,AR-R,7,0.037706205813040065,0.037706205813040065,0.0,SUPPRESSED,Cooperativa Obrera
941da9b2-93b6-40b8-8de8-c9e27ad03e10,2026-08-01,BANNER_PROVINCE,13,1,AR-Q,7,0.03576470588235294,0.03576470588235294,0.0,SUPPRESSED,Cooperativa Obrera
941da9b2-93b6-40b8-8de8-c9e27ad03e10,2026-08-01,BANNER_PROVINCE,2,1,AR-R,6,0.02,0.02,10.0,SUPPRESSED,La Anonima
941da9b2-93b6-40b8-8de8-c9e27ad03e10,2026-08-01,BANNER_PROVINCE,10,3,AR-C,8,0.017876232546846747,0.017876232546846747,0.0,SUPPRESSED,Express
941da9b2-93b6-40b8-8de8-c9e27ad03e10,2026-08-01,BANNER_PROVINCE,10,1,AR-B,8,0.01731808124712198,0.01731808124712198,0.0,SUPPRESSED,Hipermercado Carrefour
941da9b2-93b6-40b8-8de8-c9e27ad03e10,2026-08-01,BANNER_PROVINCE,9,1,AR-M,8,0.0,0.0,0.0,SUPPRESSED,Vea
941da9b2-93b6-40b8-8de8-c9e27ad03e10,2026-08-01,BANNER_PROVINCE,9,1,AR-B,8,0.0,0.0,0.0,SUPPRESSED,Vea
941da9b2-93b6-40b8-8de8-c9e27ad03e10,2026-08-01,BANNER_PROVINCE,2,1,AR-U,5,0.0,0.0,18.0,SUPPRESSED,La Anonima
941da9b2-93b6-40b8-8de8-c9e27ad03e10,2026-08-01,BANNER_PROVINCE,10,3,AR-B,8,0.0,0.0,0.0,SUPPRESSED,Express
941da9b2-93b6-40b8-8de8-c9e27ad03e10,2026-08-01,BANNER_PROVINCE,12,1,AR-B,8,0.0,0.0,0.0,SUPPRESSED,COTO
941da9b2-93b6-40b8-8de8-c9e27ad03e10,2026-08-01,BANNER_PROVINCE,10,2,AR-C,8,0.0,0.0,0.0,SUPPRESSED,Market
941da9b2-93b6-40b8-8de8-c9e27ad03e10,2026-08-01,BANNER_PROVINCE,9,2,AR-C,8,0.0,0.0,0.0,SUPPRESSED,Disco
941da9b2-93b6-40b8-8de8-c9e27ad03e10,2026-08-01,BANNER_PROVINCE,9,2,AR-X,5,0.0,0.0,0.0,SUPPRESSED,Disco
941da9b2-93b6-40b8-8de8-c9e27ad03e10,2026-08-01,BANNER_PROVINCE,2,1,AR-B,6,0.0,0.0,1.0,SUPPRESSED,La Anonima
941da9b2-93b6-40b8-8de8-c9e27ad03e10,2026-08-01,BANNER_PROVINCE,10,3,AR-X,8,0.0,0.0,0.0,SUPPRESSED,Express
941da9b2-93b6-40b8-8de8-c9e27ad03e10,2026-08-01,BANNER_PROVINCE,9,1,AR-X,5,0.0,0.0,0.0,SUPPRESSED,Vea
941da9b2-93b6-40b8-8de8-c9e27ad03e10,2026-08-01,BANNER_PROVINCE,2,1,AR-Q,6,0.0,0.0,4.0,SUPPRESSED,La Anonima
941da9b2-93b6-40b8-8de8-c9e27ad03e10,2026-08-01,BANNER_PROVINCE,12,1,AR-C,8,0.0,0.0,0.0,SUPPRESSED,COTO
941da9b2-93b6-40b8-8de8-c9e27ad03e10,2026-08-01,BANNER_PROVINCE,2,1,AR-Z,5,0.0,0.0,17.0,SUPPRESSED,La Anonima
941da9b2-93b6-40b8-8de8-c9e27ad03e10,2026-08-01,BANNER_PROVINCE,9,1,AR-E,0,,,0.0,SUPPRESSED,Vea
941da9b2-93b6-40b8-8de8-c9e27ad03e10,2026-08-01,BANNER_PROVINCE,10,1,AR-W,0,,,0.0,SUPPRESSED,Hipermercado Carrefour
941da9b2-93b6-40b8-8de8-c9e27ad03e10,2026-08-01,BANNER_PROVINCE,13,1,AR-U,0,,,0.0,SUPPRESSED,Cooperativa Obrera
941da9b2-93b6-40b8-8de8-c9e27ad03e10,2026-08-01,BANNER_PROVINCE,11,2,AR-N,0,,,0.0,SUPPRESSED,Changomas
941da9b2-93b6-40b8-8de8-c9e27ad03e10,2026-08-01,BANNER_PROVINCE,11,2,AR-Y,0,,,0.0,SUPPRESSED,Changomas
941da9b2-93b6-40b8-8de8-c9e27ad03e10,2026-08-01,BANNER_PROVINCE,10,1,AR-A,0,,,0.0,SUPPRESSED,Hipermercado Carrefour
941da9b2-93b6-40b8-8de8-c9e27ad03e10,2026-08-01,BANNER_PROVINCE,10,1,AR-D,0,,,0.0,SUPPRESSED,Hipermercado Carrefour
941da9b2-93b6-40b8-8de8-c9e27ad03e10,2026-08-01,BANNER_PROVINCE,9,3,AR-C,0,,,0.0,SUPPRESSED,Jumbo
941da9b2-93b6-40b8-8de8-c9e27ad03e10,2026-08-01,BANNER_PROVINCE,2,1,AR-N,0,,,0.0,SUPPRESSED,La Anonima
941da9b2-93b6-40b8-8de8-c9e27ad03e10,2026-08-01,BANNER_PROVINCE,11,5,AR-C,0,,,0.0,SUPPRESSED,HiperChangomas
941da9b2-93b6-40b8-8de8-c9e27ad03e10,2026-08-01,BANNER_PROVINCE,9,1,AR-C,0,,,0.0,SUPPRESSED,Vea
941da9b2-93b6-40b8-8de8-c9e27ad03e10,2026-08-01,BANNER_PROVINCE,10,4,AR-C,0,,,0.0,SUPPRESSED,Maxi
941da9b2-93b6-40b8-8de8-c9e27ad03e10,2026-08-01,BANNER_PROVINCE,10,2,AR-W,0,,,0.0,SUPPRESSED,Market
941da9b2-93b6-40b8-8de8-c9e27ad03e10,2026-08-01,BANNER_PROVINCE,11,5,AR-H,0,,,0.0,SUPPRESSED,HiperChangomas
941da9b2-93b6-40b8-8de8-c9e27ad03e10,2026-08-01,BANNER_PROVINCE,9,1,AR-H,0,,,0.0,SUPPRESSED,Vea
941da9b2-93b6-40b8-8de8-c9e27ad03e10,2026-08-01,BANNER_PROVINCE,10,2,AR-X,0,,,0.0,SUPPRESSED,Market
941da9b2-93b6-40b8-8de8-c9e27ad03e10,2026-08-01,BANNER_PROVINCE,10,4,AR-H,0,,,0.0,SUPPRESSED,Maxi
941da9b2-93b6-40b8-8de8-c9e27ad03e10,2026-08-01,BANNER_PROVINCE,9,1,AR-J,0,,,0.0,SUPPRESSED,Vea
941da9b2-93b6-40b8-8de8-c9e27ad03e10,2026-08-01,BANNER_PROVINCE,9,1,AR-F,0,,,0.0,SUPPRESSED,Vea
941da9b2-93b6-40b8-8de8-c9e27ad03e10,2026-08-01,BANNER_PROVINCE,10,2,AR-E,0,,,0.0,SUPPRESSED,Market
941da9b2-93b6-40b8-8de8-c9e27ad03e10,2026-08-01,BANNER_PROVINCE,9,1,AR-Y,0,,,0.0,SUPPRESSED,Vea
941da9b2-93b6-40b8-8de8-c9e27ad03e10,2026-08-01,BANNER_PROVINCE,11,5,AR-J,0,,,0.0,SUPPRESSED,HiperChangomas
941da9b2-93b6-40b8-8de8-c9e27ad03e10,2026-08-01,BANNER_PROVINCE,20,1,AR-E,0,,,0.0,SUPPRESSED,LA AGRICOLA REGIONAL COOPERATIVA LIMITADA
941da9b2-93b6-40b8-8de8-c9e27ad03e10,2026-08-01,BANNER_PROVINCE,47,1,AR-B,0,,,0.0,SUPPRESSED,Sup. Unicoop
941da9b2-93b6-40b8-8de8-c9e27ad03e10,2026-08-01,BANNER_PROVINCE,10,1,AR-U,0,,,0.0,SUPPRESSED,Hipermercado Carrefour
941da9b2-93b6-40b8-8de8-c9e27ad03e10,2026-08-01,BANNER_PROVINCE,2,1,AR-H,0,,,0.0,SUPPRESSED,La Anonima
941da9b2-93b6-40b8-8de8-c9e27ad03e10,2026-08-01,BANNER_PROVINCE,11,2,AR-F,0,,,0.0,SUPPRESSED,Changomas
941da9b2-93b6-40b8-8de8-c9e27ad03e10,2026-08-01,BANNER_PROVINCE,11,2,AR-J,0,,,0.0,SUPPRESSED,Changomas
941da9b2-93b6-40b8-8de8-c9e27ad03e10,2026-08-01,BANNER_PROVINCE,10,2,AR-F,0,,,0.0,SUPPRESSED,Market
941da9b2-93b6-40b8-8de8-c9e27ad03e10,2026-08-01,BANNER_PROVINCE,10,4,AR-E,0,,,0.0,SUPPRESSED,Maxi
941da9b2-93b6-40b8-8de8-c9e27ad03e10,2026-08-01,BANNER_PROVINCE,6,2,AR-A,0,,,0.0,SUPPRESSED,Maxi Comodin
941da9b2-93b6-40b8-8de8-c9e27ad03e10,2026-08-01,BANNER_PROVINCE,10,1,AR-K,0,,,0.0,SUPPRESSED,Hipermercado Carrefour
941da9b2-93b6-40b8-8de8-c9e27ad03e10,2026-08-01,BANNER_PROVINCE,13,1,AR-L,0,,,0.0,SUPPRESSED,Cooperativa Obrera
941da9b2-93b6-40b8-8de8-c9e27ad03e10,2026-08-01,BANNER_PROVINCE,13,1,AR-S,0,,,0.0,SUPPRESSED,Cooperativa Obrera
941da9b2-93b6-40b8-8de8-c9e27ad03e10,2026-08-01,BANNER_PROVINCE,2,1,AR-J,0,,,0.0,SUPPRESSED,La Anonima
941da9b2-93b6-40b8-8de8-c9e27ad03e10,2026-08-01,BANNER_PROVINCE,11,5,AR-D,0,,,0.0,SUPPRESSED,HiperChangomas
941da9b2-93b6-40b8-8de8-c9e27ad03e10,2026-08-01,BANNER_PROVINCE,2,1,AR-V,0,,,0.0,SUPPRESSED,La Anonima
941da9b2-93b6-40b8-8de8-c9e27ad03e10,2026-08-01,BANNER_PROVINCE,9,1,AR-D,0,,,0.0,SUPPRESSED,Vea
941da9b2-93b6-40b8-8de8-c9e27ad03e10,2026-08-01,BANNER_PROVINCE,11,4,,0,,,0.0,INVALID_GEOGRAPHY,SuperChangomas
941da9b2-93b6-40b8-8de8-c9e27ad03e10,2026-08-01,BANNER_PROVINCE,9,1,AR-K,0,,,0.0,SUPPRESSED,Vea
941da9b2-93b6-40b8-8de8-c9e27ad03e10,2026-08-01,BANNER_PROVINCE,10,4,AR-A,0,,,0.0,SUPPRESSED,Maxi
941da9b2-93b6-40b8-8de8-c9e27ad03e10,2026-08-01,BANNER_PROVINCE,10,1,AR-E,0,,,0.0,SUPPRESSED,Hipermercado Carrefour
941da9b2-93b6-40b8-8de8-c9e27ad03e10,2026-08-01,BANNER_PROVINCE,10,1,AR-C,0,,,0.0,SUPPRESSED,Hipermercado Carrefour
941da9b2-93b6-40b8-8de8-c9e27ad03e10,2026-08-01,BANNER_PROVINCE,11,2,AR-W,0,,,0.0,SUPPRESSED,Changomas
941da9b2-93b6-40b8-8de8-c9e27ad03e10,2026-08-01,BANNER_PROVINCE,9,1,AR-Q,0,,,0.0,SUPPRESSED,Vea
941da9b2-93b6-40b8-8de8-c9e27ad03e10,2026-08-01,BANNER_PROVINCE,10,1,AR-X,0,,,0.0,SUPPRESSED,Hipermercado Carrefour
941da9b2-93b6-40b8-8de8-c9e27ad03e10,2026-08-01,BANNER_PROVINCE,9,1,AR-R,0,,,0.0,SUPPRESSED,Vea
941da9b2-93b6-40b8-8de8-c9e27ad03e10,2026-08-01,BANNER_PROVINCE,10,1,AR-L,0,,,0.0,SUPPRESSED,Hipermercado Carrefour
941da9b2-93b6-40b8-8de8-c9e27ad03e10,2026-08-01,BANNER_PROVINCE,5,1,AR-N,0,,,0.0,SUPPRESSED,California Supermercados
941da9b2-93b6-40b8-8de8-c9e27ad03e10,2026-08-01,BANNER_PROVINCE,11,5,AR-S,0,,,0.0,SUPPRESSED,HiperChangomas
941da9b2-93b6-40b8-8de8-c9e27ad03e10,2026-08-01,BANNER_PROVINCE,9,1,AR-W,0,,,0.0,SUPPRESSED,Vea
941da9b2-93b6-40b8-8de8-c9e27ad03e10,2026-08-01,BANNER_PROVINCE,11,4,AR-B,0,,,0.0,SUPPRESSED,SuperChangomas
941da9b2-93b6-40b8-8de8-c9e27ad03e10,2026-08-01,BANNER_PROVINCE,9,1,AR-T,0,,,0.0,SUPPRESSED,Vea
941da9b2-93b6-40b8-8de8-c9e27ad03e10,2026-08-01,BANNER_PROVINCE,16,1,AR-M,0,,,0.0,SUPPRESSED,Hipermercado Libertad
941da9b2-93b6-40b8-8de8-c9e27ad03e10,2026-08-01,BANNER_PROVINCE,6,1,AR-T,0,,,0.0,SUPPRESSED,Supermercados Comodin
941da9b2-93b6-40b8-8de8-c9e27ad03e10,2026-08-01,BANNER_PROVINCE,11,4,AR-C,0,,,0.0,SUPPRESSED,SuperChangomas
941da9b2-93b6-40b8-8de8-c9e27ad03e10,2026-08-01,BANNER_PROVINCE,10,1,AR-T,0,,,0.0,SUPPRESSED,Hipermercado Carrefour
941da9b2-93b6-40b8-8de8-c9e27ad03e10,2026-08-01,BANNER_PROVINCE,10,2,AR-T,0,,,0.0,SUPPRESSED,Market
941da9b2-93b6-40b8-8de8-c9e27ad03e10,2026-08-01,BANNER_PROVINCE,9,3,AR-S,0,,,0.0,SUPPRESSED,Jumbo
941da9b2-93b6-40b8-8de8-c9e27ad03e10,2026-08-01,BANNER_PROVINCE,9,1,AR-S,0,,,0.0,SUPPRESSED,Vea
941da9b2-93b6-40b8-8de8-c9e27ad03e10,2026-08-01,BANNER_PROVINCE,10,2,AR-M,0,,,0.0,SUPPRESSED,Market
941da9b2-93b6-40b8-8de8-c9e27ad03e10,2026-08-01,BANNER_PROVINCE,8,1,AR-X,0,,,0.0,SUPPRESSED,Mariano Max
941da9b2-93b6-40b8-8de8-c9e27ad03e10,2026-08-01,BANNER_PROVINCE,2,1,AR-W,0,,,0.0,SUPPRESSED,La Anonima
941da9b2-93b6-40b8-8de8-c9e27ad03e10,2026-08-01,BANNER_PROVINCE,12,1,AR-Q,0,,,0.0,SUPPRESSED,COTO
941da9b2-93b6-40b8-8de8-c9e27ad03e10,2026-08-01,BANNER_PROVINCE,11,2,AR-E,0,,,0.0,SUPPRESSED,Changomas
941da9b2-93b6-40b8-8de8-c9e27ad03e10,2026-08-01,BANNER_PROVINCE,2,1,AR-L,0,,,0.0,SUPPRESSED,La Anonima
941da9b2-93b6-40b8-8de8-c9e27ad03e10,2026-08-01,BANNER_PROVINCE,10,1,AR-P,0,,,0.0,SUPPRESSED,Hipermercado Carrefour
941da9b2-93b6-40b8-8de8-c9e27ad03e10,2026-08-01,BANNER_PROVINCE,2,1,AR-T,0,,,0.0,SUPPRESSED,La Anonima
941da9b2-93b6-40b8-8de8-c9e27ad03e10,2026-08-01,BANNER_PROVINCE,12,1,AR-M,0,,,0.0,SUPPRESSED,COTO
941da9b2-93b6-40b8-8de8-c9e27ad03e10,2026-08-01,BANNER_PROVINCE,9,3,AR-U,0,,,0.0,SUPPRESSED,Jumbo
941da9b2-93b6-40b8-8de8-c9e27ad03e10,2026-08-01,BANNER_PROVINCE,9,3,AR-M,0,,,0.0,SUPPRESSED,Jumbo
941da9b2-93b6-40b8-8de8-c9e27ad03e10,2026-08-01,BANNER_PROVINCE,9,3,AR-B,0,,,0.0,SUPPRESSED,Jumbo
941da9b2-93b6-40b8-8de8-c9e27ad03e10,2026-08-01,BANNER_PROVINCE,11,2,AR-R,0,,,0.0,SUPPRESSED,Changomas
941da9b2-93b6-40b8-8de8-c9e27ad03e10,2026-08-01,BANNER_PROVINCE,10,2,AR-L,0,,,0.0,SUPPRESSED,Market
941da9b2-93b6-40b8-8de8-c9e27ad03e10,2026-08-01,BANNER_PROVINCE,10,1,AR-Z,0,,,0.0,SUPPRESSED,Hipermercado Carrefour
941da9b2-93b6-40b8-8de8-c9e27ad03e10,2026-08-01,BANNER_PROVINCE,11,2,AR-X,0,,,0.0,SUPPRESSED,Changomas
941da9b2-93b6-40b8-8de8-c9e27ad03e10,2026-08-01,BANNER_PROVINCE,11,2,AR-T,0,,,0.0,SUPPRESSED,Changomas
941da9b2-93b6-40b8-8de8-c9e27ad03e10,2026-08-01,BANNER_PROVINCE,10,1,AR-S,0,,,0.0,SUPPRESSED,Hipermercado Carrefour
941da9b2-93b6-40b8-8de8-c9e27ad03e10,2026-08-01,BANNER_PROVINCE,9,3,AR-X,0,,,0.0,SUPPRESSED,Jumbo
941da9b2-93b6-40b8-8de8-c9e27ad03e10,2026-08-01,BANNER_PROVINCE,10,1,AR-R,0,,,0.0,SUPPRESSED,Hipermercado Carrefour
941da9b2-93b6-40b8-8de8-c9e27ad03e10,2026-08-01,BANNER_PROVINCE,10,1,AR-M,0,,,0.0,SUPPRESSED,Hipermercado Carrefour
941da9b2-93b6-40b8-8de8-c9e27ad03e10,2026-08-01,BANNER_PROVINCE,10,1,AR-Q,0,,,0.0,SUPPRESSED,Hipermercado Carrefour
941da9b2-93b6-40b8-8de8-c9e27ad03e10,2026-08-01,BANNER_PROVINCE,10,3,,0,,,0.0,INVALID_GEOGRAPHY,Express
941da9b2-93b6-40b8-8de8-c9e27ad03e10,2026-08-01,BANNER_PROVINCE,10,2,AR-K,0,,,0.0,SUPPRESSED,Market
941da9b2-93b6-40b8-8de8-c9e27ad03e10,2026-08-01,BANNER_PROVINCE,9,1,AR-U,0,,,0.0,SUPPRESSED,Vea
941da9b2-93b6-40b8-8de8-c9e27ad03e10,2026-08-01,BANNER_PROVINCE,9,2,AR-S,0,,,0.0,SUPPRESSED,Disco
941da9b2-93b6-40b8-8de8-c9e27ad03e10,2026-08-01,BANNER_PROVINCE,11,5,AR-X,0,,,0.0,SUPPRESSED,HiperChangomas
941da9b2-93b6-40b8-8de8-c9e27ad03e10,2026-08-01,BANNER_PROVINCE,11,2,AR-G,0,,,0.0,SUPPRESSED,Changomas
941da9b2-93b6-40b8-8de8-c9e27ad03e10,2026-08-01,BANNER_PROVINCE,11,5,AR-E,0,,,0.0,SUPPRESSED,HiperChangomas
941da9b2-93b6-40b8-8de8-c9e27ad03e10,2026-08-01,BANNER_PROVINCE,6,1,AR-Y,0,,,0.0,SUPPRESSED,Supermercados Comodin
941da9b2-93b6-40b8-8de8-c9e27ad03e10,2026-08-01,BANNER_PROVINCE,2,1,AR-X,0,,,0.0,SUPPRESSED,La Anonima
941da9b2-93b6-40b8-8de8-c9e27ad03e10,2026-08-01,BANNER_PROVINCE,11,2,AR-A,0,,,0.0,SUPPRESSED,Changomas
941da9b2-93b6-40b8-8de8-c9e27ad03e10,2026-08-01,BANNER_PROVINCE,10,4,AR-B,0,,,0.0,SUPPRESSED,Maxi
941da9b2-93b6-40b8-8de8-c9e27ad03e10,2026-08-01,BANNER_PROVINCE,11,2,AR-K,0,,,0.0,SUPPRESSED,Changomas
941da9b2-93b6-40b8-8de8-c9e27ad03e10,2026-08-01,BANNER_PROVINCE,11,5,AR-W,0,,,0.0,SUPPRESSED,HiperChangomas
941da9b2-93b6-40b8-8de8-c9e27ad03e10,2026-08-01,BANNER_PROVINCE,10,4,AR-M,0,,,0.0,SUPPRESSED,Maxi
941da9b2-93b6-40b8-8de8-c9e27ad03e10,2026-08-01,BANNER_PROVINCE,6,2,AR-Y,0,,,0.0,SUPPRESSED,Maxi Comodin
941da9b2-93b6-40b8-8de8-c9e27ad03e10,2026-08-01,BANNER_PROVINCE,2,1,AR-A,0,,,0.0,SUPPRESSED,La Anonima
941da9b2-93b6-40b8-8de8-c9e27ad03e10,2026-08-01,BANNER_PROVINCE,11,5,AR-B,0,,,0.0,SUPPRESSED,HiperChangomas
941da9b2-93b6-40b8-8de8-c9e27ad03e10,2026-08-01,BANNER_PROVINCE,11,2,AR-B,0,,,0.0,SUPPRESSED,Changomas
941da9b2-93b6-40b8-8de8-c9e27ad03e10,2026-08-01,BANNER_PROVINCE,11,2,AR-M,0,,,0.0,SUPPRESSED,Changomas
941da9b2-93b6-40b8-8de8-c9e27ad03e10,2026-08-01,BANNER_PROVINCE,12,1,AR-E,0,,,0.0,SUPPRESSED,COTO
941da9b2-93b6-40b8-8de8-c9e27ad03e10,2026-08-01,BANNER_PROVINCE,11,2,AR-D,0,,,0.0,SUPPRESSED,Changomas
941da9b2-93b6-40b8-8de8-c9e27ad03e10,2026-08-01,BANNER_PROVINCE,9,1,AR-G,0,,,0.0,SUPPRESSED,Vea
941da9b2-93b6-40b8-8de8-c9e27ad03e10,2026-08-01,BANNER_PROVINCE,11,2,AR-L,0,,,0.0,SUPPRESSED,Changomas
941da9b2-93b6-40b8-8de8-c9e27ad03e10,2026-08-01,BANNER_PROVINCE,11,2,AR-P,0,,,0.0,SUPPRESSED,Changomas
941da9b2-93b6-40b8-8de8-c9e27ad03e10,2026-08-01,BANNER_PROVINCE,11,2,AR-U,0,,,0.0,SUPPRESSED,Changomas
941da9b2-93b6-40b8-8de8-c9e27ad03e10,2026-08-01,BANNER_PROVINCE,10,1,AR-J,0,,,0.0,SUPPRESSED,Hipermercado Carrefour
941da9b2-93b6-40b8-8de8-c9e27ad03e10,2026-08-01,BANNER_PROVINCE,11,2,AR-Q,0,,,0.0,SUPPRESSED,Changomas
941da9b2-93b6-40b8-8de8-c9e27ad03e10,2026-08-01,BANNER_PROVINCE,9,1,AR-A,0,,,0.0,SUPPRESSED,Vea
941da9b2-93b6-40b8-8de8-c9e27ad03e10,2026-08-01,BANNER_PROVINCE,10,2,AR-U,0,,,0.0,SUPPRESSED,Market
941da9b2-93b6-40b8-8de8-c9e27ad03e10,2026-08-01,BANNER_PROVINCE,10,2,AR-Z,0,,,0.0,SUPPRESSED,Market
941da9b2-93b6-40b8-8de8-c9e27ad03e10,2026-08-01,BANNER_PROVINCE,2,1,AR-G,0,,,0.0,SUPPRESSED,La Anonima
941da9b2-93b6-40b8-8de8-c9e27ad03e10,2026-08-01,BANNER_PROVINCE,12,1,AR-S,0,,,0.0,SUPPRESSED,COTO
941da9b2-93b6-40b8-8de8-c9e27ad03e10,2026-08-01,BANNER_PROVINCE,11,2,,0,,,0.0,INVALID_GEOGRAPHY,Changomas
941da9b2-93b6-40b8-8de8-c9e27ad03e10,2026-08-01,BANNER_PROVINCE,10,2,AR-D,0,,,0.0,SUPPRESSED,Market
941da9b2-93b6-40b8-8de8-c9e27ad03e10,2026-08-01,BANNER_PROVINCE,11,5,AR-M,0,,,0.0,SUPPRESSED,HiperChangomas
941da9b2-93b6-40b8-8de8-c9e27ad03e10,2026-08-01,BANNER_PROVINCE,10,1,AR-V,0,,,0.0,SUPPRESSED,Hipermercado Carrefour
941da9b2-93b6-40b8-8de8-c9e27ad03e10,2026-08-01,BANNER_PROVINCE,10,1,AR-H,0,,,0.0,SUPPRESSED,Hipermercado Carrefour
941da9b2-93b6-40b8-8de8-c9e27ad03e10,2026-08-01,BANNER_PROVINCE,10,3,AR-M,0,,,0.0,SUPPRESSED,Express
941da9b2-93b6-40b8-8de8-c9e27ad03e10,2026-08-01,BANNER_PROVINCE,2,1,AR-S,0,,,0.0,SUPPRESSED,La Anonima
941da9b2-93b6-40b8-8de8-c9e27ad03e10,2026-08-01,BANNER_PROVINCE,13,1,AR-X,0,,,0.0,SUPPRESSED,Cooperativa Obrera
941da9b2-93b6-40b8-8de8-c9e27ad03e10,2026-08-01,BANNER_PROVINCE,10,2,AR-P,0,,,0.0,SUPPRESSED,Market
941da9b2-93b6-40b8-8de8-c9e27ad03e10,2026-08-01,BANNER_PROVINCE,9,3,AR-T,0,,,0.0,SUPPRESSED,Jumbo
941da9b2-93b6-40b8-8de8-c9e27ad03e10,2026-08-01,BANNER_PROVINCE,6,1,AR-A,0,,,0.0,SUPPRESSED,Supermercados Comodin
941da9b2-93b6-40b8-8de8-c9e27ad03e10,2026-08-01,BANNER_PROVINCE,11,5,AR-T,0,,,0.0,SUPPRESSED,HiperChangomas
941da9b2-93b6-40b8-8de8-c9e27ad03e10,2026-08-01,BANNER_PROVINCE,11,5,AR-Q,0,,,0.0,SUPPRESSED,HiperChangomas
941da9b2-93b6-40b8-8de8-c9e27ad03e10,2026-08-01,BANNER_PROVINCE,9,3,AR-Q,0,,,0.0,SUPPRESSED,Jumbo
941da9b2-93b6-40b8-8de8-c9e27ad03e10,2026-08-01,BANNER_PROVINCE,11,5,AR-U,0,,,0.0,SUPPRESSED,HiperChangomas
941da9b2-93b6-40b8-8de8-c9e27ad03e10,2026-08-01,BANNER_PROVINCE,10,4,AR-K,0,,,0.0,SUPPRESSED,Maxi
941da9b2-93b6-40b8-8de8-c9e27ad03e10,2026-08-01,BANNER_PROVINCE,9,3,AR-A,0,,,0.0,SUPPRESSED,Jumbo
941da9b2-93b6-40b8-8de8-c9e27ad03e10,2026-08-01,NATIONAL,,,,8,0.21421936405859238,0.21421936405859238,50.0,SUPPRESSED,
941da9b2-93b6-40b8-8de8-c9e27ad03e10,2026-08-01,PROVINCE,,,AR-A,7,0.2416966786714686,0.2416966786714686,0.0,SUPPRESSED,
941da9b2-93b6-40b8-8de8-c9e27ad03e10,2026-08-01,PROVINCE,,,AR-E,2,0.23045199077255604,0.23045199077255604,0.0,SUPPRESSED,
941da9b2-93b6-40b8-8de8-c9e27ad03e10,2026-08-01,PROVINCE,,,AR-T,8,0.22684695869053412,0.22684695869053412,0.0,SUPPRESSED,
941da9b2-93b6-40b8-8de8-c9e27ad03e10,2026-08-01,PROVINCE,,,AR-L,5,0.20090313182811362,0.20090313182811362,0.0,SUPPRESSED,
941da9b2-93b6-40b8-8de8-c9e27ad03e10,2026-08-01,PROVINCE,,,AR-X,8,0.20064022272570387,0.20064022272570387,0.0,SUPPRESSED,
941da9b2-93b6-40b8-8de8-c9e27ad03e10,2026-08-01,PROVINCE,,,AR-B,8,0.19733685673342488,0.19733685673342488,1.0,SUPPRESSED,
941da9b2-93b6-40b8-8de8-c9e27ad03e10,2026-08-01,PROVINCE,,,AR-U,7,0.19203931203931204,0.19203931203931204,18.0,SUPPRESSED,
941da9b2-93b6-40b8-8de8-c9e27ad03e10,2026-08-01,PROVINCE,,,AR-S,7,0.16614990563494203,0.16614990563494203,0.0,SUPPRESSED,
941da9b2-93b6-40b8-8de8-c9e27ad03e10,2026-08-01,PROVINCE,,,AR-Q,7,0.13633333333333333,0.13633333333333333,4.0,SUPPRESSED,
941da9b2-93b6-40b8-8de8-c9e27ad03e10,2026-08-01,PROVINCE,,,AR-M,8,0.13542582080466636,0.13542582080466636,0.0,SUPPRESSED,
941da9b2-93b6-40b8-8de8-c9e27ad03e10,2026-08-01,PROVINCE,,,AR-R,7,0.1322378716744914,0.1322378716744914,10.0,SUPPRESSED,
941da9b2-93b6-40b8-8de8-c9e27ad03e10,2026-08-01,PROVINCE,,,AR-Y,2,0.11840435993163445,0.11840435993163445,0.0,SUPPRESSED,
941da9b2-93b6-40b8-8de8-c9e27ad03e10,2026-08-01,PROVINCE,,,AR-C,8,0.09013255086875913,0.09013255086875913,0.0,SUPPRESSED,
941da9b2-93b6-40b8-8de8-c9e27ad03e10,2026-08-01,PROVINCE,,,AR-Z,3,0.007289107289107289,0.007289107289107289,17.0,SUPPRESSED,
941da9b2-93b6-40b8-8de8-c9e27ad03e10,2026-08-01,PROVINCE,,,,0,,,0.0,INVALID_GEOGRAPHY,
941da9b2-93b6-40b8-8de8-c9e27ad03e10,2026-08-01,PROVINCE,,,AR-G,0,,,0.0,SUPPRESSED,
941da9b2-93b6-40b8-8de8-c9e27ad03e10,2026-08-01,PROVINCE,,,AR-J,0,,,0.0,SUPPRESSED,
941da9b2-93b6-40b8-8de8-c9e27ad03e10,2026-08-01,PROVINCE,,,AR-F,0,,,0.0,SUPPRESSED,
941da9b2-93b6-40b8-8de8-c9e27ad03e10,2026-08-01,PROVINCE,,,AR-V,0,,,0.0,SUPPRESSED,
941da9b2-93b6-40b8-8de8-c9e27ad03e10,2026-08-01,PROVINCE,,,AR-K,0,,,0.0,SUPPRESSED,
941da9b2-93b6-40b8-8de8-c9e27ad03e10,2026-08-01,PROVINCE,,,AR-N,0,,,0.0,SUPPRESSED,
941da9b2-93b6-40b8-8de8-c9e27ad03e10,2026-08-01,PROVINCE,,,AR-H,0,,,0.0,SUPPRESSED,
941da9b2-93b6-40b8-8de8-c9e27ad03e10,2026-08-01,PROVINCE,,,AR-D,0,,,0.0,SUPPRESSED,
941da9b2-93b6-40b8-8de8-c9e27ad03e10,2026-08-01,PROVINCE,,,AR-W,0,,,0.0,SUPPRESSED,
941da9b2-93b6-40b8-8de8-c9e27ad03e10,2026-08-01,PROVINCE,,,AR-P,0,,,0.0,SUPPRESSED,
941da9b2-93b6-40b8-8de8-c9e27ad03e10,2026-08-02,BANNER,10,1,,8,0.13487668391929702,0.13487668391929702,0.0,SUPPRESSED,Hipermercado Carrefour
941da9b2-93b6-40b8-8de8-c9e27ad03e10,2026-08-02,BANNER,11,2,,8,0.1262463942882338,0.1262463942882338,0.0,SUPPRESSED,Changomas
941da9b2-93b6-40b8-8de8-c9e27ad03e10,2026-08-02,BANNER,13,1,,7,0.12228260869565218,0.12228260869565218,0.0,SUPPRESSED,Cooperativa Obrera
941da9b2-93b6-40b8-8de8-c9e27ad03e10,2026-08-02,BANNER,10,2,,8,0.1222427147926802,0.1222427147926802,0.0,SUPPRESSED,Market
941da9b2-93b6-40b8-8de8-c9e27ad03e10,2026-08-02,BANNER,21,1,,4,0.10002271329913463,0.10002271329913463,0.0,SUPPRESSED,Toledo
941da9b2-93b6-40b8-8de8-c9e27ad03e10,2026-08-02,BANNER,10,3,,8,0.08094973867464134,0.08094973867464134,0.0,SUPPRESSED,Express
941da9b2-93b6-40b8-8de8-c9e27ad03e10,2026-08-02,BANNER,2,1,,7,0.06666666666666667,0.06666666666666667,0.0,SUPPRESSED,La Anonima
941da9b2-93b6-40b8-8de8-c9e27ad03e10,2026-08-02,BANNER,11,5,,8,0.057829570554395984,0.057829570554395984,0.0,SUPPRESSED,HiperChangomas
941da9b2-93b6-40b8-8de8-c9e27ad03e10,2026-08-02,BANNER,9,2,,8,0.04138153736224476,0.04138153736224476,0.0,SUPPRESSED,Disco
941da9b2-93b6-40b8-8de8-c9e27ad03e10,2026-08-02,BANNER,9,3,,8,0.03597444089456869,0.03597444089456869,0.0,SUPPRESSED,Jumbo
941da9b2-93b6-40b8-8de8-c9e27ad03e10,2026-08-02,BANNER,15,1,,8,0.030029379266631837,0.030029379266631837,0.0,SUPPRESSED,DIA
941da9b2-93b6-40b8-8de8-c9e27ad03e10,2026-08-02,BANNER,9,1,,8,0.008077544426494346,0.008077544426494346,0.0,SUPPRESSED,Vea
941da9b2-93b6-40b8-8de8-c9e27ad03e10,2026-08-02,BANNER,10,4,,7,0.0,0.0,0.0,SUPPRESSED,Maxi
941da9b2-93b6-40b8-8de8-c9e27ad03e10,2026-08-02,BANNER,12,1,,8,0.0,0.0,0.0,SUPPRESSED,COTO
941da9b2-93b6-40b8-8de8-c9e27ad03e10,2026-08-02,BANNER,6,1,,2,0.0,0.0,0.0,SUPPRESSED,Supermercados Comodin
941da9b2-93b6-40b8-8de8-c9e27ad03e10,2026-08-02,BANNER,16,1,,0,,,0.0,SUPPRESSED,Hipermercado Libertad
941da9b2-93b6-40b8-8de8-c9e27ad03e10,2026-08-02,BANNER,11,4,,0,,,0.0,SUPPRESSED,SuperChangomas
941da9b2-93b6-40b8-8de8-c9e27ad03e10,2026-08-02,BANNER,5,1,,0,,,0.0,SUPPRESSED,California Supermercados
941da9b2-93b6-40b8-8de8-c9e27ad03e10,2026-08-02,BANNER,8,1,,0,,,0.0,SUPPRESSED,Mariano Max
941da9b2-93b6-40b8-8de8-c9e27ad03e10,2026-08-02,BANNER,47,1,,0,,,0.0,SUPPRESSED,Sup. Unicoop
941da9b2-93b6-40b8-8de8-c9e27ad03e10,2026-08-02,BANNER,6,2,,0,,,0.0,SUPPRESSED,Maxi Comodin
941da9b2-93b6-40b8-8de8-c9e27ad03e10,2026-08-02,BANNER,24,2,,0,,,0.0,SUPPRESSED,FARMACITY
941da9b2-93b6-40b8-8de8-c9e27ad03e10,2026-08-02,BANNER_PROVINCE,10,2,AR-B,8,0.10863942071495816,0.10863942071495816,0.0,SUPPRESSED,Market
941da9b2-93b6-40b8-8de8-c9e27ad03e10,2026-08-02,BANNER_PROVINCE,21,1,AR-B,4,0.10002271329913463,0.10002271329913463,0.0,SUPPRESSED,Toledo
941da9b2-93b6-40b8-8de8-c9e27ad03e10,2026-08-02,BANNER_PROVINCE,13,1,AR-B,7,0.08142222222222223,0.08142222222222223,0.0,SUPPRESSED,Cooperativa Obrera
941da9b2-93b6-40b8-8de8-c9e27ad03e10,2026-08-02,BANNER_PROVINCE,9,2,AR-B,6,0.04504280770149088,0.04504280770149088,0.0,SUPPRESSED,Disco
941da9b2-93b6-40b8-8de8-c9e27ad03e10,2026-08-02,BANNER_PROVINCE,13,1,AR-R,7,0.03752931978107897,0.03752931978107897,0.0,SUPPRESSED,Cooperativa Obrera
941da9b2-93b6-40b8-8de8-c9e27ad03e10,2026-08-02,BANNER_PROVINCE,13,1,AR-Q,7,0.03576470588235294,0.03576470588235294,0.0,SUPPRESSED,Cooperativa Obrera
941da9b2-93b6-40b8-8de8-c9e27ad03e10,2026-08-02,BANNER_PROVINCE,15,1,AR-A,8,0.035024005439911694,0.035024005439911694,0.0,SUPPRESSED,DIA
941da9b2-93b6-40b8-8de8-c9e27ad03e10,2026-08-02,BANNER_PROVINCE,15,1,AR-B,8,0.030029379266631837,0.030029379266631837,0.0,SUPPRESSED,DIA
941da9b2-93b6-40b8-8de8-c9e27ad03e10,2026-08-02,BANNER_PROVINCE,2,1,AR-R,6,0.02,0.02,0.0,SUPPRESSED,La Anonima
941da9b2-93b6-40b8-8de8-c9e27ad03e10,2026-08-02,BANNER_PROVINCE,10,3,AR-C,8,0.01778969741358264,0.01778969741358264,0.0,SUPPRESSED,Express
941da9b2-93b6-40b8-8de8-c9e27ad03e10,2026-08-02,BANNER_PROVINCE,10,1,AR-B,8,0.01731808124712198,0.01731808124712198,0.0,SUPPRESSED,Hipermercado Carrefour
941da9b2-93b6-40b8-8de8-c9e27ad03e10,2026-08-02,BANNER_PROVINCE,2,1,AR-Z,6,0.01,0.01,0.0,SUPPRESSED,La Anonima
941da9b2-93b6-40b8-8de8-c9e27ad03e10,2026-08-02,BANNER_PROVINCE,9,2,AR-C,8,0.0,0.0,0.0,SUPPRESSED,Disco
941da9b2-93b6-40b8-8de8-c9e27ad03e10,2026-08-02,BANNER_PROVINCE,10,2,AR-C,8,0.0,0.0,0.0,SUPPRESSED,Market
941da9b2-93b6-40b8-8de8-c9e27ad03e10,2026-08-02,BANNER_PROVINCE,10,3,AR-X,8,0.0,0.0,0.0,SUPPRESSED,Express
941da9b2-93b6-40b8-8de8-c9e27ad03e10,2026-08-02,BANNER_PROVINCE,9,1,AR-X,5,0.0,0.0,0.0,SUPPRESSED,Vea
941da9b2-93b6-40b8-8de8-c9e27ad03e10,2026-08-02,BANNER_PROVINCE,12,1,AR-C,8,0.0,0.0,0.0,SUPPRESSED,COTO
941da9b2-93b6-40b8-8de8-c9e27ad03e10,2026-08-02,BANNER_PROVINCE,15,1,AR-E,8,0.0,0.0,0.0,SUPPRESSED,DIA
941da9b2-93b6-40b8-8de8-c9e27ad03e10,2026-08-02,BANNER_PROVINCE,15,1,AR-C,8,0.0,0.0,0.0,SUPPRESSED,DIA
941da9b2-93b6-40b8-8de8-c9e27ad03e10,2026-08-02,BANNER_PROVINCE,9,1,AR-M,8,0.0,0.0,0.0,SUPPRESSED,Vea
941da9b2-93b6-40b8-8de8-c9e27ad03e10,2026-08-02,BANNER_PROVINCE,9,1,AR-B,8,0.0,0.0,0.0,SUPPRESSED,Vea
941da9b2-93b6-40b8-8de8-c9e27ad03e10,2026-08-02,BANNER_PROVINCE,9,2,AR-X,5,0.0,0.0,0.0,SUPPRESSED,Disco
941da9b2-93b6-40b8-8de8-c9e27ad03e10,2026-08-02,BANNER_PROVINCE,10,3,AR-B,8,0.0,0.0,0.0,SUPPRESSED,Express
941da9b2-93b6-40b8-8de8-c9e27ad03e10,2026-08-02,BANNER_PROVINCE,2,1,AR-U,5,0.0,0.0,0.0,SUPPRESSED,La Anonima
941da9b2-93b6-40b8-8de8-c9e27ad03e10,2026-08-02,BANNER_PROVINCE,2,1,AR-B,6,0.0,0.0,0.0,SUPPRESSED,La Anonima
941da9b2-93b6-40b8-8de8-c9e27ad03e10,2026-08-02,BANNER_PROVINCE,12,1,AR-B,8,0.0,0.0,0.0,SUPPRESSED,COTO
941da9b2-93b6-40b8-8de8-c9e27ad03e10,2026-08-02,BANNER_PROVINCE,2,1,AR-Q,6,0.0,0.0,0.0,SUPPRESSED,La Anonima
941da9b2-93b6-40b8-8de8-c9e27ad03e10,2026-08-02,BANNER_PROVINCE,11,5,AR-J,0,,,0.0,SUPPRESSED,HiperChangomas
941da9b2-93b6-40b8-8de8-c9e27ad03e10,2026-08-02,BANNER_PROVINCE,10,1,AR-A,0,,,0.0,SUPPRESSED,Hipermercado Carrefour
941da9b2-93b6-40b8-8de8-c9e27ad03e10,2026-08-02,BANNER_PROVINCE,10,1,AR-J,0,,,0.0,SUPPRESSED,Hipermercado Carrefour
941da9b2-93b6-40b8-8de8-c9e27ad03e10,2026-08-02,BANNER_PROVINCE,15,1,AR-X,0,,,0.0,SUPPRESSED,DIA
941da9b2-93b6-40b8-8de8-c9e27ad03e10,2026-08-02,BANNER_PROVINCE,11,2,AR-Y,0,,,0.0,SUPPRESSED,Changomas
941da9b2-93b6-40b8-8de8-c9e27ad03e10,2026-08-02,BANNER_PROVINCE,9,3,AR-C,0,,,0.0,SUPPRESSED,Jumbo
941da9b2-93b6-40b8-8de8-c9e27ad03e10,2026-08-02,BANNER_PROVINCE,10,1,AR-H,0,,,0.0,SUPPRESSED,Hipermercado Carrefour
941da9b2-93b6-40b8-8de8-c9e27ad03e10,2026-08-02,BANNER_PROVINCE,10,1,AR-C,0,,,0.0,SUPPRESSED,Hipermercado Carrefour
941da9b2-93b6-40b8-8de8-c9e27ad03e10,2026-08-02,BANNER_PROVINCE,2,1,AR-L,0,,,0.0,SUPPRESSED,La Anonima
941da9b2-93b6-40b8-8de8-c9e27ad03e10,2026-08-02,BANNER_PROVINCE,2,1,AR-T,0,,,0.0,SUPPRESSED,La Anonima
941da9b2-93b6-40b8-8de8-c9e27ad03e10,2026-08-02,BANNER_PROVINCE,9,1,AR-K,0,,,0.0,SUPPRESSED,Vea
941da9b2-93b6-40b8-8de8-c9e27ad03e10,2026-08-02,BANNER_PROVINCE,9,1,AR-A,0,,,0.0,SUPPRESSED,Vea
941da9b2-93b6-40b8-8de8-c9e27ad03e10,2026-08-02,BANNER_PROVINCE,10,2,AR-K,0,,,0.0,SUPPRESSED,Market
941da9b2-93b6-40b8-8de8-c9e27ad03e10,2026-08-02,BANNER_PROVINCE,5,1,AR-N,0,,,0.0,SUPPRESSED,California Supermercados
941da9b2-93b6-40b8-8de8-c9e27ad03e10,2026-08-02,BANNER_PROVINCE,11,4,AR-B,0,,,0.0,SUPPRESSED,SuperChangomas
941da9b2-93b6-40b8-8de8-c9e27ad03e10,2026-08-02,BANNER_PROVINCE,10,3,,0,,,0.0,INVALID_GEOGRAPHY,Express
941da9b2-93b6-40b8-8de8-c9e27ad03e10,2026-08-02,BANNER_PROVINCE,10,2,AR-P,0,,,0.0,SUPPRESSED,Market
941da9b2-93b6-40b8-8de8-c9e27ad03e10,2026-08-02,BANNER_PROVINCE,10,4,AR-E,0,,,0.0,SUPPRESSED,Maxi
941da9b2-93b6-40b8-8de8-c9e27ad03e10,2026-08-02,BANNER_PROVINCE,11,4,,0,,,0.0,INVALID_GEOGRAPHY,SuperChangomas
941da9b2-93b6-40b8-8de8-c9e27ad03e10,2026-08-02,BANNER_PROVINCE,47,1,AR-B,0,,,0.0,SUPPRESSED,Sup. Unicoop
941da9b2-93b6-40b8-8de8-c9e27ad03e10,2026-08-02,BANNER_PROVINCE,10,3,AR-M,0,,,0.0,SUPPRESSED,Express
941da9b2-93b6-40b8-8de8-c9e27ad03e10,2026-08-02,BANNER_PROVINCE,9,3,AR-X,0,,,0.0,SUPPRESSED,Jumbo
941da9b2-93b6-40b8-8de8-c9e27ad03e10,2026-08-02,BANNER_PROVINCE,11,2,AR-F,0,,,0.0,SUPPRESSED,Changomas
941da9b2-93b6-40b8-8de8-c9e27ad03e10,2026-08-02,BANNER_PROVINCE,11,5,AR-D,0,,,0.0,SUPPRESSED,HiperChangomas
941da9b2-93b6-40b8-8de8-c9e27ad03e10,2026-08-02,BANNER_PROVINCE,10,2,AR-D,0,,,0.0,SUPPRESSED,Market
941da9b2-93b6-40b8-8de8-c9e27ad03e10,2026-08-02,BANNER_PROVINCE,9,1,AR-D,0,,,0.0,SUPPRESSED,Vea
941da9b2-93b6-40b8-8de8-c9e27ad03e10,2026-08-02,BANNER_PROVINCE,6,1,AR-Y,0,,,0.0,SUPPRESSED,Supermercados Comodin
941da9b2-93b6-40b8-8de8-c9e27ad03e10,2026-08-02,BANNER_PROVINCE,8,1,AR-X,0,,,0.0,SUPPRESSED,Mariano Max
941da9b2-93b6-40b8-8de8-c9e27ad03e10,2026-08-02,BANNER_PROVINCE,2,1,AR-S,0,,,0.0,SUPPRESSED,La Anonima
941da9b2-93b6-40b8-8de8-c9e27ad03e10,2026-08-02,BANNER_PROVINCE,11,2,AR-N,0,,,0.0,SUPPRESSED,Changomas
941da9b2-93b6-40b8-8de8-c9e27ad03e10,2026-08-02,BANNER_PROVINCE,10,1,AR-V,0,,,0.0,SUPPRESSED,Hipermercado Carrefour
941da9b2-93b6-40b8-8de8-c9e27ad03e10,2026-08-02,BANNER_PROVINCE,15,1,AR-W,0,,,0.0,SUPPRESSED,DIA
941da9b2-93b6-40b8-8de8-c9e27ad03e10,2026-08-02,BANNER_PROVINCE,6,1,AR-T,0,,,0.0,SUPPRESSED,Supermercados Comodin
941da9b2-93b6-40b8-8de8-c9e27ad03e10,2026-08-02,BANNER_PROVINCE,9,3,AR-T,0,,,0.0,SUPPRESSED,Jumbo
941da9b2-93b6-40b8-8de8-c9e27ad03e10,2026-08-02,BANNER_PROVINCE,11,2,AR-T,0,,,0.0,SUPPRESSED,Changomas
941da9b2-93b6-40b8-8de8-c9e27ad03e10,2026-08-02,BANNER_PROVINCE,10,1,AR-Q,0,,,0.0,SUPPRESSED,Hipermercado Carrefour
941da9b2-93b6-40b8-8de8-c9e27ad03e10,2026-08-02,BANNER_PROVINCE,16,1,AR-M,0,,,0.0,SUPPRESSED,Hipermercado Libertad
941da9b2-93b6-40b8-8de8-c9e27ad03e10,2026-08-02,BANNER_PROVINCE,10,4,AR-H,0,,,0.0,SUPPRESSED,Maxi
941da9b2-93b6-40b8-8de8-c9e27ad03e10,2026-08-02,BANNER_PROVINCE,11,5,AR-U,0,,,0.0,SUPPRESSED,HiperChangomas
941da9b2-93b6-40b8-8de8-c9e27ad03e10,2026-08-02,BANNER_PROVINCE,10,4,AR-M,0,,,0.0,SUPPRESSED,Maxi
941da9b2-93b6-40b8-8de8-c9e27ad03e10,2026-08-02,BANNER_PROVINCE,10,4,AR-B,0,,,0.0,SUPPRESSED,Maxi
941da9b2-93b6-40b8-8de8-c9e27ad03e10,2026-08-02,BANNER_PROVINCE,12,1,AR-S,0,,,0.0,SUPPRESSED,COTO
941da9b2-93b6-40b8-8de8-c9e27ad03e10,2026-08-02,BANNER_PROVINCE,11,2,AR-L,0,,,0.0,SUPPRESSED,Changomas
941da9b2-93b6-40b8-8de8-c9e27ad03e10,2026-08-02,BANNER_PROVINCE,9,1,AR-H,0,,,0.0,SUPPRESSED,Vea
941da9b2-93b6-40b8-8de8-c9e27ad03e10,2026-08-02,BANNER_PROVINCE,9,1,AR-C,0,,,0.0,SUPPRESSED,Vea
941da9b2-93b6-40b8-8de8-c9e27ad03e10,2026-08-02,BANNER_PROVINCE,13,1,AR-U,0,,,0.0,SUPPRESSED,Cooperativa Obrera
941da9b2-93b6-40b8-8de8-c9e27ad03e10,2026-08-02,BANNER_PROVINCE,11,5,AR-H,0,,,0.0,SUPPRESSED,HiperChangomas
941da9b2-93b6-40b8-8de8-c9e27ad03e10,2026-08-02,BANNER_PROVINCE,10,2,AR-F,0,,,0.0,SUPPRESSED,Market
941da9b2-93b6-40b8-8de8-c9e27ad03e10,2026-08-02,BANNER_PROVINCE,6,1,AR-A,0,,,0.0,SUPPRESSED,Supermercados Comodin
941da9b2-93b6-40b8-8de8-c9e27ad03e10,2026-08-02,BANNER_PROVINCE,10,2,AR-E,0,,,0.0,SUPPRESSED,Market
941da9b2-93b6-40b8-8de8-c9e27ad03e10,2026-08-02,BANNER_PROVINCE,9,1,AR-Y,0,,,0.0,SUPPRESSED,Vea
941da9b2-93b6-40b8-8de8-c9e27ad03e10,2026-08-02,BANNER_PROVINCE,10,1,AR-M,0,,,0.0,SUPPRESSED,Hipermercado Carrefour
941da9b2-93b6-40b8-8de8-c9e27ad03e10,2026-08-02,BANNER_PROVINCE,10,4,AR-A,0,,,0.0,SUPPRESSED,Maxi
941da9b2-93b6-40b8-8de8-c9e27ad03e10,2026-08-02,BANNER_PROVINCE,9,1,AR-F,0,,,0.0,SUPPRESSED,Vea
941da9b2-93b6-40b8-8de8-c9e27ad03e10,2026-08-02,BANNER_PROVINCE,11,2,AR-G,0,,,0.0,SUPPRESSED,Changomas
941da9b2-93b6-40b8-8de8-c9e27ad03e10,2026-08-02,BANNER_PROVINCE,10,2,AR-Z,0,,,0.0,SUPPRESSED,Market
941da9b2-93b6-40b8-8de8-c9e27ad03e10,2026-08-02,BANNER_PROVINCE,11,5,AR-Q,0,,,0.0,SUPPRESSED,HiperChangomas
941da9b2-93b6-40b8-8de8-c9e27ad03e10,2026-08-02,BANNER_PROVINCE,12,1,AR-E,0,,,0.0,SUPPRESSED,COTO
941da9b2-93b6-40b8-8de8-c9e27ad03e10,2026-08-02,BANNER_PROVINCE,11,5,AR-X,0,,,0.0,SUPPRESSED,HiperChangomas
941da9b2-93b6-40b8-8de8-c9e27ad03e10,2026-08-02,BANNER_PROVINCE,12,1,AR-M,0,,,0.0,SUPPRESSED,COTO
941da9b2-93b6-40b8-8de8-c9e27ad03e10,2026-08-02,BANNER_PROVINCE,11,2,AR-R,0,,,0.0,SUPPRESSED,Changomas
941da9b2-93b6-40b8-8de8-c9e27ad03e10,2026-08-02,BANNER_PROVINCE,11,5,AR-C,0,,,0.0,SUPPRESSED,HiperChangomas
941da9b2-93b6-40b8-8de8-c9e27ad03e10,2026-08-02,BANNER_PROVINCE,2,1,AR-H,0,,,0.0,SUPPRESSED,La Anonima
941da9b2-93b6-40b8-8de8-c9e27ad03e10,2026-08-02,BANNER_PROVINCE,15,1,AR-J,0,,,0.0,SUPPRESSED,DIA
941da9b2-93b6-40b8-8de8-c9e27ad03e10,2026-08-02,BANNER_PROVINCE,11,5,AR-E,0,,,0.0,SUPPRESSED,HiperChangomas
941da9b2-93b6-40b8-8de8-c9e27ad03e10,2026-08-02,BANNER_PROVINCE,9,1,AR-W,0,,,0.0,SUPPRESSED,Vea
941da9b2-93b6-40b8-8de8-c9e27ad03e10,2026-08-02,BANNER_PROVINCE,2,1,AR-A,0,,,0.0,SUPPRESSED,La Anonima
941da9b2-93b6-40b8-8de8-c9e27ad03e10,2026-08-02,BANNER_PROVINCE,11,2,AR-J,0,,,0.0,SUPPRESSED,Changomas
941da9b2-93b6-40b8-8de8-c9e27ad03e10,2026-08-02,BANNER_PROVINCE,9,3,AR-B,0,,,0.0,SUPPRESSED,Jumbo
941da9b2-93b6-40b8-8de8-c9e27ad03e10,2026-08-02,BANNER_PROVINCE,10,1,AR-Z,0,,,0.0,SUPPRESSED,Hipermercado Carrefour
941da9b2-93b6-40b8-8de8-c9e27ad03e10,2026-08-02,BANNER_PROVINCE,9,3,AR-U,0,,,0.0,SUPPRESSED,Jumbo
941da9b2-93b6-40b8-8de8-c9e27ad03e10,2026-08-02,BANNER_PROVINCE,13,1,AR-X,0,,,0.0,SUPPRESSED,Cooperativa Obrera
941da9b2-93b6-40b8-8de8-c9e27ad03e10,2026-08-02,BANNER_PROVINCE,9,3,AR-Q,0,,,0.0,SUPPRESSED,Jumbo
941da9b2-93b6-40b8-8de8-c9e27ad03e10,2026-08-02,BANNER_PROVINCE,11,2,AR-B,0,,,0.0,SUPPRESSED,Changomas
941da9b2-93b6-40b8-8de8-c9e27ad03e10,2026-08-02,BANNER_PROVINCE,11,2,AR-W,0,,,0.0,SUPPRESSED,Changomas
941da9b2-93b6-40b8-8de8-c9e27ad03e10,2026-08-02,BANNER_PROVINCE,10,1,AR-K,0,,,0.0,SUPPRESSED,Hipermercado Carrefour
941da9b2-93b6-40b8-8de8-c9e27ad03e10,2026-08-02,BANNER_PROVINCE,10,1,AR-W,0,,,0.0,SUPPRESSED,Hipermercado Carrefour
941da9b2-93b6-40b8-8de8-c9e27ad03e10,2026-08-02,BANNER_PROVINCE,6,2,AR-Y,0,,,0.0,SUPPRESSED,Maxi Comodin
941da9b2-93b6-40b8-8de8-c9e27ad03e10,2026-08-02,BANNER_PROVINCE,10,1,AR-X,0,,,0.0,SUPPRESSED,Hipermercado Carrefour
941da9b2-93b6-40b8-8de8-c9e27ad03e10,2026-08-02,BANNER_PROVINCE,11,2,AR-E,0,,,0.0,SUPPRESSED,Changomas
941da9b2-93b6-40b8-8de8-c9e27ad03e10,2026-08-02,BANNER_PROVINCE,24,2,AR-C,0,,,0.0,SUPPRESSED,FARMACITY
941da9b2-93b6-40b8-8de8-c9e27ad03e10,2026-08-02,BANNER_PROVINCE,11,5,AR-T,0,,,0.0,SUPPRESSED,HiperChangomas
941da9b2-93b6-40b8-8de8-c9e27ad03e10,2026-08-02,BANNER_PROVINCE,9,1,AR-T,0,,,0.0,SUPPRESSED,Vea
941da9b2-93b6-40b8-8de8-c9e27ad03e10,2026-08-02,BANNER_PROVINCE,9,1,AR-S,0,,,0.0,SUPPRESSED,Vea
941da9b2-93b6-40b8-8de8-c9e27ad03e10,2026-08-02,BANNER_PROVINCE,11,5,AR-S,0,,,0.0,SUPPRESSED,HiperChangomas
941da9b2-93b6-40b8-8de8-c9e27ad03e10,2026-08-02,BANNER_PROVINCE,10,1,AR-E,0,,,0.0,SUPPRESSED,Hipermercado Carrefour
941da9b2-93b6-40b8-8de8-c9e27ad03e10,2026-08-02,BANNER_PROVINCE,11,2,AR-X,0,,,0.0,SUPPRESSED,Changomas
941da9b2-93b6-40b8-8de8-c9e27ad03e10,2026-08-02,BANNER_PROVINCE,11,5,AR-B,0,,,0.0,SUPPRESSED,HiperChangomas
941da9b2-93b6-40b8-8de8-c9e27ad03e10,2026-08-02,BANNER_PROVINCE,11,5,AR-M,0,,,0.0,SUPPRESSED,HiperChangomas
941da9b2-93b6-40b8-8de8-c9e27ad03e10,2026-08-02,BANNER_PROVINCE,2,1,AR-G,0,,,0.0,SUPPRESSED,La Anonima
941da9b2-93b6-40b8-8de8-c9e27ad03e10,2026-08-02,BANNER_PROVINCE,9,1,AR-Q,0,,,0.0,SUPPRESSED,Vea
941da9b2-93b6-40b8-8de8-c9e27ad03e10,2026-08-02,BANNER_PROVINCE,2,1,AR-X,0,,,0.0,SUPPRESSED,La Anonima
941da9b2-93b6-40b8-8de8-c9e27ad03e10,2026-08-02,BANNER_PROVINCE,11,5,AR-W,0,,,0.0,SUPPRESSED,HiperChangomas
941da9b2-93b6-40b8-8de8-c9e27ad03e10,2026-08-02,BANNER_PROVINCE,9,3,AR-S,0,,,0.0,SUPPRESSED,Jumbo
941da9b2-93b6-40b8-8de8-c9e27ad03e10,2026-08-02,BANNER_PROVINCE,10,2,AR-T,0,,,0.0,SUPPRESSED,Market
941da9b2-93b6-40b8-8de8-c9e27ad03e10,2026-08-02,BANNER_PROVINCE,10,2,AR-U,0,,,0.0,SUPPRESSED,Market
941da9b2-93b6-40b8-8de8-c9e27ad03e10,2026-08-02,BANNER_PROVINCE,10,4,AR-C,0,,,0.0,SUPPRESSED,Maxi
941da9b2-93b6-40b8-8de8-c9e27ad03e10,2026-08-02,BANNER_PROVINCE,11,2,AR-P,0,,,0.0,SUPPRESSED,Changomas
941da9b2-93b6-40b8-8de8-c9e27ad03e10,2026-08-02,BANNER_PROVINCE,6,2,AR-A,0,,,0.0,SUPPRESSED,Maxi Comodin
941da9b2-93b6-40b8-8de8-c9e27ad03e10,2026-08-02,BANNER_PROVINCE,9,1,AR-U,0,,,0.0,SUPPRESSED,Vea
941da9b2-93b6-40b8-8de8-c9e27ad03e10,2026-08-02,BANNER_PROVINCE,10,2,AR-W,0,,,0.0,SUPPRESSED,Market
941da9b2-93b6-40b8-8de8-c9e27ad03e10,2026-08-02,BANNER_PROVINCE,2,1,AR-W,0,,,0.0,SUPPRESSED,La Anonima
941da9b2-93b6-40b8-8de8-c9e27ad03e10,2026-08-02,BANNER_PROVINCE,11,2,AR-A,0,,,0.0,SUPPRESSED,Changomas
941da9b2-93b6-40b8-8de8-c9e27ad03e10,2026-08-02,BANNER_PROVINCE,10,1,AR-T,0,,,0.0,SUPPRESSED,Hipermercado Carrefour
941da9b2-93b6-40b8-8de8-c9e27ad03e10,2026-08-02,BANNER_PROVINCE,9,1,AR-J,0,,,0.0,SUPPRESSED,Vea
941da9b2-93b6-40b8-8de8-c9e27ad03e10,2026-08-02,BANNER_PROVINCE,2,1,AR-V,0,,,0.0,SUPPRESSED,La Anonima
941da9b2-93b6-40b8-8de8-c9e27ad03e10,2026-08-02,BANNER_PROVINCE,10,1,AR-L,0,,,0.0,SUPPRESSED,Hipermercado Carrefour
941da9b2-93b6-40b8-8de8-c9e27ad03e10,2026-08-02,BANNER_PROVINCE,10,1,AR-U,0,,,0.0,SUPPRESSED,Hipermercado Carrefour
941da9b2-93b6-40b8-8de8-c9e27ad03e10,2026-08-02,BANNER_PROVINCE,9,3,AR-A,0,,,0.0,SUPPRESSED,Jumbo
941da9b2-93b6-40b8-8de8-c9e27ad03e10,2026-08-02,BANNER_PROVINCE,11,2,AR-K,0,,,0.0,SUPPRESSED,Changomas
941da9b2-93b6-40b8-8de8-c9e27ad03e10,2026-08-02,BANNER_PROVINCE,2,1,AR-J,0,,,0.0,SUPPRESSED,La Anonima
941da9b2-93b6-40b8-8de8-c9e27ad03e10,2026-08-02,BANNER_PROVINCE,10,4,AR-K,0,,,0.0,SUPPRESSED,Maxi
941da9b2-93b6-40b8-8de8-c9e27ad03e10,2026-08-02,BANNER_PROVINCE,11,2,AR-D,0,,,0.0,SUPPRESSED,Changomas
941da9b2-93b6-40b8-8de8-c9e27ad03e10,2026-08-02,BANNER_PROVINCE,11,2,AR-M,0,,,0.0,SUPPRESSED,Changomas
941da9b2-93b6-40b8-8de8-c9e27ad03e10,2026-08-02,BANNER_PROVINCE,10,1,AR-S,0,,,0.0,SUPPRESSED,Hipermercado Carrefour
941da9b2-93b6-40b8-8de8-c9e27ad03e10,2026-08-02,BANNER_PROVINCE,11,2,AR-Q,0,,,0.0,SUPPRESSED,Changomas
941da9b2-93b6-40b8-8de8-c9e27ad03e10,2026-08-02,BANNER_PROVINCE,11,2,,0,,,0.0,INVALID_GEOGRAPHY,Changomas
941da9b2-93b6-40b8-8de8-c9e27ad03e10,2026-08-02,BANNER_PROVINCE,9,2,AR-S,0,,,0.0,SUPPRESSED,Disco
941da9b2-93b6-40b8-8de8-c9e27ad03e10,2026-08-02,BANNER_PROVINCE,12,1,AR-Q,0,,,0.0,SUPPRESSED,COTO
941da9b2-93b6-40b8-8de8-c9e27ad03e10,2026-08-02,BANNER_PROVINCE,9,1,AR-E,0,,,0.0,SUPPRESSED,Vea
941da9b2-93b6-40b8-8de8-c9e27ad03e10,2026-08-02,BANNER_PROVINCE,10,2,AR-L,0,,,0.0,SUPPRESSED,Market
941da9b2-93b6-40b8-8de8-c9e27ad03e10,2026-08-02,BANNER_PROVINCE,10,1,AR-P,0,,,0.0,SUPPRESSED,Hipermercado Carrefour
941da9b2-93b6-40b8-8de8-c9e27ad03e10,2026-08-02,BANNER_PROVINCE,10,1,AR-D,0,,,0.0,SUPPRESSED,Hipermercado Carrefour
941da9b2-93b6-40b8-8de8-c9e27ad03e10,2026-08-02,BANNER_PROVINCE,9,1,AR-G,0,,,0.0,SUPPRESSED,Vea
941da9b2-93b6-40b8-8de8-c9e27ad03e10,2026-08-02,BANNER_PROVINCE,11,2,AR-U,0,,,0.0,SUPPRESSED,Changomas
941da9b2-93b6-40b8-8de8-c9e27ad03e10,2026-08-02,BANNER_PROVINCE,15,1,Buenos Aires,0,,,0.0,INVALID_GEOGRAPHY,DIA
941da9b2-93b6-40b8-8de8-c9e27ad03e10,2026-08-02,BANNER_PROVINCE,10,2,AR-X,0,,,0.0,SUPPRESSED,Market
941da9b2-93b6-40b8-8de8-c9e27ad03e10,2026-08-02,BANNER_PROVINCE,11,4,AR-C,0,,,0.0,SUPPRESSED,SuperChangomas
941da9b2-93b6-40b8-8de8-c9e27ad03e10,2026-08-02,BANNER_PROVINCE,9,1,AR-R,0,,,0.0,SUPPRESSED,Vea
941da9b2-93b6-40b8-8de8-c9e27ad03e10,2026-08-02,BANNER_PROVINCE,15,1,AR-S,0,,,0.0,SUPPRESSED,DIA
941da9b2-93b6-40b8-8de8-c9e27ad03e10,2026-08-02,BANNER_PROVINCE,10,1,AR-R,0,,,0.0,SUPPRESSED,Hipermercado Carrefour
941da9b2-93b6-40b8-8de8-c9e27ad03e10,2026-08-02,BANNER_PROVINCE,10,2,AR-M,0,,,0.0,SUPPRESSED,Market
941da9b2-93b6-40b8-8de8-c9e27ad03e10,2026-08-02,BANNER_PROVINCE,2,1,AR-N,0,,,0.0,SUPPRESSED,La Anonima
941da9b2-93b6-40b8-8de8-c9e27ad03e10,2026-08-02,BANNER_PROVINCE,9,3,AR-M,0,,,0.0,SUPPRESSED,Jumbo
941da9b2-93b6-40b8-8de8-c9e27ad03e10,2026-08-02,NATIONAL,,,,8,0.19696789296017758,0.19696789296017758,0.0,SUPPRESSED,
941da9b2-93b6-40b8-8de8-c9e27ad03e10,2026-08-02,PROVINCE,,,AR-J,6,0.2283991051656713,0.2283991051656713,0.0,SUPPRESSED,
941da9b2-93b6-40b8-8de8-c9e27ad03e10,2026-08-02,PROVINCE,,,AR-T,8,0.22684695869053412,0.22684695869053412,0.0,SUPPRESSED,
941da9b2-93b6-40b8-8de8-c9e27ad03e10,2026-08-02,PROVINCE,,,AR-X,8,0.20355196233994718,0.20355196233994718,0.0,SUPPRESSED,
941da9b2-93b6-40b8-8de8-c9e27ad03e10,2026-08-02,PROVINCE,,,AR-U,7,0.19203931203931204,0.19203931203931204,0.0,SUPPRESSED,
941da9b2-93b6-40b8-8de8-c9e27ad03e10,2026-08-02,PROVINCE,,,AR-A,8,0.16501207980464488,0.16501207980464488,0.0,SUPPRESSED,
941da9b2-93b6-40b8-8de8-c9e27ad03e10,2026-08-02,PROVINCE,,,AR-S,8,0.15932965953720768,0.15932965953720768,0.0,SUPPRESSED,
941da9b2-93b6-40b8-8de8-c9e27ad03e10,2026-08-02,PROVINCE,,,AR-Q,7,0.13633333333333333,0.13633333333333333,0.0,SUPPRESSED,
941da9b2-93b6-40b8-8de8-c9e27ad03e10,2026-08-02,PROVINCE,,,AR-M,8,0.13542582080466636,0.13542582080466636,0.0,SUPPRESSED,
941da9b2-93b6-40b8-8de8-c9e27ad03e10,2026-08-02,PROVINCE,,,AR-R,7,0.1322378716744914,0.1322378716744914,0.0,SUPPRESSED,
941da9b2-93b6-40b8-8de8-c9e27ad03e10,2026-08-02,PROVINCE,,,AR-W,8,0.1208267901967853,0.1208267901967853,0.0,SUPPRESSED,
941da9b2-93b6-40b8-8de8-c9e27ad03e10,2026-08-02,PROVINCE,,,AR-Y,2,0.11840435993163445,0.11840435993163445,0.0,SUPPRESSED,
941da9b2-93b6-40b8-8de8-c9e27ad03e10,2026-08-02,PROVINCE,,,AR-B,8,0.11391596439570853,0.11391596439570853,0.0,SUPPRESSED,
941da9b2-93b6-40b8-8de8-c9e27ad03e10,2026-08-02,PROVINCE,,,AR-C,8,0.059793801797465365,0.059793801797465365,0.0,SUPPRESSED,
941da9b2-93b6-40b8-8de8-c9e27ad03e10,2026-08-02,PROVINCE,,,AR-E,8,0.05321252687925869,0.05321252687925869,0.0,SUPPRESSED,
941da9b2-93b6-40b8-8de8-c9e27ad03e10,2026-08-02,PROVINCE,,,AR-Z,4,0.022875322875322877,0.022875322875322877,0.0,SUPPRESSED,
941da9b2-93b6-40b8-8de8-c9e27ad03e10,2026-08-02,PROVINCE,,,AR-P,0,,,0.0,SUPPRESSED,
941da9b2-93b6-40b8-8de8-c9e27ad03e10,2026-08-02,PROVINCE,,,AR-K,0,,,0.0,SUPPRESSED,
941da9b2-93b6-40b8-8de8-c9e27ad03e10,2026-08-02,PROVINCE,,,Buenos Aires,0,,,0.0,INVALID_GEOGRAPHY,
941da9b2-93b6-40b8-8de8-c9e27ad03e10,2026-08-02,PROVINCE,,,AR-V,0,,,0.0,SUPPRESSED,
941da9b2-93b6-40b8-8de8-c9e27ad03e10,2026-08-02,PROVINCE,,,AR-D,0,,,0.0,SUPPRESSED,
941da9b2-93b6-40b8-8de8-c9e27ad03e10,2026-08-02,PROVINCE,,,AR-N,0,,,0.0,SUPPRESSED,
941da9b2-93b6-40b8-8de8-c9e27ad03e10,2026-08-02,PROVINCE,,,AR-F,0,,,0.0,SUPPRESSED,
941da9b2-93b6-40b8-8de8-c9e27ad03e10,2026-08-02,PROVINCE,,,AR-G,0,,,0.0,SUPPRESSED,
941da9b2-93b6-40b8-8de8-c9e27ad03e10,2026-08-02,PROVINCE,,,AR-L,0,,,0.0,SUPPRESSED,
941da9b2-93b6-40b8-8de8-c9e27ad03e10,2026-08-02,PROVINCE,,,,0,,,0.0,INVALID_GEOGRAPHY,
941da9b2-93b6-40b8-8de8-c9e27ad03e10,2026-08-02,PROVINCE,,,AR-H,0,,,0.0,SUPPRESSED,
