build_id,scope_version,snapshot_date,id_comercio,id_bandera,gtin14,banner_price,benchmark_price,price_relative,contribution_log_points,product_relative_pct,driver_rank,banner_label,producto_descripcion,marca
941da9b2-93b6-40b8-8de8-c9e27ad03e10,IDX_GROCERY_7_V1,2026-07-27,12,1,07792170110704,2750.0,4108.268145691137,0.6693818179527241,-0.06291546274007964,-33.06181820472759,1,COTO,BEB ISOTON COOL BLUE,GATOR
941da9b2-93b6-40b8-8de8-c9e27ad03e10,IDX_GROCERY_7_V1,2026-07-27,12,1,07792170110575,2750.0,3981.334273144904,0.6907232127052074,-0.0579962532828765,-30.927678729479258,2,COTO,BEB ISOTON MANZANA,GATOR
941da9b2-93b6-40b8-8de8-c9e27ad03e10,IDX_GROCERY_7_V1,2026-07-27,12,1,07790895648267,3000.0,2242.126136899441,1.3380157122420404,0.04564070606862617,33.80157122420404,3,COTO,JUGO SAB NARAN TENTA,CEPIT
941da9b2-93b6-40b8-8de8-c9e27ad03e10,IDX_GROCERY_7_V1,2026-07-27,12,1,07790895000232,2500.0,2017.0270860729006,1.2394479069031419,0.03364671537639017,23.94479069031419,4,COTO,GASEO COLA LATA,COCA
941da9b2-93b6-40b8-8de8-c9e27ad03e10,IDX_GROCERY_7_V1,2026-07-27,12,1,07790895006029,2450.0,3028.096877153228,0.8090890415313569,-0.03320474988755669,-19.091095846864313,5,COTO,BEB ISOTO MOUNT BLAS,POWER
941da9b2-93b6-40b8-8de8-c9e27ad03e10,IDX_GROCERY_7_V1,2026-07-27,12,1,07790895006036,2450.0,2976.034101518812,0.8232432547562706,-0.030486450030132374,-17.67567452437294,6,COTO,ISOTONICA MANZANA,POWER
941da9b2-93b6-40b8-8de8-c9e27ad03e10,IDX_GROCERY_7_V1,2026-07-27,12,1,07790360026576,6999.0,8473.839258907055,0.8259538310976554,-0.02997122281790195,-17.404616890234458,7,COTO,HAMBURG CARNE CLASIC,SWIFT
941da9b2-93b6-40b8-8de8-c9e27ad03e10,IDX_GROCERY_7_V1,2026-07-27,12,1,07790070431905,1700.0,1422.5588622754703,1.1950296364403126,0.0279264867467731,19.502963644031258,8,COTO,OBLEA DE ARROZ CHOCO,GALLO
941da9b2-93b6-40b8-8de8-c9e27ad03e10,IDX_GROCERY_7_V1,2026-07-27,12,1,07790895000270,2500.0,2121.6335292241124,1.178337335625657,0.02572169392558461,17.8337335625657,9,COTO,GASEOSA LIMA LIMON,SPRIT
941da9b2-93b6-40b8-8de8-c9e27ad03e10,IDX_GROCERY_7_V1,2026-07-27,12,1,07790895645778,2000.0,1698.262657611046,1.1776741312874472,0.025633451124192626,17.767413128744725,10,COTO,AGUA S/GAS MINERALIZ,SMART
941da9b2-93b6-40b8-8de8-c9e27ad03e10,IDX_GROCERY_7_V1,2026-07-27,12,1,07791120031557,1950.0,1689.682608240272,1.1540628935222554,0.02245903872309924,15.406289352225544,11,COTO,ARROZ LARGO FINO 00000 MOLINOS ALA X 1 KG,MOLINOS ALA
941da9b2-93b6-40b8-8de8-c9e27ad03e10,IDX_GROCERY_7_V1,2026-07-27,12,1,07798171572343,9999.0,8685.372839907981,1.1512459147471596,0.022075981198184068,15.124591474715965,12,COTO,EMPANADAS CARNE X4,ELNOB
941da9b2-93b6-40b8-8de8-c9e27ad03e10,IDX_GROCERY_7_V1,2026-07-27,12,1,07790240128574,5240.0,4642.876984905225,1.1286105613041488,0.018963524199029753,12.861056130414884,13,COTO,VINO CABER-SAUVIGNON,FLMOR
941da9b2-93b6-40b8-8de8-c9e27ad03e10,IDX_GROCERY_7_V1,2026-07-27,12,1,07790580134327,6289.0,7097.10513032859,0.8861359504348817,-0.018947476053206555,-11.38640495651183,14,COTO,RELLENO UNTABLE,BONOB
941da9b2-93b6-40b8-8de8-c9e27ad03e10,IDX_GROCERY_7_V1,2026-07-27,12,1,07790580134341,6290.0,7079.710263021582,0.88845443758534,-0.018537917375213434,-11.154556241465997,15,COTO,RELLENO UNTABLE NUT,AGUIL
941da9b2-93b6-40b8-8de8-c9e27ad03e10,IDX_GROCERY_7_V1,2026-07-27,11,2,07790895648267,419.0,2242.126136899441,0.18687619447647164,-0.2629010882461245,-81.31238055235283,1,Changomas,JUGO SAB NARAN TENTA,CEPIT
941da9b2-93b6-40b8-8de8-c9e27ad03e10,IDX_GROCERY_7_V1,2026-07-27,11,2,07790895645778,579.0,1698.262657611046,0.34093666100771597,-0.16866121689604047,-65.9063338992284,2,Changomas,AGUA S/GAS MINERALIZ,SMART
941da9b2-93b6-40b8-8de8-c9e27ad03e10,IDX_GROCERY_7_V1,2026-07-27,11,2,07790070431905,1019.0,1422.5588622754703,0.7163148232545168,-0.052293967300496916,-28.368517674548322,3,Changomas,OBLEA DE ARROZ CHOCO,GALLO
941da9b2-93b6-40b8-8de8-c9e27ad03e10,IDX_GROCERY_7_V1,2026-07-27,11,2,07798171572350,6599.0,9012.899089200755,0.7321728485684383,-0.04886185908643953,-26.782715143156167,4,Changomas,EMPANADAS JYQ X4,ELNOB
941da9b2-93b6-40b8-8de8-c9e27ad03e10,IDX_GROCERY_7_V1,2026-07-27,11,2,07798171572343,6599.0,8685.372839907981,0.7597831574573964,-0.04305990682570743,-24.021684254260357,5,Changomas,EMPANADAS CARNE X4,ELNOB
941da9b2-93b6-40b8-8de8-c9e27ad03e10,IDX_GROCERY_7_V1,2026-07-27,11,2,07792170110575,5149.0,3981.334273144904,1.2932850262614957,0.040311209003255855,29.328502626149564,6,Changomas,BEB ISOTON MANZANA,GATOR
941da9b2-93b6-40b8-8de8-c9e27ad03e10,IDX_GROCERY_7_V1,2026-07-27,11,2,07792170110704,5149.0,4108.268145691137,1.253326174777664,0.0353919995460527,25.332617477766405,7,Changomas,BEB ISOTON COOL BLUE,GATOR
941da9b2-93b6-40b8-8de8-c9e27ad03e10,IDX_GROCERY_7_V1,2026-07-27,11,2,07790895006036,3519.0,2976.034101518812,1.1824461279540066,0.026267285672502815,18.244612795400663,8,Changomas,ISOTONICA MANZANA,POWER
941da9b2-93b6-40b8-8de8-c9e27ad03e10,IDX_GROCERY_7_V1,2026-07-27,11,2,07790895000270,1799.0,2121.6335292241124,0.8479315467162227,-0.02585507361450303,-15.206845328377728,9,Changomas,GASEOSA LIMA LIMON,SPRIT
941da9b2-93b6-40b8-8de8-c9e27ad03e10,IDX_GROCERY_7_V1,2026-07-27,11,2,07790520995650,3699.0,4341.433603307715,0.8520227044775605,-0.025100643269599373,-14.797729552243954,10,Changomas,CERA PISOS AUTOBR DP,CERAM
941da9b2-93b6-40b8-8de8-c9e27ad03e10,IDX_GROCERY_7_V1,2026-07-27,11,2,07791120031557,1969.0,1689.682608240272,1.1653076088950365,0.02397885488004801,16.530760889503647,11,Changomas,ARROZ LARGO FINO 00000 MOLINOS ALA X 1 KG,MOLINOS ALA
941da9b2-93b6-40b8-8de8-c9e27ad03e10,IDX_GROCERY_7_V1,2026-07-27,11,2,07790895006029,3519.0,3028.096877153228,1.1621160559791204,0.023548985815078513,16.211605597912037,12,Changomas,BEB ISOTO MOUNT BLAS,POWER
941da9b2-93b6-40b8-8de8-c9e27ad03e10,IDX_GROCERY_7_V1,2026-07-27,11,2,07793360000157,1269.0,1448.8637283021606,0.8758587679512604,-0.02077592865887627,-12.414123204873961,13,Changomas,PURE DE TOMATE,SALSA
941da9b2-93b6-40b8-8de8-c9e27ad03e10,IDX_GROCERY_7_V1,2026-07-27,11,2,07790895004971,3159.0,3572.684705380474,0.8842090082123778,-0.01928868489990111,-11.57909917876222,14,Changomas,AGUA S/GAS POME ROSA,AQUAR
941da9b2-93b6-40b8-8de8-c9e27ad03e10,IDX_GROCERY_7_V1,2026-07-27,11,2,07790895003288,3549.0,4011.5058021045065,0.8847051892927917,-0.01920075374827389,-11.529481070720827,15,Changomas,AGUA S/GAS POME,AQUAR
941da9b2-93b6-40b8-8de8-c9e27ad03e10,IDX_GROCERY_7_V1,2026-07-27,13,1,07790240128574,2461.5,4642.876984905225,0.5301669650095729,-0.099461331305176,-46.983303499042705,1,Cooperativa Obrera,VINO CABER-SAUVIGNON,FLMOR
941da9b2-93b6-40b8-8de8-c9e27ad03e10,IDX_GROCERY_7_V1,2026-07-27,13,1,00190679000088,8990.0,15672.072841508543,0.573631841232219,-0.08711089028583793,-42.6368158767781,2,Cooperativa Obrera,SHA ARGAN OIL,HERBA
941da9b2-93b6-40b8-8de8-c9e27ad03e10,IDX_GROCERY_7_V1,2026-07-27,13,1,07792170110575,5300.0,3981.334273144904,1.3312120099409452,0.04484166346941132,33.12120099409452,3,Cooperativa Obrera,BEB ISOTON MANZANA,GATOR
941da9b2-93b6-40b8-8de8-c9e27ad03e10,IDX_GROCERY_7_V1,2026-07-27,13,1,07792170110704,5300.0,4108.268145691137,1.290081321872523,0.03992245401220818,29.00813218725229,4,Cooperativa Obrera,BEB ISOTON COOL BLUE,GATOR
941da9b2-93b6-40b8-8de8-c9e27ad03e10,IDX_GROCERY_7_V1,2026-07-27,13,1,00070942306805,5721.0,4455.083341207675,1.2841510611222735,0.03920028952928041,28.41510611222735,5,Cooperativa Obrera,HILO DENT MANG-FLOSS,GUM
941da9b2-93b6-40b8-8de8-c9e27ad03e10,IDX_GROCERY_7_V1,2026-07-27,13,1,07790010002769,3149.0,2482.7935592962535,1.26832937366431,0.037257144309404175,26.832937366430997,6,Cooperativa Obrera,TOALL FEM ESP ULTRAF,SIEMP
941da9b2-93b6-40b8-8de8-c9e27ad03e10,IDX_GROCERY_7_V1,2026-07-27,13,1,07790813957280,944.0,747.9964803723374,1.2620380239357492,0.036477726264368265,26.203802393574914,7,Cooperativa Obrera,LEVADURA C/MASA MADR,CALSA
941da9b2-93b6-40b8-8de8-c9e27ad03e10,IDX_GROCERY_7_V1,2026-07-27,13,1,07790895648267,2800.0,2242.126136899441,1.2488146647592377,0.034826776368477044,24.881466475923773,8,Cooperativa Obrera,JUGO SAB NARAN TENTA,CEPIT
941da9b2-93b6-40b8-8de8-c9e27ad03e10,IDX_GROCERY_7_V1,2026-07-27,13,1,07790895000270,1710.0,2121.6335292241124,0.8059827375679494,-0.03380767305867662,-19.401726243205065,9,Cooperativa Obrera,GASEOSA LIMA LIMON,SPRIT
941da9b2-93b6-40b8-8de8-c9e27ad03e10,IDX_GROCERY_7_V1,2026-07-27,13,1,07790895006036,3590.0,2976.034101518812,1.2063033814591884,0.02939821735913909,20.630338145918834,10,Cooperativa Obrera,ISOTONICA MANZANA,POWER
941da9b2-93b6-40b8-8de8-c9e27ad03e10,IDX_GROCERY_7_V1,2026-07-27,13,1,07790070933638,7939.0,9511.577890444054,0.8346669807515358,-0.028326404252439673,-16.533301924846423,11,Cooperativa Obrera,CAFE SUAVE MAS AROMA,ARLIS
941da9b2-93b6-40b8-8de8-c9e27ad03e10,IDX_GROCERY_7_V1,2026-07-27,13,1,07790132098459,1689.0,1418.6507717289899,1.1905678505651678,0.02734018474225647,19.05678505651678,12,Cooperativa Obrera,LAVANDINA ORIG MULTI,AYUDI
941da9b2-93b6-40b8-8de8-c9e27ad03e10,IDX_GROCERY_7_V1,2026-07-27,13,1,07790895006029,3590.0,3028.096877153228,1.1855631261622739,0.026679917501714768,18.556312616227387,13,Cooperativa Obrera,BEB ISOTO MOUNT BLAS,POWER
941da9b2-93b6-40b8-8de8-c9e27ad03e10,IDX_GROCERY_7_V1,2026-07-27,13,1,07790580138738,1801.0,1521.1471065729156,1.183974904345433,0.026469802599214397,18.397490434543307,14,Cooperativa Obrera,POLENTA,PREST
941da9b2-93b6-40b8-8de8-c9e27ad03e10,IDX_GROCERY_7_V1,2026-07-27,13,1,07794940000550,2089.0,1768.1010675356158,1.1814935460175102,0.026140964748764445,18.14935460175102,15,Cooperativa Obrera,AZUCAR LIGHT,HILER
941da9b2-93b6-40b8-8de8-c9e27ad03e10,IDX_GROCERY_7_V1,2026-07-27,15,1,07798338291056,1190.0,1818.7687984294446,0.6542887699786784,-0.06649004399169847,-34.57112300213217,1,DIA,LECHE CHOCOLATADA,L3N
941da9b2-93b6-40b8-8de8-c9e27ad03e10,IDX_GROCERY_7_V1,2026-07-27,15,1,04005900773821,12999.0,19311.9712212965,0.6731058083633225,-0.062045884440469844,-32.68941916366776,2,DIA,AG MICELAR ROSE CARE,NIVEA
941da9b2-93b6-40b8-8de8-c9e27ad03e10,IDX_GROCERY_7_V1,2026-07-27,15,1,07791293050324,6599.0,9716.263994835217,0.6791705128131315,-0.060639977980176236,-32.08294871868686,3,DIA,SHAMPOO HIDRATACION,DOVE
941da9b2-93b6-40b8-8de8-c9e27ad03e10,IDX_GROCERY_7_V1,2026-07-27,15,1,07791293050355,6599.0,9713.94894451323,0.6793323742685863,-0.06060262784357347,-32.066762573141375,4,DIA,ACO HIDRATACION,DOVE
941da9b2-93b6-40b8-8de8-c9e27ad03e10,IDX_GROCERY_7_V1,2026-07-27,15,1,07791293047508,6599.0,9672.199440401166,0.6822646741997184,-0.05992752524882153,-31.773532580028164,5,DIA,ACO RECONSTRUCCION,DOVE
941da9b2-93b6-40b8-8de8-c9e27ad03e10,IDX_GROCERY_7_V1,2026-07-27,15,1,07791293047515,6599.0,9672.199440401166,0.6822646741997184,-0.05992752524882153,-31.773532580028164,6,DIA,ACO NUTRICION,DOVE
941da9b2-93b6-40b8-8de8-c9e27ad03e10,IDX_GROCERY_7_V1,2026-07-27,15,1,07791293047522,6599.0,9658.459108588662,0.6832352786100138,-0.05970470227761722,-31.676472138998623,7,DIA,ACO REGENERAC EXTREM,DOVE
941da9b2-93b6-40b8-8de8-c9e27ad03e10,IDX_GROCERY_7_V1,2026-07-27,15,1,07798290580052,540.0,784.0993756383822,0.688688215776672,-0.05845871902824306,-31.131178422332795,8,DIA,JUGOS NARANJA BRICK,TUTTI
941da9b2-93b6-40b8-8de8-c9e27ad03e10,IDX_GROCERY_7_V1,2026-07-27,15,1,07798290580083,540.0,784.0993756383822,0.688688215776672,-0.05845871902824306,-31.131178422332795,9,DIA,JUGOS MANZANA BRICK,TUTTI
941da9b2-93b6-40b8-8de8-c9e27ad03e10,IDX_GROCERY_7_V1,2026-07-27,15,1,07798290580113,540.0,784.0993756383822,0.688688215776672,-0.05845871902824306,-31.131178422332795,10,DIA,JUGOS MULTIFRUTA,TUTTI
941da9b2-93b6-40b8-8de8-c9e27ad03e10,IDX_GROCERY_7_V1,2026-07-27,15,1,07791293047102,6599.0,9557.243425751984,0.6904710601195948,-0.05805348252290274,-30.95289398804052,11,DIA,SHAMPOO RECONSTRUCCI,DOVE
941da9b2-93b6-40b8-8de8-c9e27ad03e10,IDX_GROCERY_7_V1,2026-07-27,15,1,07791293047164,6599.0,9557.243425751984,0.6904710601195948,-0.05805348252290274,-30.95289398804052,12,DIA,SHAMPOO NUTRICION,DOVE
941da9b2-93b6-40b8-8de8-c9e27ad03e10,IDX_GROCERY_7_V1,2026-07-27,15,1,07791293047171,6599.0,9557.243425751984,0.6904710601195948,-0.05805348252290274,-30.95289398804052,13,DIA,SH REGENERACION EXTR,DOVE
941da9b2-93b6-40b8-8de8-c9e27ad03e10,IDX_GROCERY_7_V1,2026-07-27,15,1,07794450090492,14990.0,21693.667088679606,0.6909850666889888,-0.05793684429579896,-30.901493331101115,14,DIA,VINO MALBEC CABERNET,DV CA
941da9b2-93b6-40b8-8de8-c9e27ad03e10,IDX_GROCERY_7_V1,2026-07-27,15,1,07792170110704,2850.0,4108.268145691137,0.6937229749691868,-0.0573170171911644,-30.627702503081323,15,DIA,BEB ISOTON COOL BLUE,GATOR
941da9b2-93b6-40b8-8de8-c9e27ad03e10,IDX_GROCERY_7_V1,2026-07-27,10,1,07891024034767,1270.0,914.4132088909963,1.3888688260969684,0.051487401513717904,38.88688260969684,1,Hipermercado Carrefour,JABON BARRA ALOE&OLI,PALMO
941da9b2-93b6-40b8-8de8-c9e27ad03e10,IDX_GROCERY_7_V1,2026-07-27,10,1,07891024034781,1270.0,914.5669951863783,1.3886352849866275,0.051461043180242326,38.863528498662745,2,Hipermercado Carrefour,JABON TOCADOR PALMOLIVE KARITE X 85 GRS,PALMOLIVE
941da9b2-93b6-40b8-8de8-c9e27ad03e10,IDX_GROCERY_7_V1,2026-07-27,10,1,07790070431905,1059.0,1422.5588622754703,0.7444331676413477,-0.04625896536026467,-25.55668323586523,3,Hipermercado Carrefour,OBLEA DE ARROZ CHOCO,GALLO
941da9b2-93b6-40b8-8de8-c9e27ad03e10,IDX_GROCERY_7_V1,2026-07-27,10,1,07790895648267,2950.0,2242.126136899441,1.3157154503713397,0.043006361504930056,31.571545037133973,4,Hipermercado Carrefour,JUGO SAB NARAN TENTA,CEPIT
941da9b2-93b6-40b8-8de8-c9e27ad03e10,IDX_GROCERY_7_V1,2026-07-27,10,1,07790250054962,1955.0,2531.725047064631,0.7722007578456018,-0.04051892064912961,-22.779924215439816,5,Hipermercado Carrefour,PAÑUELOS DESCARTABLE,ELITE
941da9b2-93b6-40b8-8de8-c9e27ad03e10,IDX_GROCERY_7_V1,2026-07-27,10,1,08445291082212,10265.0,12978.371884740187,0.7909312578775357,-0.036762416979483584,-20.90687421224643,6,Hipermercado Carrefour,CAFE DOLCA ORIGE FRS,NESCA
941da9b2-93b6-40b8-8de8-c9e27ad03e10,IDX_GROCERY_7_V1,2026-07-27,10,1,08445291082137,10265.0,12901.592592977364,0.7956382071456417,-0.03583239970164799,-20.43617928543583,7,Hipermercado Carrefour,CAFE DOLCA SV ORIGEN,NESCA
941da9b2-93b6-40b8-8de8-c9e27ad03e10,IDX_GROCERY_7_V1,2026-07-27,10,1,07790070933638,7729.0,9511.577890444054,0.8125886250445421,-0.032528259208277045,-18.74113749554579,8,Hipermercado Carrefour,CAFE SUAVE MAS AROMA,ARLIS
941da9b2-93b6-40b8-8de8-c9e27ad03e10,IDX_GROCERY_7_V1,2026-07-27,10,1,07790895000232,1679.0,2017.0270860729006,0.8324132142761501,-0.028750205278586523,-16.758678572384987,9,Hipermercado Carrefour,GASEO COLA LATA,COCA
941da9b2-93b6-40b8-8de8-c9e27ad03e10,IDX_GROCERY_7_V1,2026-07-27,10,1,07790990003046,6360.0,7639.9755062034355,0.8324634018572268,-0.028740755458768717,-16.75365981427732,10,Hipermercado Carrefour,LAVAVAJ ULTRA LIMON,MAGIS
941da9b2-93b6-40b8-8de8-c9e27ad03e10,IDX_GROCERY_7_V1,2026-07-27,10,1,07790990003022,2595.0,3108.1662104813176,0.834897436066699,-0.02828313365728516,-16.510256393330103,11,Hipermercado Carrefour,DETERGEN ULTRA LIMON,MAGIS
941da9b2-93b6-40b8-8de8-c9e27ad03e10,IDX_GROCERY_7_V1,2026-07-27,10,1,07799155000197,2435.0,2904.2148324694585,0.838436596623782,-0.027620112196683685,-16.1563403376218,12,Hipermercado Carrefour,AGUA S/GAS MINERAL,VILLA
941da9b2-93b6-40b8-8de8-c9e27ad03e10,IDX_GROCERY_7_V1,2026-07-27,10,1,07791290794290,2009.0,2374.1126224682207,0.8462109088621772,-0.026173455986015573,-15.37890911378228,13,Hipermercado Carrefour,LAVAVAJ CONCEN POMEL,ALA
941da9b2-93b6-40b8-8de8-c9e27ad03e10,IDX_GROCERY_7_V1,2026-07-27,10,1,07790520995650,3685.0,4341.433603307715,0.8487979632332551,-0.02569499863151425,-15.120203676674492,14,Hipermercado Carrefour,CERA PISOS AUTOBR DP,CERAM
941da9b2-93b6-40b8-8de8-c9e27ad03e10,IDX_GROCERY_7_V1,2026-07-27,10,1,07790895645778,1999.0,1698.262657611046,1.1770852942218035,0.02555506161922675,17.70852942218035,15,Hipermercado Carrefour,AGUA S/GAS MINERALIZ,SMART
941da9b2-93b6-40b8-8de8-c9e27ad03e10,IDX_GROCERY_7_V1,2026-07-27,9,3,07790895648267,2950.0,2242.126136899441,1.3157154503713397,0.043006361504930056,31.571545037133973,1,Jumbo,JUGO SAB NARAN TENTA,CEPIT
941da9b2-93b6-40b8-8de8-c9e27ad03e10,IDX_GROCERY_7_V1,2026-07-27,9,3,07790895006029,2350.0,3028.096877153228,0.7760649990198729,-0.039736520483256994,-22.39350009801271,2,Jumbo,BEB ISOTO MOUNT BLAS,POWER
941da9b2-93b6-40b8-8de8-c9e27ad03e10,IDX_GROCERY_7_V1,2026-07-27,9,3,07791130683524,2800.0,2179.01485900761,1.2849843535602163,0.039301965839392154,28.498435356021634,3,Jumbo,LIMPIAD LIQ LAVANDA,PROCE
941da9b2-93b6-40b8-8de8-c9e27ad03e10,IDX_GROCERY_7_V1,2026-07-27,9,3,07790895006036,2350.0,2976.034101518812,0.7896414892560146,-0.03701822062583269,-21.035851074398536,4,Jumbo,ISOTONICA MANZANA,POWER
941da9b2-93b6-40b8-8de8-c9e27ad03e10,IDX_GROCERY_7_V1,2026-07-27,9,3,07790895000232,2550.0,2017.0270860729006,1.2642368650412046,0.03675057545416127,26.423686504120457,5,Jumbo,GASEO COLA LATA,COCA
941da9b2-93b6-40b8-8de8-c9e27ad03e10,IDX_GROCERY_7_V1,2026-07-27,9,3,07790580138738,1850.0,1521.1471065729156,1.2161874364458918,0.03067725916605051,21.618743644589177,6,Jumbo,POLENTA,PREST
941da9b2-93b6-40b8-8de8-c9e27ad03e10,IDX_GROCERY_7_V1,2026-07-27,9,3,07790895000270,2550.0,2121.6335292241124,1.2019040823381701,0.028825554003355718,20.190408233817013,7,Jumbo,GASEOSA LIMA LIMON,SPRIT
941da9b2-93b6-40b8-8de8-c9e27ad03e10,IDX_GROCERY_7_V1,2026-07-27,9,3,07791130683661,2800.0,2337.2192387217196,1.1980048570588466,0.028316231033112038,19.80048570588466,8,Jumbo,LIMPIADOR LIQ MARINA,PROCE
941da9b2-93b6-40b8-8de8-c9e27ad03e10,IDX_GROCERY_7_V1,2026-07-27,9,3,07790070933638,11350.0,9511.577890444054,1.1932825584494182,0.027697172735716345,19.328255844941822,9,Jumbo,CAFE SUAVE MAS AROMA,ARLIS
941da9b2-93b6-40b8-8de8-c9e27ad03e10,IDX_GROCERY_7_V1,2026-07-27,9,3,07792170110704,3452.0,4108.268145691137,0.8402567402082922,-0.0272802179841703,-15.974325979170779,10,Jumbo,BEB ISOTON COOL BLUE,GATOR
941da9b2-93b6-40b8-8de8-c9e27ad03e10,IDX_GROCERY_7_V1,2026-07-27,9,3,07791130001748,3150.0,2648.0274808737645,1.189564694004082,0.027208062201121423,18.956469400408203,11,Jumbo,PRELAVADO QUITAMANCH,VANIS
941da9b2-93b6-40b8-8de8-c9e27ad03e10,IDX_GROCERY_7_V1,2026-07-27,9,3,07790895645778,2000.0,1698.262657611046,1.1776741312874472,0.025633451124192626,17.767413128744725,12,Jumbo,AGUA S/GAS MINERALIZ,SMART
941da9b2-93b6-40b8-8de8-c9e27ad03e10,IDX_GROCERY_7_V1,2026-07-27,9,3,07790070320308,1250.0,1064.5744934690963,1.1741780473498509,0.02516745589930874,17.417804734985086,13,Jumbo,FIDEOS TIRABUZON FAVORITA X 500 GRS,FAVORITA
941da9b2-93b6-40b8-8de8-c9e27ad03e10,IDX_GROCERY_7_V1,2026-07-27,9,3,07790240128574,5400.0,4642.876984905225,1.1630719524890083,0.023677858875719077,16.30719524890083,14,Jumbo,VINO CABER-SAUVIGNON,FLMOR
941da9b2-93b6-40b8-8de8-c9e27ad03e10,IDX_GROCERY_7_V1,2026-07-27,9,3,07790040143777,1500.0,1291.8876542063485,1.1610916747412545,0.023410761987022195,16.109167474125453,15,Jumbo,GALLE RELL CREAMY CH,COFLE
941da9b2-93b6-40b8-8de8-c9e27ad03e10,IDX_GROCERY_7_V1,2026-07-27,2,1,07622201735906,1290.0,2106.907190248915,0.61227186748914,-0.07689323937090789,-38.772813251086,1,La Anonima,GALLE C/CHIPS CHOCO,PEPIT
941da9b2-93b6-40b8-8de8-c9e27ad03e10,IDX_GROCERY_7_V1,2026-07-27,2,1,04005808315093,5500.0,8493.45215589912,0.6475576596001639,-0.06811088398081186,-35.24423403998361,2,La Anonima,CR COR PIEL EXT SECA,NIVEA
941da9b2-93b6-40b8-8de8-c9e27ad03e10,IDX_GROCERY_7_V1,2026-07-27,2,1,07792170110704,6150.0,4108.268145691137,1.4969811565124558,0.06323675828499037,49.69811565124558,3,La Anonima,BEB ISOTON COOL BLUE,GATOR
941da9b2-93b6-40b8-8de8-c9e27ad03e10,IDX_GROCERY_7_V1,2026-07-27,2,1,07791130683524,1500.0,2179.01485900761,0.6883844751215445,-0.058527863168914084,-31.161552487845544,4,La Anonima,LIMPIAD LIQ LAVANDA,PROCE
941da9b2-93b6-40b8-8de8-c9e27ad03e10,IDX_GROCERY_7_V1,2026-07-27,2,1,07791120031557,1200.0,1689.682608240272,0.7101925498598496,-0.05363936500444006,-28.980745014015042,5,La Anonima,ARROZ LARGO FINO 00000 MOLINOS ALA X 1 KG,MOLINOS ALA
941da9b2-93b6-40b8-8de8-c9e27ad03e10,IDX_GROCERY_7_V1,2026-07-27,2,1,07790895648267,3100.0,2242.126136899441,1.3826162359834417,0.05078017673053697,38.26162359834417,6,La Anonima,JUGO SAB NARAN TENTA,CEPIT
941da9b2-93b6-40b8-8de8-c9e27ad03e10,IDX_GROCERY_7_V1,2026-07-27,2,1,07790315000880,2370.0,3266.0311414529765,0.7256513784940966,-0.05026419661434993,-27.434862150590344,7,La Anonima,AGUA S/GAS MANZ,LEVIT
941da9b2-93b6-40b8-8de8-c9e27ad03e10,IDX_GROCERY_7_V1,2026-07-27,2,1,07798062540291,2370.0,3266.0311414529765,0.7256513784940966,-0.05026419661434993,-27.434862150590344,8,La Anonima,AGUA S/GAS NARAN,LEVIT
941da9b2-93b6-40b8-8de8-c9e27ad03e10,IDX_GROCERY_7_V1,2026-07-27,2,1,07798062541014,2370.0,3266.0311414529765,0.7256513784940966,-0.05026419661434993,-27.434862150590344,9,La Anonima,AGUA S/GAS PERA,LEVIT
941da9b2-93b6-40b8-8de8-c9e27ad03e10,IDX_GROCERY_7_V1,2026-07-27,2,1,07798062540284,2370.0,3265.8934910477587,0.7256819631431582,-0.05025759050670462,-27.431803685684176,10,La Anonima,AGUA S/GAS POME,LEVIT
941da9b2-93b6-40b8-8de8-c9e27ad03e10,IDX_GROCERY_7_V1,2026-07-27,2,1,07793008018759,4300.0,5835.907158748069,0.7368177530984651,-0.04787064254916818,-26.318224690153492,11,La Anonima,CREM CORP EXTRA SECA,VN
941da9b2-93b6-40b8-8de8-c9e27ad03e10,IDX_GROCERY_7_V1,2026-07-27,2,1,08002990292139,13650.0,10140.53114818694,1.346083336319176,0.04658293783100179,34.608333631917596,12,La Anonima,CR DEPI PIEL SENSIBL,VEET
941da9b2-93b6-40b8-8de8-c9e27ad03e10,IDX_GROCERY_7_V1,2026-07-27,2,1,07790580132163,2300.0,3054.16387803611,0.7530702646771356,-0.04445090008642405,-24.692973532286445,13,La Anonima,MERMELADA DURAZNO,ARCOR
941da9b2-93b6-40b8-8de8-c9e27ad03e10,IDX_GROCERY_7_V1,2026-07-27,2,1,07798338291056,2400.0,1818.7687984294446,1.3195739898729646,0.04346535259614821,31.957398987296457,14,La Anonima,LECHE CHOCOLATADA,L3N
941da9b2-93b6-40b8-8de8-c9e27ad03e10,IDX_GROCERY_7_V1,2026-07-27,2,1,07790895006036,3900.0,2976.034101518812,1.3104688545099816,0.042380090499485976,31.04688545099816,15,La Anonima,ISOTONICA MANZANA,POWER
941da9b2-93b6-40b8-8de8-c9e27ad03e10,IDX_GROCERY_7_V1,2026-07-28,12,1,07792170110704,2750.0,4108.268145691137,0.6693818179527241,-0.06908789195898589,-33.06181820472759,1,COTO,BEB ISOTON COOL BLUE,GATOR
941da9b2-93b6-40b8-8de8-c9e27ad03e10,IDX_GROCERY_7_V1,2026-07-28,12,1,07792170110575,2750.0,3950.3216378919396,0.6961458463588593,-0.06234011897313974,-30.385415364114067,2,COTO,BEB ISOTON MANZANA,GATOR
941da9b2-93b6-40b8-8de8-c9e27ad03e10,IDX_GROCERY_7_V1,2026-07-28,12,1,07790895648267,3000.0,2294.7670009833023,1.3073222678879848,0.04612409207152961,30.732226788798478,3,COTO,JUGO SAB NARAN TENTA,CEPIT
941da9b2-93b6-40b8-8de8-c9e27ad03e10,IDX_GROCERY_7_V1,2026-07-28,12,1,07790895006029,2450.0,3054.981913243718,0.8019687414118402,-0.03798376035643875,-19.803125858815985,4,COTO,BEB ISOTO MOUNT BLAS,POWER
941da9b2-93b6-40b8-8de8-c9e27ad03e10,IDX_GROCERY_7_V1,2026-07-28,12,1,07790895006036,2450.0,3002.4568969153347,0.8159983920225738,-0.034998777036238014,-18.400160797742615,5,COTO,ISOTONICA MANZANA,POWER
941da9b2-93b6-40b8-8de8-c9e27ad03e10,IDX_GROCERY_7_V1,2026-07-28,12,1,07790360026576,6999.0,8473.839258907055,0.8259538310976554,-0.03291160096010575,-17.404616890234458,6,COTO,HAMBURG CARNE CLASIC,SWIFT
941da9b2-93b6-40b8-8de8-c9e27ad03e10,IDX_GROCERY_7_V1,2026-07-28,12,1,07790895000232,2500.0,2087.2560157341795,1.1977447812604054,0.031056874294723133,19.774478126040542,7,COTO,GASEO COLA LATA,COCA
941da9b2-93b6-40b8-8de8-c9e27ad03e10,IDX_GROCERY_7_V1,2026-07-28,12,1,07790070431905,1700.0,1422.5588622754703,1.1950296364403126,0.030666262554976304,19.502963644031258,8,COTO,OBLEA DE ARROZ CHOCO,GALLO
941da9b2-93b6-40b8-8de8-c9e27ad03e10,IDX_GROCERY_7_V1,2026-07-28,12,1,07790895645778,2000.0,1698.262657611046,1.1776741312874472,0.028148264745671073,17.767413128744725,9,COTO,AGUA S/GAS MINERALIZ,SMART
941da9b2-93b6-40b8-8de8-c9e27ad03e10,IDX_GROCERY_7_V1,2026-07-28,12,1,07790895000270,2500.0,2140.6219219701425,1.1678848909942492,0.026711588178742526,16.78848909942492,10,COTO,GASEOSA LIMA LIMON,SPRIT
941da9b2-93b6-40b8-8de8-c9e27ad03e10,IDX_GROCERY_7_V1,2026-07-28,12,1,07790240128574,5240.0,4642.876984905225,1.1286105613041488,0.020823973216834733,12.861056130414884,11,COTO,VINO CABER-SAUVIGNON,FLMOR
941da9b2-93b6-40b8-8de8-c9e27ad03e10,IDX_GROCERY_7_V1,2026-07-28,12,1,07790040143944,898.0,1005.8574667527848,0.8927706257418542,-0.019522476621541187,-10.722937425814582,12,COTO,GALLE SALADA QUESO,TRAVI
941da9b2-93b6-40b8-8de8-c9e27ad03e10,IDX_GROCERY_7_V1,2026-07-28,12,1,07792170042241,2250.0,2511.5244289530783,0.8958702428142042,-0.018925937139777246,-10.412975718579576,13,COTO,BEBIDA DEPORTIVA UVA,GATOR
941da9b2-93b6-40b8-8de8-c9e27ad03e10,IDX_GROCERY_7_V1,2026-07-28,12,1,07790895640025,2050.0,2282.032639028599,0.8983219455058411,-0.018455552668566723,-10.16780544941589,14,COTO,BEBIDA ISOT MOUN BLA,POWER
941da9b2-93b6-40b8-8de8-c9e27ad03e10,IDX_GROCERY_7_V1,2026-07-28,12,1,07790895641183,2050.0,2282.032639028599,0.8983219455058411,-0.018455552668566723,-10.16780544941589,15,COTO,BEB ISOT FRUT.TROPIC,POWER
941da9b2-93b6-40b8-8de8-c9e27ad03e10,IDX_GROCERY_7_V1,2026-07-28,11,2,07790895648267,419.0,2294.7670009833023,0.18258934341502187,-0.2926877233722069,-81.74106565849782,1,Changomas,JUGO SAB NARAN TENTA,CEPIT
941da9b2-93b6-40b8-8de8-c9e27ad03e10,IDX_GROCERY_7_V1,2026-07-28,11,2,07790895645778,579.0,1698.262657611046,0.34093666100771597,-0.18520801442284648,-65.9063338992284,2,Changomas,AGUA S/GAS MINERALIZ,SMART
941da9b2-93b6-40b8-8de8-c9e27ad03e10,IDX_GROCERY_7_V1,2026-07-28,11,2,07790070431905,1019.0,1422.5588622754703,0.7163148232545168,-0.05742435651930641,-28.368517674548322,3,Changomas,OBLEA DE ARROZ CHOCO,GALLO
941da9b2-93b6-40b8-8de8-c9e27ad03e10,IDX_GROCERY_7_V1,2026-07-28,11,2,07792170110575,5149.0,3950.3216378919396,1.3034381683279153,0.045611965258447934,30.343816832791525,4,Changomas,BEB ISOTON MANZANA,GATOR
941da9b2-93b6-40b8-8de8-c9e27ad03e10,IDX_GROCERY_7_V1,2026-07-28,11,2,07792170110704,5149.0,4108.268145691137,1.253326174777664,0.03886419227260176,25.332617477766405,5,Changomas,BEB ISOTON COOL BLUE,GATOR
941da9b2-93b6-40b8-8de8-c9e27ad03e10,IDX_GROCERY_7_V1,2026-07-28,11,2,07791130683524,2629.0,2203.7848946108415,1.1929476449489167,0.03036613716807617,19.29476449489167,6,Changomas,LIMPIAD LIQ LAVANDA,PROCE
941da9b2-93b6-40b8-8de8-c9e27ad03e10,IDX_GROCERY_7_V1,2026-07-28,11,2,07790895000270,1799.0,2140.6219219701425,0.8404099675594617,-0.02992520646940876,-15.959003244053827,7,Changomas,GASEOSA LIMA LIMON,SPRIT
941da9b2-93b6-40b8-8de8-c9e27ad03e10,IDX_GROCERY_7_V1,2026-07-28,11,2,08445291121881,6519.0,5540.949491217063,1.176513160846032,0.027978505260271694,17.651316084603195,8,Changomas,CACAO PVO SIN PREMIX,NESQU
941da9b2-93b6-40b8-8de8-c9e27ad03e10,IDX_GROCERY_7_V1,2026-07-28,11,2,07790520995650,3699.0,4341.433603307715,0.8520227044775605,-0.027563184864035105,-14.797729552243954,9,Changomas,CERA PISOS AUTOBR DP,CERAM
941da9b2-93b6-40b8-8de8-c9e27ad03e10,IDX_GROCERY_7_V1,2026-07-28,11,2,07790895006036,3519.0,3002.4568969153347,1.1720401393989541,0.027322881101939707,17.20401393989541,10,Changomas,ISOTONICA MANZANA,POWER
941da9b2-93b6-40b8-8de8-c9e27ad03e10,IDX_GROCERY_7_V1,2026-07-28,11,2,07790895000232,1799.0,2087.2560157341795,0.8618971445949877,-0.025579920353428168,-13.810285540501233,11,Changomas,GASEO COLA LATA,COCA
941da9b2-93b6-40b8-8de8-c9e27ad03e10,IDX_GROCERY_7_V1,2026-07-28,11,2,07790895006029,3519.0,3054.981913243718,1.151888980011537,0.024337897781738973,15.188898001153706,12,Changomas,BEB ISOTO MOUNT BLAS,POWER
941da9b2-93b6-40b8-8de8-c9e27ad03e10,IDX_GROCERY_7_V1,2026-07-28,11,2,08445291082137,14909.0,13008.91935687745,1.1460598371776385,0.02346468689699489,14.605983717763849,13,Changomas,CAFE DOLCA SV ORIGEN,NESCA
941da9b2-93b6-40b8-8de8-c9e27ad03e10,IDX_GROCERY_7_V1,2026-07-28,11,2,07793360000157,1269.0,1448.8637283021578,0.875858767951262,-0.022814186720073786,-12.414123204873794,14,Changomas,PURE DE TOMATE,SALSA
941da9b2-93b6-40b8-8de8-c9e27ad03e10,IDX_GROCERY_7_V1,2026-07-28,11,2,08445291082212,14909.0,13086.337366136633,1.139279813966882,0.022443428681402023,13.927981396688205,15,Changomas,CAFE DOLCA ORIGE FRS,NESCA
941da9b2-93b6-40b8-8de8-c9e27ad03e10,IDX_GROCERY_7_V1,2026-07-28,13,1,07790240128574,2461.5,4642.876984905225,0.5301669650095729,-0.10921915554681975,-46.983303499042705,1,Cooperativa Obrera,VINO CABER-SAUVIGNON,FLMOR
941da9b2-93b6-40b8-8de8-c9e27ad03e10,IDX_GROCERY_7_V1,2026-07-28,13,1,07792170110575,5300.0,3950.3216378919396,1.34166290389162,0.050586887718701255,34.16629038916199,2,Cooperativa Obrera,BEB ISOTON MANZANA,GATOR
941da9b2-93b6-40b8-8de8-c9e27ad03e10,IDX_GROCERY_7_V1,2026-07-28,13,1,07792170110704,5300.0,4108.268145691137,1.290081321872523,0.04383911473285511,29.00813218725229,3,Cooperativa Obrera,BEB ISOTON COOL BLUE,GATOR
941da9b2-93b6-40b8-8de8-c9e27ad03e10,IDX_GROCERY_7_V1,2026-07-28,13,1,00070942306805,5721.0,4455.083341207683,1.2841510611222713,0.04304610106657612,28.41510611222713,4,Cooperativa Obrera,HILO DENT MANG-FLOSS,GUM
941da9b2-93b6-40b8-8de8-c9e27ad03e10,IDX_GROCERY_7_V1,2026-07-28,13,1,07790010002769,3149.0,2482.793559296256,1.2683293736643089,0.04091232025714247,26.832937366430887,5,Cooperativa Obrera,TOALL FEM ESP ULTRAF,SIEMP
941da9b2-93b6-40b8-8de8-c9e27ad03e10,IDX_GROCERY_7_V1,2026-07-28,13,1,07790895000270,1710.0,2140.6219219701425,0.7988332654400664,-0.03865800930139287,-20.11667345599336,6,Cooperativa Obrera,GASEOSA LIMA LIMON,SPRIT
941da9b2-93b6-40b8-8de8-c9e27ad03e10,IDX_GROCERY_7_V1,2026-07-28,13,1,07790895000232,1710.0,2087.2560157341795,0.8192574303821173,-0.03431272318541225,-18.074256961788272,7,Cooperativa Obrera,GASEO COLA LATA,COCA
941da9b2-93b6-40b8-8de8-c9e27ad03e10,IDX_GROCERY_7_V1,2026-07-28,13,1,07790895648267,2800.0,2294.7670009833023,1.2201674500287858,0.034249243278594764,22.01674500287858,8,Cooperativa Obrera,JUGO SAB NARAN TENTA,CEPIT
941da9b2-93b6-40b8-8de8-c9e27ad03e10,IDX_GROCERY_7_V1,2026-07-28,13,1,07790070933638,7939.0,9511.577890444072,0.8346669807515341,-0.031105414652421184,-16.53330192484659,9,Cooperativa Obrera,CAFE SUAVE MAS AROMA,ARLIS
941da9b2-93b6-40b8-8de8-c9e27ad03e10,IDX_GROCERY_7_V1,2026-07-28,13,1,07790895006036,3590.0,3002.4568969153347,1.1956874397392,0.030760978203616018,19.56874397392001,10,Cooperativa Obrera,ISOTONICA MANZANA,POWER
941da9b2-93b6-40b8-8de8-c9e27ad03e10,IDX_GROCERY_7_V1,2026-07-28,13,1,07790895645778,2000.0,1698.262657611046,1.1776741312874472,0.028148264745671073,17.767413128744725,11,Cooperativa Obrera,AGUA S/GAS MINERALIZ,SMART
941da9b2-93b6-40b8-8de8-c9e27ad03e10,IDX_GROCERY_7_V1,2026-07-28,13,1,07790813444469,1259.0,1070.5564208025592,1.1760239586963304,0.02790692294492338,17.602395869633035,12,Cooperativa Obrera,LEVADURA FAMILIAR X2,CALSA
941da9b2-93b6-40b8-8de8-c9e27ad03e10,IDX_GROCERY_7_V1,2026-07-28,13,1,07790895006029,3590.0,3054.981913243718,1.175129706803472,0.027775994883415294,17.512970680347205,13,Cooperativa Obrera,BEB ISOTO MOUNT BLAS,POWER
941da9b2-93b6-40b8-8de8-c9e27ad03e10,IDX_GROCERY_7_V1,2026-07-28,13,1,07794940000550,2089.0,1778.6332370800521,1.174497336746878,0.027683348976064934,17.449733674687806,14,Cooperativa Obrera,AZUCAR LIGHT,HILER
941da9b2-93b6-40b8-8de8-c9e27ad03e10,IDX_GROCERY_7_V1,2026-07-28,13,1,07790895003288,4690.0,4011.5058021044997,1.1691370351601016,0.026896024075704458,16.91370351601016,15,Cooperativa Obrera,AGUA S/GAS POME,AQUAR
941da9b2-93b6-40b8-8de8-c9e27ad03e10,IDX_GROCERY_7_V1,2026-07-28,15,1,07798338291056,1190.0,1818.7687984294446,0.6542887699786784,-0.0730131636259959,-34.57112300213217,1,DIA,LECHE CHOCOLATADA,L3N
941da9b2-93b6-40b8-8de8-c9e27ad03e10,IDX_GROCERY_7_V1,2026-07-28,15,1,04005900773821,12999.0,19378.567387653056,0.6707926205258207,-0.0687255163680951,-32.92073794741793,2,DIA,AG MICELAR ROSE CARE,NIVEA
941da9b2-93b6-40b8-8de8-c9e27ad03e10,IDX_GROCERY_7_V1,2026-07-28,15,1,07798290580113,540.0,784.0993756383837,0.6886882157766707,-0.06419391177283866,-31.13117842233293,3,DIA,JUGOS MULTIFRUTA,TUTTI
941da9b2-93b6-40b8-8de8-c9e27ad03e10,IDX_GROCERY_7_V1,2026-07-28,15,1,07798290580052,540.0,784.0993756383822,0.688688215776672,-0.06419391177283833,-31.131178422332795,4,DIA,JUGOS NARANJA BRICK,TUTTI
941da9b2-93b6-40b8-8de8-c9e27ad03e10,IDX_GROCERY_7_V1,2026-07-28,15,1,07798290580083,540.0,784.0993756383822,0.688688215776672,-0.06419391177283833,-31.131178422332795,5,DIA,JUGOS MANZANA BRICK,TUTTI
941da9b2-93b6-40b8-8de8-c9e27ad03e10,IDX_GROCERY_7_V1,2026-07-28,15,1,07792170110704,2850.0,4108.268145691137,0.6937229749691868,-0.06294020132179498,-30.627702503081323,6,DIA,BEB ISOTON COOL BLUE,GATOR
941da9b2-93b6-40b8-8de8-c9e27ad03e10,IDX_GROCERY_7_V1,2026-07-28,15,1,07793253001186,1790.0,2549.2385746892123,0.7021704511192036,-0.06085698736097602,-29.782954888079637,7,DIA,REPUESTO QUITAMANCHA,TRENE
941da9b2-93b6-40b8-8de8-c9e27ad03e10,IDX_GROCERY_7_V1,2026-07-28,15,1,07792170042241,1800.0,2511.5244289530783,0.7166961942513634,-0.05733274459489079,-28.330380574863657,8,DIA,BEBIDA DEPORTIVA UVA,GATOR
941da9b2-93b6-40b8-8de8-c9e27ad03e10,IDX_GROCERY_7_V1,2026-07-28,15,1,07792170110575,2850.0,3950.3216378919396,0.7214602407719088,-0.05619242833594881,-27.853975922809116,9,DIA,BEB ISOTON MANZANA,GATOR
941da9b2-93b6-40b8-8de8-c9e27ad03e10,IDX_GROCERY_7_V1,2026-07-28,15,1,07793100111891,2170.0,3004.3535680854043,0.7222851607918053,-0.05599574156968408,-27.771483920819474,10,DIA,CREMA DENTAL ULTRA BLANCO COLGATE X 90 GRS,COLGATE
941da9b2-93b6-40b8-8de8-c9e27ad03e10,IDX_GROCERY_7_V1,2026-07-28,15,1,00000078909434,2680.0,3557.6912233264443,0.753297526898413,-0.048759897965465836,-24.6702473101587,11,DIA,BOMBON CHOC ALMEN X3,FERRE
941da9b2-93b6-40b8-8de8-c9e27ad03e10,IDX_GROCERY_7_V1,2026-07-28,15,1,07791004000839,1115.0,1480.151632894137,0.7533011991614961,-0.04875905891119145,-24.669880083850394,12,DIA,SAL ENTREFINA PAQUET,CELUS
941da9b2-93b6-40b8-8de8-c9e27ad03e10,IDX_GROCERY_7_V1,2026-07-28,15,1,07794440007035,5535.0,7328.5286032128815,0.7552675713885342,-0.048310360297342585,-24.47324286114658,13,DIA,ESCOBILLON CLASICO,VIRUL
941da9b2-93b6-40b8-8de8-c9e27ad03e10,IDX_GROCERY_7_V1,2026-07-28,15,1,00000080052760,2365.0,3126.2305761803996,0.7565021012907934,-0.04802925440782727,-24.349789870920656,14,DIA,CHOCOLATE BUENO,KINDE
941da9b2-93b6-40b8-8de8-c9e27ad03e10,IDX_GROCERY_7_V1,2026-07-28,15,1,07791130683661,1790.0,2363.7876687241037,0.757259217350171,-0.04785708382317141,-24.2740782649829,15,DIA,LIMPIADOR LIQ MARINA,PROCE
941da9b2-93b6-40b8-8de8-c9e27ad03e10,IDX_GROCERY_7_V1,2026-07-28,10,1,07891024034767,1270.0,914.4132088909963,1.3888688260969684,0.05653866121471948,38.88688260969684,1,Hipermercado Carrefour,JABON BARRA ALOE&OLI,PALMO
941da9b2-93b6-40b8-8de8-c9e27ad03e10,IDX_GROCERY_7_V1,2026-07-28,10,1,07790895648267,3150.0,2294.7670009833023,1.372688381282384,0.054521710689332016,37.2688381282384,2,Hipermercado Carrefour,JUGO SAB NARAN TENTA,CEPIT
941da9b2-93b6-40b8-8de8-c9e27ad03e10,IDX_GROCERY_7_V1,2026-07-28,10,1,07790070431905,1059.0,1422.5588622754703,0.7444331676413477,-0.05079728037839734,-25.55668323586523,3,Hipermercado Carrefour,OBLEA DE ARROZ CHOCO,GALLO
941da9b2-93b6-40b8-8de8-c9e27ad03e10,IDX_GROCERY_7_V1,2026-07-28,10,1,08445291082212,10265.0,13086.337366136633,0.7844058817070255,-0.04179495461900507,-21.55941182929745,4,Hipermercado Carrefour,CAFE DOLCA ORIGE FRS,NESCA
941da9b2-93b6-40b8-8de8-c9e27ad03e10,IDX_GROCERY_7_V1,2026-07-28,10,1,08445291082137,10265.0,13008.91935687745,0.7890739974933569,-0.040773696403412205,-21.092600250664304,5,Hipermercado Carrefour,CAFE DOLCA SV ORIGEN,NESCA
941da9b2-93b6-40b8-8de8-c9e27ad03e10,IDX_GROCERY_7_V1,2026-07-28,10,1,07790070933638,7729.0,9511.577890444072,0.8125886250445405,-0.035719499784648785,-18.741137495545946,6,Hipermercado Carrefour,CAFE SUAVE MAS AROMA,ARLIS
941da9b2-93b6-40b8-8de8-c9e27ad03e10,IDX_GROCERY_7_V1,2026-07-28,10,1,07790990003046,6360.0,7639.975506203449,0.8324634018572252,-0.0315604164934503,-16.753659814277476,7,Hipermercado Carrefour,LAVAVAJ ULTRA LIMON,MAGIS
941da9b2-93b6-40b8-8de8-c9e27ad03e10,IDX_GROCERY_7_V1,2026-07-28,10,1,07790990003022,2595.0,3108.1662104813176,0.834897436066699,-0.031057898921425006,-16.510256393330103,8,Hipermercado Carrefour,DETERGEN ULTRA LIMON,MAGIS
941da9b2-93b6-40b8-8de8-c9e27ad03e10,IDX_GROCERY_7_V1,2026-07-28,10,1,07790070336149,1465.0,1738.6340372134143,0.8426155065663044,-0.029474100924435944,-15.738449343369565,9,Hipermercado Carrefour,FIDEOS MOSTACHOL,LUCCH
941da9b2-93b6-40b8-8de8-c9e27ad03e10,IDX_GROCERY_7_V1,2026-07-28,10,1,07791290794290,2009.0,2380.4606984769243,0.843954282162863,-0.029200852651773124,-15.604571783713705,10,Hipermercado Carrefour,LAVAVAJ CONCEN POMEL,ALA
941da9b2-93b6-40b8-8de8-c9e27ad03e10,IDX_GROCERY_7_V1,2026-07-28,10,1,07790520995650,3685.0,4341.433603307715,0.8487979632332551,-0.028215850476602567,-15.120203676674492,11,Hipermercado Carrefour,CERA PISOS AUTOBR DP,CERAM
941da9b2-93b6-40b8-8de8-c9e27ad03e10,IDX_GROCERY_7_V1,2026-07-28,10,1,07790895645778,1999.0,1698.262657611046,1.1770852942218035,0.028062184704073432,17.70852942218035,12,Hipermercado Carrefour,AGUA S/GAS MINERALIZ,SMART
941da9b2-93b6-40b8-8de8-c9e27ad03e10,IDX_GROCERY_7_V1,2026-07-28,10,1,07790070411952,1350.0,1584.5446365585465,0.8519797857711657,-0.02757185508691494,-14.802021422883428,13,Hipermercado Carrefour,SNACK OBLEA ESTUCHE,GALLO
941da9b2-93b6-40b8-8de8-c9e27ad03e10,IDX_GROCERY_7_V1,2026-07-28,10,1,07798171572343,7905.0,9273.330903823204,0.8524445080182496,-0.02747799744868271,-14.755549198175045,14,Hipermercado Carrefour,EMPANADAS CARNE X4,ELNOB
941da9b2-93b6-40b8-8de8-c9e27ad03e10,IDX_GROCERY_7_V1,2026-07-28,10,1,07790070336545,3245.0,3789.1142484734173,0.8564006749881893,-0.026681055782722726,-14.359932501181072,15,Hipermercado Carrefour,FIDEOS FETUCCINI,DONVI
941da9b2-93b6-40b8-8de8-c9e27ad03e10,IDX_GROCERY_7_V1,2026-07-28,9,3,07790895648267,3100.0,2294.7670009833023,1.3508996768175843,0.05176777930440239,35.089967681758424,1,Jumbo,JUGO SAB NARAN TENTA,CEPIT
941da9b2-93b6-40b8-8de8-c9e27ad03e10,IDX_GROCERY_7_V1,2026-07-28,9,3,07790895000232,2700.0,2087.2560157341795,1.2935643637612377,0.044303180858600626,29.356436376123774,2,Jumbo,GASEO COLA LATA,COCA
941da9b2-93b6-40b8-8de8-c9e27ad03e10,IDX_GROCERY_7_V1,2026-07-28,9,3,07791130683524,2800.0,2203.7848946108415,1.2705414248219729,0.0412122424061853,27.054142482197285,3,Jumbo,LIMPIAD LIQ LAVANDA,PROCE
941da9b2-93b6-40b8-8de8-c9e27ad03e10,IDX_GROCERY_7_V1,2026-07-28,9,3,07790895000270,2700.0,2140.6219219701425,1.2613156822737892,0.03995789474262004,26.13156822737892,4,Jumbo,GASEOSA LIMA LIMON,SPRIT
941da9b2-93b6-40b8-8de8-c9e27ad03e10,IDX_GROCERY_7_V1,2026-07-28,9,3,07790895006029,2500.0,3054.981913243718,0.8183354504202451,-0.0345065301813063,-18.166454957975485,5,Jumbo,BEB ISOTO MOUNT BLAS,POWER
941da9b2-93b6-40b8-8de8-c9e27ad03e10,IDX_GROCERY_7_V1,2026-07-28,9,3,07790895006036,2500.0,3002.4568969153347,0.8326514204311979,-0.03152154686110556,-16.734857956880212,6,Jumbo,ISOTONICA MANZANA,POWER
941da9b2-93b6-40b8-8de8-c9e27ad03e10,IDX_GROCERY_7_V1,2026-07-28,9,3,07790070933638,11350.0,9511.577890444072,1.1932825584494158,0.03041445130014943,19.328255844941577,7,Jumbo,CAFE SUAVE MAS AROMA,ARLIS
941da9b2-93b6-40b8-8de8-c9e27ad03e10,IDX_GROCERY_7_V1,2026-07-28,9,3,07792170110704,3452.0,4108.268145691137,0.8402567402082922,-0.029956590488641393,-15.974325979170779,8,Jumbo,BEB ISOTON COOL BLUE,GATOR
941da9b2-93b6-40b8-8de8-c9e27ad03e10,IDX_GROCERY_7_V1,2026-07-28,9,3,07791130683661,2800.0,2363.7876687241037,1.1845395578661893,0.02914873327295502,18.453955786618927,9,Jumbo,LIMPIADOR LIQ MARINA,PROCE
941da9b2-93b6-40b8-8de8-c9e27ad03e10,IDX_GROCERY_7_V1,2026-07-28,9,3,07790895645778,2000.0,1698.262657611046,1.1776741312874472,0.028148264745671073,17.767413128744725,10,Jumbo,AGUA S/GAS MINERALIZ,SMART
941da9b2-93b6-40b8-8de8-c9e27ad03e10,IDX_GROCERY_7_V1,2026-07-28,9,3,07791130001748,3150.0,2676.1115278612697,1.1770809875466808,0.028061554967611455,17.70809875466808,11,Jumbo,PRELAVADO QUITAMANCH,VANIS
941da9b2-93b6-40b8-8de8-c9e27ad03e10,IDX_GROCERY_7_V1,2026-07-28,9,3,07790580138738,1850.0,1585.768792839383,1.1666265652053225,0.026526042436377278,16.66265652053225,12,Jumbo,POLENTA,PREST
941da9b2-93b6-40b8-8de8-c9e27ad03e10,IDX_GROCERY_7_V1,2026-07-28,9,3,07790240128574,5400.0,4642.876984905225,1.1630719524890083,0.026000815770583077,16.30719524890083,13,Jumbo,VINO CABER-SAUVIGNON,FLMOR
941da9b2-93b6-40b8-8de8-c9e27ad03e10,IDX_GROCERY_7_V1,2026-07-28,9,3,07790040143777,1500.0,1291.8876542063485,1.1610916747412545,0.02570751488419993,16.109167474125453,14,Jumbo,GALLE RELL CREAMY CH,COFLE
941da9b2-93b6-40b8-8de8-c9e27ad03e10,IDX_GROCERY_7_V1,2026-07-28,9,3,07790070417916,1550.0,1340.6727842736473,1.1561359476986492,0.02497131930311099,15.613594769864925,15,Jumbo,POSTRE EN POLVO DDL,EXQUI
941da9b2-93b6-40b8-8de8-c9e27ad03e10,IDX_GROCERY_7_V1,2026-07-28,2,1,07622201735906,1290.0,2107.0377459077677,0.6122339300780936,-0.08444764730029485,-38.77660699219064,1,La Anonima,GALLE C/CHIPS CHOCO,PEPIT
941da9b2-93b6-40b8-8de8-c9e27ad03e10,IDX_GROCERY_7_V1,2026-07-28,2,1,04005808315093,5500.0,8493.45215589912,0.6475576596001639,-0.07479301889803436,-35.24423403998361,2,La Anonima,CR COR PIEL EXT SECA,NIVEA
941da9b2-93b6-40b8-8de8-c9e27ad03e10,IDX_GROCERY_7_V1,2026-07-28,2,1,07792170110704,6150.0,4108.268145691137,1.4969811565124558,0.06944070875356945,49.69811565124558,3,La Anonima,BEB ISOTON COOL BLUE,GATOR
941da9b2-93b6-40b8-8de8-c9e27ad03e10,IDX_GROCERY_7_V1,2026-07-28,2,1,07791130683524,1500.0,2203.7848946108415,0.6806471918689141,-0.0662153495168773,-31.93528081310859,4,La Anonima,LIMPIAD LIQ LAVANDA,PROCE
941da9b2-93b6-40b8-8de8-c9e27ad03e10,IDX_GROCERY_7_V1,2026-07-28,2,1,07790895648267,3250.0,2294.7670009833023,1.4162657902119835,0.05990080595681986,41.62657902119835,5,La Anonima,JUGO SAB NARAN TENTA,CEPIT
941da9b2-93b6-40b8-8de8-c9e27ad03e10,IDX_GROCERY_7_V1,2026-07-28,2,1,07798062540291,2370.0,3266.0311414529824,0.7256513784940952,-0.05519545170388199,-27.434862150590476,6,La Anonima,AGUA S/GAS NARAN,LEVIT
941da9b2-93b6-40b8-8de8-c9e27ad03e10,IDX_GROCERY_7_V1,2026-07-28,2,1,07790315000880,2370.0,3266.0311414529765,0.7256513784940966,-0.055195451703881675,-27.434862150590344,7,La Anonima,AGUA S/GAS MANZ,LEVIT
941da9b2-93b6-40b8-8de8-c9e27ad03e10,IDX_GROCERY_7_V1,2026-07-28,2,1,07798062541014,2370.0,3266.0311414529765,0.7256513784940966,-0.055195451703881675,-27.434862150590344,8,La Anonima,AGUA S/GAS PERA,LEVIT
941da9b2-93b6-40b8-8de8-c9e27ad03e10,IDX_GROCERY_7_V1,2026-07-28,2,1,07798062540284,2370.0,3265.8934910477587,0.7256819631431582,-0.05518819749273243,-27.431803685684176,9,La Anonima,AGUA S/GAS POME,LEVIT
941da9b2-93b6-40b8-8de8-c9e27ad03e10,IDX_GROCERY_7_V1,2026-07-28,2,1,07793008018759,4300.0,5835.907158748069,0.7368177530984651,-0.052567073918019444,-26.318224690153492,10,La Anonima,CREM CORP EXTRA SECA,VN
941da9b2-93b6-40b8-8de8-c9e27ad03e10,IDX_GROCERY_7_V1,2026-07-28,2,1,08002990292139,13650.0,10233.794521473765,1.3338161100809622,0.04957729595119301,33.38161100809622,11,La Anonima,CR DEPI PIEL SENSIBL,VEET
941da9b2-93b6-40b8-8de8-c9e27ad03e10,IDX_GROCERY_7_V1,2026-07-28,2,1,07790580132163,2300.0,3054.16387803611,0.7530702646771356,-0.0488118317644381,-24.692973532286445,12,La Anonima,MERMELADA DURAZNO,ARCOR
941da9b2-93b6-40b8-8de8-c9e27ad03e10,IDX_GROCERY_7_V1,2026-07-28,2,1,07790580138738,1200.0,1585.768792839383,0.756730744998047,-0.047977241951966745,-24.326925500195294,13,La Anonima,POLENTA,PREST
941da9b2-93b6-40b8-8de8-c9e27ad03e10,IDX_GROCERY_7_V1,2026-07-28,2,1,07798338291056,2400.0,1818.7687984294446,1.3195739898729646,0.04772959544981507,31.957398987296457,14,La Anonima,LECHE CHOCOLATADA,L3N
941da9b2-93b6-40b8-8de8-c9e27ad03e10,IDX_GROCERY_7_V1,2026-07-28,2,1,07792170110575,5200.0,3950.3216378919396,1.3163485094785705,0.04730836879087089,31.634850947857053,15,La Anonima,BEB ISOTON MANZANA,GATOR
941da9b2-93b6-40b8-8de8-c9e27ad03e10,IDX_GROCERY_7_V1,2026-07-29,12,1,07792170110704,2750.0,4108.268145691137,0.6693818179527241,-0.06281700348696527,-33.06181820472759,1,COTO,BEB ISOTON COOL BLUE,GATOR
941da9b2-93b6-40b8-8de8-c9e27ad03e10,IDX_GROCERY_7_V1,2026-07-29,12,1,07792170110575,2750.0,3981.334273144904,0.6907232127052074,-0.05790549232312239,-30.927678729479258,2,COTO,BEB ISOTON MANZANA,GATOR
941da9b2-93b6-40b8-8de8-c9e27ad03e10,IDX_GROCERY_7_V1,2026-07-29,12,1,07790895648267,3000.0,2310.8174518290593,1.2982418830295048,0.04084678426961053,29.824188302950482,3,COTO,JUGO SAB NARAN TENTA,CEPIT
941da9b2-93b6-40b8-8de8-c9e27ad03e10,IDX_GROCERY_7_V1,2026-07-29,12,1,07790895006029,2450.0,3081.026227679548,0.795189595593024,-0.035864586500495454,-20.481040440697594,4,COTO,BEB ISOTO MOUNT BLAS,POWER
941da9b2-93b6-40b8-8de8-c9e27ad03e10,IDX_GROCERY_7_V1,2026-07-29,12,1,07790895006036,2450.0,3028.0534253806304,0.8091006517469327,-0.033150540633458764,-19.08993482530673,5,COTO,ISOTONICA MANZANA,POWER
941da9b2-93b6-40b8-8de8-c9e27ad03e10,IDX_GROCERY_7_V1,2026-07-29,12,1,07790360026576,6999.0,8533.114741365425,0.8202163233633087,-0.031015205717631236,-17.978367663669125,6,COTO,HAMBURG CARNE CLASIC,SWIFT
941da9b2-93b6-40b8-8de8-c9e27ad03e10,IDX_GROCERY_7_V1,2026-07-29,12,1,07790070431905,1700.0,1422.5588622754703,1.1950296364403126,0.02788278332463417,19.502963644031258,7,COTO,OBLEA DE ARROZ CHOCO,GALLO
941da9b2-93b6-40b8-8de8-c9e27ad03e10,IDX_GROCERY_7_V1,2026-07-29,12,1,07790895645778,2000.0,1675.2962619042662,1.1938186967161566,0.02772412490522612,19.38186967161566,8,COTO,AGUA S/GAS MINERALIZ,SMART
941da9b2-93b6-40b8-8de8-c9e27ad03e10,IDX_GROCERY_7_V1,2026-07-29,12,1,07790895000232,2500.0,2098.9836497042274,1.1910526317593186,0.027361108079881704,19.105263175931864,9,COTO,GASEO COLA LATA,COCA
941da9b2-93b6-40b8-8de8-c9e27ad03e10,IDX_GROCERY_7_V1,2026-07-29,12,1,07791120031557,1950.0,1689.682608240272,1.1540628935222554,0.02242389155764838,15.406289352225544,10,COTO,ARROZ LARGO FINO 00000 MOLINOS ALA X 1 KG,MOLINOS ALA
941da9b2-93b6-40b8-8de8-c9e27ad03e10,IDX_GROCERY_7_V1,2026-07-29,12,1,07790895000270,2500.0,2167.7395586264233,1.153275074051844,0.02231702430325132,15.327507405184404,11,COTO,GASEOSA LIMA LIMON,SPRIT
941da9b2-93b6-40b8-8de8-c9e27ad03e10,IDX_GROCERY_7_V1,2026-07-29,12,1,07790240128574,5240.0,4642.876984905225,1.1286105613041488,0.018933847322348953,12.861056130414884,12,COTO,VINO CABER-SAUVIGNON,FLMOR
941da9b2-93b6-40b8-8de8-c9e27ad03e10,IDX_GROCERY_7_V1,2026-07-29,12,1,07790580134327,6289.0,7097.105130328603,0.88613595043488,-0.018917824290995255,-11.386404956511997,13,COTO,RELLENO UNTABLE,BONOB
941da9b2-93b6-40b8-8de8-c9e27ad03e10,IDX_GROCERY_7_V1,2026-07-29,12,1,07790580134341,6290.0,7079.710263021594,0.8884544375853386,-0.018508906549900367,-11.15455624146614,14,COTO,RELLENO UNTABLE NUT,AGUIL
941da9b2-93b6-40b8-8de8-c9e27ad03e10,IDX_GROCERY_7_V1,2026-07-29,12,1,07790895640018,2050.0,2305.1708105022653,0.8893050313930242,-0.018359152565270997,-11.06949686069758,15,COTO,BEB ISOTONICA MANZAN,POWER
941da9b2-93b6-40b8-8de8-c9e27ad03e10,IDX_GROCERY_7_V1,2026-07-29,11,2,07790895648267,419.0,2310.8174518290593,0.1813211163297875,-0.2672121590368228,-81.86788836702125,1,Changomas,JUGO SAB NARAN TENTA,CEPIT
941da9b2-93b6-40b8-8de8-c9e27ad03e10,IDX_GROCERY_7_V1,2026-07-29,11,2,07790895645778,579.0,1675.2962619042662,0.34561051269932735,-0.16626648260167326,-65.43894873006725,2,Changomas,AGUA S/GAS MINERALIZ,SMART
941da9b2-93b6-40b8-8de8-c9e27ad03e10,IDX_GROCERY_7_V1,2026-07-29,11,2,07790070431905,1019.0,1422.5588622754703,0.7163148232545168,-0.05221213010597345,-28.368517674548322,3,Changomas,OBLEA DE ARROZ CHOCO,GALLO
941da9b2-93b6-40b8-8de8-c9e27ad03e10,IDX_GROCERY_7_V1,2026-07-29,11,2,07792170110575,5149.0,3981.334273144904,1.2932850262614957,0.04024812416913495,29.328502626149564,4,Changomas,BEB ISOTON MANZANA,GATOR
941da9b2-93b6-40b8-8de8-c9e27ad03e10,IDX_GROCERY_7_V1,2026-07-29,11,2,07792170110704,5149.0,4108.268145691137,1.253326174777664,0.035336613005292054,25.332617477766405,5,Changomas,BEB ISOTON COOL BLUE,GATOR
941da9b2-93b6-40b8-8de8-c9e27ad03e10,IDX_GROCERY_7_V1,2026-07-29,11,2,07790895000270,1799.0,2167.7395586264233,0.8298967432877069,-0.029179028420654642,-17.01032567122931,6,Changomas,GASEOSA LIMA LIMON,SPRIT
941da9b2-93b6-40b8-8de8-c9e27ad03e10,IDX_GROCERY_7_V1,2026-07-29,11,2,07791130683524,2629.0,2203.7848946108434,1.1929476449489158,0.027609899365652866,19.29476449489158,7,Changomas,LIMPIAD LIQ LAVANDA,PROCE
941da9b2-93b6-40b8-8de8-c9e27ad03e10,IDX_GROCERY_7_V1,2026-07-29,11,2,08445291121881,6519.0,5540.949491217073,1.17651316084603,0.025438985220997946,17.651316084602996,8,Changomas,CACAO PVO SIN PREMIX,NESQU
941da9b2-93b6-40b8-8de8-c9e27ad03e10,IDX_GROCERY_7_V1,2026-07-29,11,2,07790520995650,3699.0,4341.433603307715,0.8520227044775605,-0.025061362137722063,-14.797729552243954,9,Changomas,CERA PISOS AUTOBR DP,CERAM
941da9b2-93b6-40b8-8de8-c9e27ad03e10,IDX_GROCERY_7_V1,2026-07-29,11,2,07790895000232,1799.0,2098.9836497042274,0.8570814738140057,-0.02413494464402425,-14.291852618599432,10,Changomas,GASEO COLA LATA,COCA
941da9b2-93b6-40b8-8de8-c9e27ad03e10,IDX_GROCERY_7_V1,2026-07-29,11,2,07791120031557,1969.0,1689.682608240272,1.1653076088950365,0.02394132928555654,16.530760889503647,11,Changomas,ARROZ LARGO FINO 00000 MOLINOS ALA X 1 KG,MOLINOS ALA
941da9b2-93b6-40b8-8de8-c9e27ad03e10,IDX_GROCERY_7_V1,2026-07-29,11,2,07790895006036,3519.0,3028.0534253806304,1.162132732039778,0.02351437858137888,16.213273203977806,12,Changomas,ISOTONICA MANZANA,POWER
941da9b2-93b6-40b8-8de8-c9e27ad03e10,IDX_GROCERY_7_V1,2026-07-29,11,2,08445291082137,14909.0,13008.919356877474,1.1460598371776365,0.021334871810882408,14.60598371776365,13,Changomas,CAFE DOLCA SV ORIGEN,NESCA
941da9b2-93b6-40b8-8de8-c9e27ad03e10,IDX_GROCERY_7_V1,2026-07-29,11,2,07790895006029,3519.0,3081.026227679548,1.1421519130170823,0.020800332714342187,14.21519130170823,14,Changomas,BEB ISOTO MOUNT BLAS,POWER
941da9b2-93b6-40b8-8de8-c9e27ad03e10,IDX_GROCERY_7_V1,2026-07-29,11,2,07793360000157,1269.0,1448.8637283021578,0.875858767951262,-0.020743415468486494,-12.414123204873794,15,Changomas,PURE DE TOMATE,SALSA
941da9b2-93b6-40b8-8de8-c9e27ad03e10,IDX_GROCERY_7_V1,2026-07-29,13,1,07790240128574,2461.5,4642.876984905225,0.5301669650095729,-0.09930567976948715,-46.983303499042705,1,Cooperativa Obrera,VINO CABER-SAUVIGNON,FLMOR
941da9b2-93b6-40b8-8de8-c9e27ad03e10,IDX_GROCERY_7_V1,2026-07-29,13,1,07792170110575,5300.0,3981.334273144904,1.3312120099409452,0.04477148872219784,33.12120099409452,2,Cooperativa Obrera,BEB ISOTON MANZANA,GATOR
941da9b2-93b6-40b8-8de8-c9e27ad03e10,IDX_GROCERY_7_V1,2026-07-29,13,1,07792170110704,5300.0,4108.268145691137,1.290081321872523,0.03985997755835496,29.00813218725229,3,Cooperativa Obrera,BEB ISOTON COOL BLUE,GATOR
941da9b2-93b6-40b8-8de8-c9e27ad03e10,IDX_GROCERY_7_V1,2026-07-29,13,1,07790010002769,3149.0,2482.793559296256,1.2683293736643089,0.037198838919248474,26.832937366430887,4,Cooperativa Obrera,TOALL FEM ESP ULTRAF,SIEMP
941da9b2-93b6-40b8-8de8-c9e27ad03e10,IDX_GROCERY_7_V1,2026-07-29,13,1,00070942306805,5721.0,4511.339325418659,1.2681378161393528,0.037175201551800166,26.813781613935284,5,Cooperativa Obrera,HILO DENT MANG-FLOSS,GUM
941da9b2-93b6-40b8-8de8-c9e27ad03e10,IDX_GROCERY_7_V1,2026-07-29,13,1,07790895000270,1710.0,2167.7395586264233,0.7888401506514613,-0.037119182482286496,-21.11598493485387,6,Cooperativa Obrera,GASEOSA LIMA LIMON,SPRIT
941da9b2-93b6-40b8-8de8-c9e27ad03e10,IDX_GROCERY_7_V1,2026-07-29,13,1,07790813957280,944.0,747.9964803723374,1.2620380239357492,0.03642064062076206,26.203802393574914,7,Cooperativa Obrera,LEVADURA C/MASA MADR,CALSA
941da9b2-93b6-40b8-8de8-c9e27ad03e10,IDX_GROCERY_7_V1,2026-07-29,13,1,07790895000232,1710.0,2098.9836497042274,0.8146800001233739,-0.032075098705656106,-18.531999987662605,8,Cooperativa Obrera,GASEO COLA LATA,COCA
941da9b2-93b6-40b8-8de8-c9e27ad03e10,IDX_GROCERY_7_V1,2026-07-29,13,1,07790895648267,2800.0,2310.8174518290593,1.211692424160871,0.030049777777129857,21.16924241608711,9,Cooperativa Obrera,JUGO SAB NARAN TENTA,CEPIT
941da9b2-93b6-40b8-8de8-c9e27ad03e10,IDX_GROCERY_7_V1,2026-07-29,13,1,07790070933638,7939.0,9511.577890444072,0.8346669807515341,-0.028282074981309406,-16.53330192484659,10,Cooperativa Obrera,CAFE SUAVE MAS AROMA,ARLIS
941da9b2-93b6-40b8-8de8-c9e27ad03e10,IDX_GROCERY_7_V1,2026-07-29,13,1,07790895645778,2000.0,1675.2962619042662,1.1938186967161566,0.02772412490522612,19.38186967161566,11,Cooperativa Obrera,AGUA S/GAS MINERALIZ,SMART
941da9b2-93b6-40b8-8de8-c9e27ad03e10,IDX_GROCERY_7_V1,2026-07-29,13,1,07790895006036,3590.0,3028.0534253806304,1.1855801386822402,0.026640410531416345,18.558013868224023,12,Cooperativa Obrera,ISOTONICA MANZANA,POWER
941da9b2-93b6-40b8-8de8-c9e27ad03e10,IDX_GROCERY_7_V1,2026-07-29,13,1,07790813444469,1259.0,1070.5564208025592,1.1760239586963304,0.025373900205008588,17.602395869633035,13,Cooperativa Obrera,LEVADURA FAMILIAR X2,CALSA
941da9b2-93b6-40b8-8de8-c9e27ad03e10,IDX_GROCERY_7_V1,2026-07-29,13,1,07794940000550,2089.0,1778.6332370800521,1.174497336746878,0.02517061933504496,17.449733674687806,14,Cooperativa Obrera,AZUCAR LIGHT,HILER
941da9b2-93b6-40b8-8de8-c9e27ad03e10,IDX_GROCERY_7_V1,2026-07-29,13,1,07790895003295,4690.0,4011.5058021044997,1.1691370351601016,0.024454757414685904,16.91370351601016,15,Cooperativa Obrera,AGUA S/GAS PERA,AQUAR
941da9b2-93b6-40b8-8de8-c9e27ad03e10,IDX_GROCERY_7_V1,2026-07-29,15,1,07798338291056,1190.0,1818.7687984294478,0.6542887699786771,-0.06638599071471644,-34.57112300213229,1,DIA,LECHE CHOCOLATADA,L3N
941da9b2-93b6-40b8-8de8-c9e27ad03e10,IDX_GROCERY_7_V1,2026-07-29,15,1,04005900773821,12999.0,19378.567387653056,0.6707926205258207,-0.062487519577250794,-32.92073794741793,2,DIA,AG MICELAR ROSE CARE,NIVEA
941da9b2-93b6-40b8-8de8-c9e27ad03e10,IDX_GROCERY_7_V1,2026-07-29,15,1,07798290580052,540.0,784.0993756383822,0.688688215776672,-0.058367234334928124,-31.131178422332795,3,DIA,JUGOS NARANJA BRICK,TUTTI
941da9b2-93b6-40b8-8de8-c9e27ad03e10,IDX_GROCERY_7_V1,2026-07-29,15,1,07798290580083,540.0,784.0993756383822,0.688688215776672,-0.058367234334928124,-31.131178422332795,4,DIA,JUGOS MANZANA BRICK,TUTTI
941da9b2-93b6-40b8-8de8-c9e27ad03e10,IDX_GROCERY_7_V1,2026-07-29,15,1,07798290580113,540.0,784.0993756383822,0.688688215776672,-0.058367234334928124,-31.131178422332795,5,DIA,JUGOS MULTIFRUTA,TUTTI
941da9b2-93b6-40b8-8de8-c9e27ad03e10,IDX_GROCERY_7_V1,2026-07-29,15,1,07792170110704,2850.0,4108.268145691137,0.6937229749691868,-0.057227319198689966,-30.627702503081323,6,DIA,BEB ISOTON COOL BLUE,GATOR
941da9b2-93b6-40b8-8de8-c9e27ad03e10,IDX_GROCERY_7_V1,2026-07-29,15,1,07793253001186,1790.0,2549.23857468921,0.7021704511192043,-0.055333191951059436,-29.782954888079573,7,DIA,REPUESTO QUITAMANCHA,TRENE
941da9b2-93b6-40b8-8de8-c9e27ad03e10,IDX_GROCERY_7_V1,2026-07-29,15,1,07792170110575,2850.0,3981.334273144904,0.7158404204399423,-0.052315808034847054,-28.415957956005766,8,DIA,BEB ISOTON MANZANA,GATOR
941da9b2-93b6-40b8-8de8-c9e27ad03e10,IDX_GROCERY_7_V1,2026-07-29,15,1,07792170042241,1800.0,2511.5244289530806,0.7166961942513628,-0.05212883350490085,-28.330380574863725,9,DIA,BEBIDA DEPORTIVA UVA,GATOR
941da9b2-93b6-40b8-8de8-c9e27ad03e10,IDX_GROCERY_7_V1,2026-07-29,15,1,07793100111891,2170.0,3004.3535680854043,0.7222851607918053,-0.05091318599684891,-27.771483920819474,10,DIA,CREMA DENTAL ULTRA BLANCO COLGATE X 90 GRS,COLGATE
941da9b2-93b6-40b8-8de8-c9e27ad03e10,IDX_GROCERY_7_V1,2026-07-29,15,1,07790895648267,3150.0,2310.8174518290593,1.36315397718098,0.04848217772335575,36.315397718098,11,DIA,JUGO SAB NARAN TENTA,CEPIT
941da9b2-93b6-40b8-8de8-c9e27ad03e10,IDX_GROCERY_7_V1,2026-07-29,15,1,07791004000839,1115.0,1494.0507338729067,0.7462932648275442,-0.0457960312421862,-25.370673517245578,12,DIA,SAL ENTREFINA PAQUET,CELUS
941da9b2-93b6-40b8-8de8-c9e27ad03e10,IDX_GROCERY_7_V1,2026-07-29,15,1,00000078909434,2680.0,3557.6912233264443,0.753297526898413,-0.044334116929476766,-24.6702473101587,13,DIA,BOMBON CHOC ALMEN X3,FERRE
941da9b2-93b6-40b8-8de8-c9e27ad03e10,IDX_GROCERY_7_V1,2026-07-29,15,1,07794440007035,5535.0,7328.528603212894,0.755267571388533,-0.043925382367380604,-24.473242861146705,14,DIA,ESCOBILLON CLASICO,VIRUL
941da9b2-93b6-40b8-8de8-c9e27ad03e10,IDX_GROCERY_7_V1,2026-07-29,15,1,07790072001014,1160.0,1533.9316891954375,0.7562266352346053,-0.043726786490126776,-24.37733647653947,15,DIA,SAL FINA PAQUETE,CELUS
941da9b2-93b6-40b8-8de8-c9e27ad03e10,IDX_GROCERY_7_V1,2026-07-29,10,1,07891024034767,1270.0,914.4132088909955,1.3888688260969697,0.05140682655047281,38.88688260969697,1,Hipermercado Carrefour,JABON BARRA ALOE&OLI,PALMO
941da9b2-93b6-40b8-8de8-c9e27ad03e10,IDX_GROCERY_7_V1,2026-07-29,10,1,07891024034781,1270.0,914.4132088909963,1.3888688260969684,0.05140682655047265,38.88688260969684,2,Hipermercado Carrefour,JABON TOCADOR PALMOLIVE KARITE X 85 GRS,PALMOLIVE
941da9b2-93b6-40b8-8de8-c9e27ad03e10,IDX_GROCERY_7_V1,2026-07-29,10,1,07790895648267,3150.0,2310.8174518290593,1.36315397718098,0.04848217772335575,36.315397718098,3,Hipermercado Carrefour,JUGO SAB NARAN TENTA,CEPIT
941da9b2-93b6-40b8-8de8-c9e27ad03e10,IDX_GROCERY_7_V1,2026-07-29,10,1,07790070431905,1059.0,1422.5588622754703,0.7444331676413477,-0.046186572613222,-25.55668323586523,4,Hipermercado Carrefour,OBLEA DE ARROZ CHOCO,GALLO
941da9b2-93b6-40b8-8de8-c9e27ad03e10,IDX_GROCERY_7_V1,2026-07-29,10,1,08445291082212,10265.0,13086.337366136633,0.7844058817070255,-0.03800135936407191,-21.55941182929745,5,Hipermercado Carrefour,CAFE DOLCA ORIGE FRS,NESCA
941da9b2-93b6-40b8-8de8-c9e27ad03e10,IDX_GROCERY_7_V1,2026-07-29,10,1,07790250054962,1955.0,2490.2623171471196,0.7850578577760741,-0.03787133955280204,-21.494214222392593,6,Hipermercado Carrefour,PAÑUELOS DESCARTABLE,ELITE
941da9b2-93b6-40b8-8de8-c9e27ad03e10,IDX_GROCERY_7_V1,2026-07-29,10,1,08445291082137,10265.0,13008.919356877474,0.7890739974933555,-0.037072797512335956,-21.09260025066445,7,Hipermercado Carrefour,CAFE DOLCA SV ORIGEN,NESCA
941da9b2-93b6-40b8-8de8-c9e27ad03e10,IDX_GROCERY_7_V1,2026-07-29,10,1,07790070933638,7729.0,9511.577890444072,0.8125886250445405,-0.03247735426428943,-18.741137495545946,8,Hipermercado Carrefour,CAFE SUAVE MAS AROMA,ARLIS
941da9b2-93b6-40b8-8de8-c9e27ad03e10,IDX_GROCERY_7_V1,2026-07-29,10,1,07790990003046,6360.0,7639.9755062034355,0.8324634018572268,-0.028695777750695525,-16.75365981427732,9,Hipermercado Carrefour,LAVAVAJ ULTRA LIMON,MAGIS
941da9b2-93b6-40b8-8de8-c9e27ad03e10,IDX_GROCERY_7_V1,2026-07-29,10,1,07790990003022,2595.0,3108.166210481312,0.8348974360667004,-0.028238872102265663,-16.510256393329957,10,Hipermercado Carrefour,DETERGEN ULTRA LIMON,MAGIS
941da9b2-93b6-40b8-8de8-c9e27ad03e10,IDX_GROCERY_7_V1,2026-07-29,10,1,07790895645778,1999.0,1675.2962619042662,1.1932217873677986,0.027645858075541895,19.32217873677986,11,Hipermercado Carrefour,AGUA S/GAS MINERALIZ,SMART
941da9b2-93b6-40b8-8de8-c9e27ad03e10,IDX_GROCERY_7_V1,2026-07-29,10,1,07791290794290,2009.0,2380.460698476926,0.8439542821628623,-0.02655038402297381,-15.604571783713773,12,Hipermercado Carrefour,LAVAVAJ CONCEN POMEL,ALA
941da9b2-93b6-40b8-8de8-c9e27ad03e10,IDX_GROCERY_7_V1,2026-07-29,10,1,07790520995650,3685.0,4341.433603307715,0.8487979632332551,-0.025654787366050223,-15.120203676674492,13,Hipermercado Carrefour,CERA PISOS AUTOBR DP,CERAM
941da9b2-93b6-40b8-8de8-c9e27ad03e10,IDX_GROCERY_7_V1,2026-07-29,10,1,07790070411952,1350.0,1584.5446365585478,0.851979785771165,-0.025069245392015136,-14.802021422883504,14,Hipermercado Carrefour,SNACK OBLEA ESTUCHE,GALLO
941da9b2-93b6-40b8-8de8-c9e27ad03e10,IDX_GROCERY_7_V1,2026-07-29,10,1,07798171572343,7905.0,9273.330903823187,0.852444508018251,-0.024983906913434252,-14.7555491981749,15,Hipermercado Carrefour,EMPANADAS CARNE X4,ELNOB
941da9b2-93b6-40b8-8de8-c9e27ad03e10,IDX_GROCERY_7_V1,2026-07-29,9,3,07790895648267,3100.0,2310.8174518290593,1.3415166124638216,0.045978211941440084,34.15166124638216,1,Jumbo,JUGO SAB NARAN TENTA,CEPIT
941da9b2-93b6-40b8-8de8-c9e27ad03e10,IDX_GROCERY_7_V1,2026-07-29,9,3,07790895000232,2700.0,2098.9836497042274,1.2863368423000643,0.03940508947833686,28.63368423000643,2,Jumbo,GASEO COLA LATA,COCA
941da9b2-93b6-40b8-8de8-c9e27ad03e10,IDX_GROCERY_7_V1,2026-07-29,9,3,07791130683524,2800.0,2203.7848946108434,1.2705414248219717,0.03747153808762688,27.054142482197175,3,Jumbo,LIMPIAD LIQ LAVANDA,PROCE
941da9b2-93b6-40b8-8de8-c9e27ad03e10,IDX_GROCERY_7_V1,2026-07-29,9,3,07790895000270,2700.0,2167.7395586264233,1.2455370799759915,0.03436100570170645,24.55370799759915,4,Jumbo,GASEOSA LIMA LIMON,SPRIT
941da9b2-93b6-40b8-8de8-c9e27ad03e10,IDX_GROCERY_7_V1,2026-07-29,9,3,07790895006029,2500.0,3081.026227679548,0.8114179546867591,-0.03270297346176003,-18.858204531324084,5,Jumbo,BEB ISOTO MOUNT BLAS,POWER
941da9b2-93b6-40b8-8de8-c9e27ad03e10,IDX_GROCERY_7_V1,2026-07-29,9,3,07790895006036,2500.0,3028.0534253806304,0.8256129099458497,-0.029988927594723328,-17.43870900541503,6,Jumbo,ISOTONICA MANZANA,POWER
941da9b2-93b6-40b8-8de8-c9e27ad03e10,IDX_GROCERY_7_V1,2026-07-29,9,3,07790895645778,2000.0,1675.2962619042662,1.1938186967161566,0.02772412490522612,19.38186967161566,7,Jumbo,AGUA S/GAS MINERALIZ,SMART
941da9b2-93b6-40b8-8de8-c9e27ad03e10,IDX_GROCERY_7_V1,2026-07-29,9,3,07790070933638,11350.0,9511.577890444072,1.1932825584494158,0.027653828177444165,19.328255844941577,8,Jumbo,CAFE SUAVE MAS AROMA,ARLIS
941da9b2-93b6-40b8-8de8-c9e27ad03e10,IDX_GROCERY_7_V1,2026-07-29,9,3,07792170110704,3452.0,4108.268145691137,0.8402567402082922,-0.027237525937246716,-15.974325979170779,9,Jumbo,BEB ISOTON COOL BLUE,GATOR
941da9b2-93b6-40b8-8de8-c9e27ad03e10,IDX_GROCERY_7_V1,2026-07-29,9,3,07791130683661,2800.0,2363.7876687241037,1.1845395578661893,0.026502995354596038,18.453955786618927,10,Jumbo,LIMPIADOR LIQ MARINA,PROCE
941da9b2-93b6-40b8-8de8-c9e27ad03e10,IDX_GROCERY_7_V1,2026-07-29,9,3,07790070320308,1250.0,1064.5744934690954,1.1741780473498518,0.025128070209325587,17.417804734985175,11,Jumbo,FIDEOS TIRABUZON FAVORITA X 500 GRS,FAVORITA
941da9b2-93b6-40b8-8de8-c9e27ad03e10,IDX_GROCERY_7_V1,2026-07-29,9,3,07799155000197,2527.0,2950.5017271446004,0.8564645045795477,-0.02424763763417652,-14.35354954204523,12,Jumbo,AGUA S/GAS MINERAL,VILLA
941da9b2-93b6-40b8-8de8-c9e27ad03e10,IDX_GROCERY_7_V1,2026-07-29,9,3,07791130001748,3150.0,2703.138763081527,1.1653119858371828,0.023941917084160467,16.531198583718275,13,Jumbo,PRELAVADO QUITAMANCH,VANIS
941da9b2-93b6-40b8-8de8-c9e27ad03e10,IDX_GROCERY_7_V1,2026-07-29,9,3,07790240128574,5400.0,4642.876984905225,1.1630719524890083,0.023640804323487905,16.30719524890083,14,Jumbo,VINO CABER-SAUVIGNON,FLMOR
941da9b2-93b6-40b8-8de8-c9e27ad03e10,IDX_GROCERY_7_V1,2026-07-29,9,3,07790040143777,1500.0,1291.8876542063485,1.1610916747412545,0.02337412542679211,16.109167474125453,15,Jumbo,GALLE RELL CREAMY CH,COFLE
941da9b2-93b6-40b8-8de8-c9e27ad03e10,IDX_GROCERY_7_V1,2026-07-29,2,1,07622201735906,1290.0,2107.0377459077677,0.6122339300780936,-0.0767826026314105,-38.77660699219064,1,La Anonima,GALLE C/CHIPS CHOCO,PEPIT
941da9b2-93b6-40b8-8de8-c9e27ad03e10,IDX_GROCERY_7_V1,2026-07-29,2,1,04005808315093,5500.0,8493.45215589912,0.6475576596001639,-0.06800429417802499,-35.24423403998361,2,La Anonima,CR COR PIEL EXT SECA,NIVEA
941da9b2-93b6-40b8-8de8-c9e27ad03e10,IDX_GROCERY_7_V1,2026-07-29,2,1,07792170110704,6150.0,4108.268145691137,1.4969811565124558,0.06313779622194657,49.69811565124558,3,La Anonima,BEB ISOTON COOL BLUE,GATOR
941da9b2-93b6-40b8-8de8-c9e27ad03e10,IDX_GROCERY_7_V1,2026-07-29,2,1,07791130683524,1500.0,2203.7848946108434,0.6806471918689135,-0.0602051925967227,-31.935280813108648,4,La Anonima,LIMPIAD LIQ LAVANDA,PROCE
941da9b2-93b6-40b8-8de8-c9e27ad03e10,IDX_GROCERY_7_V1,2026-07-29,2,1,07791120031557,1200.0,1689.682608240272,0.7101925498598496,-0.053555422336201496,-28.980745014015042,5,La Anonima,ARROZ LARGO FINO 00000 MOLINOS ALA X 1 KG,MOLINOS ALA
941da9b2-93b6-40b8-8de8-c9e27ad03e10,IDX_GROCERY_7_V1,2026-07-29,2,1,07790895648267,3250.0,2310.8174518290593,1.406428706615297,0.053373029601932354,40.6428706615297,6,La Anonima,JUGO SAB NARAN TENTA,CEPIT
941da9b2-93b6-40b8-8de8-c9e27ad03e10,IDX_GROCERY_7_V1,2026-07-29,2,1,07798062541014,2370.0,3266.0311414529824,0.7256513784940952,-0.050185535899773766,-27.434862150590476,7,La Anonima,AGUA S/GAS PERA,LEVIT
941da9b2-93b6-40b8-8de8-c9e27ad03e10,IDX_GROCERY_7_V1,2026-07-29,2,1,07790315000880,2370.0,3266.0311414529765,0.7256513784940966,-0.05018553589977348,-27.434862150590344,8,La Anonima,AGUA S/GAS MANZ,LEVIT
941da9b2-93b6-40b8-8de8-c9e27ad03e10,IDX_GROCERY_7_V1,2026-07-29,2,1,07798062540291,2370.0,3266.0311414529765,0.7256513784940966,-0.05018553589977348,-27.434862150590344,9,La Anonima,AGUA S/GAS NARAN,LEVIT
941da9b2-93b6-40b8-8de8-c9e27ad03e10,IDX_GROCERY_7_V1,2026-07-29,2,1,07798062540284,2370.0,3265.8934910477587,0.7256819631431582,-0.050178940130324805,-27.431803685684176,10,La Anonima,AGUA S/GAS POME,LEVIT
941da9b2-93b6-40b8-8de8-c9e27ad03e10,IDX_GROCERY_7_V1,2026-07-29,2,1,07793008018759,4300.0,5835.907158748069,0.7368177530984651,-0.047795727615601406,-26.318224690153492,11,La Anonima,CREM CORP EXTRA SECA,VN
941da9b2-93b6-40b8-8de8-c9e27ad03e10,IDX_GROCERY_7_V1,2026-07-29,2,1,07790580132163,2300.0,3088.202027218448,0.7447699275269294,-0.046115795056251935,-25.52300724730706,12,La Anonima,MERMELADA DURAZNO,ARCOR
941da9b2-93b6-40b8-8de8-c9e27ad03e10,IDX_GROCERY_7_V1,2026-07-29,2,1,07790580138738,1200.0,1603.1546575191244,0.7485241641358515,-0.045328918971662115,-25.147583586414846,13,La Anonima,POLENTA,PREST
941da9b2-93b6-40b8-8de8-c9e27ad03e10,IDX_GROCERY_7_V1,2026-07-29,2,1,08002990292139,13650.0,10332.408303299695,1.3210860042804173,0.04357654598693484,32.10860042804173,14,La Anonima,CR DEPI PIEL SENSIBL,VEET
941da9b2-93b6-40b8-8de8-c9e27ad03e10,IDX_GROCERY_7_V1,2026-07-29,2,1,07798338291056,2400.0,1818.7687984294478,1.3195739898729624,0.04339733170006634,31.957398987296237,15,La Anonima,LECHE CHOCOLATADA,L3N
941da9b2-93b6-40b8-8de8-c9e27ad03e10,IDX_GROCERY_7_V1,2026-07-30,12,1,07792170110704,2750.0,4108.268145691137,0.6693818179527241,-0.0630142311274267,-33.06181820472759,1,COTO,BEB ISOTON COOL BLUE,GATOR
941da9b2-93b6-40b8-8de8-c9e27ad03e10,IDX_GROCERY_7_V1,2026-07-30,12,1,07792170110575,2750.0,4077.921822301433,0.6743630995966466,-0.06185032805212624,-32.56369004033534,2,COTO,BEB ISOTON MANZANA,GATOR
941da9b2-93b6-40b8-8de8-c9e27ad03e10,IDX_GROCERY_7_V1,2026-07-30,12,1,07790895648267,3000.0,2350.0285690769942,1.2765802252260665,0.038333564133736016,27.65802252260665,3,COTO,JUGO SAB NARAN TENTA,CEPIT
941da9b2-93b6-40b8-8de8-c9e27ad03e10,IDX_GROCERY_7_V1,2026-07-30,12,1,07790895006029,2450.0,3081.0262276795534,0.7951895955930226,-0.035977191167687245,-20.48104044069774,4,COTO,BEB ISOTO MOUNT BLAS,POWER
941da9b2-93b6-40b8-8de8-c9e27ad03e10,IDX_GROCERY_7_V1,2026-07-30,12,1,07790895006036,2450.0,3081.0262276795534,0.7951895955930226,-0.035977191167687245,-20.48104044069774,5,COTO,ISOTONICA MANZANA,POWER
941da9b2-93b6-40b8-8de8-c9e27ad03e10,IDX_GROCERY_7_V1,2026-07-30,12,1,07790360026576,6999.0,8533.114741365425,0.8202163233633087,-0.031112584699476233,-17.978367663669125,6,COTO,HAMBURG CARNE CLASIC,SWIFT
941da9b2-93b6-40b8-8de8-c9e27ad03e10,IDX_GROCERY_7_V1,2026-07-30,12,1,07790070431905,1700.0,1422.5588622754703,1.1950296364403126,0.02797032738530806,19.502963644031258,7,COTO,OBLEA DE ARROZ CHOCO,GALLO
941da9b2-93b6-40b8-8de8-c9e27ad03e10,IDX_GROCERY_7_V1,2026-07-30,12,1,07790895645778,2000.0,1675.2962619042662,1.1938186967161566,0.027811170823295903,19.38186967161566,8,COTO,AGUA S/GAS MINERALIZ,SMART
941da9b2-93b6-40b8-8de8-c9e27ad03e10,IDX_GROCERY_7_V1,2026-07-30,12,1,07790895000232,2500.0,2098.9836497042274,1.1910526317593186,0.027447014227699226,19.105263175931864,9,COTO,GASEO COLA LATA,COCA
941da9b2-93b6-40b8-8de8-c9e27ad03e10,IDX_GROCERY_7_V1,2026-07-30,12,1,07791120031557,1950.0,1689.6826082402704,1.1540628935222565,0.02249429624071807,15.406289352225656,10,COTO,ARROZ LARGO FINO 00000 MOLINOS ALA X 1 KG,MOLINOS ALA
941da9b2-93b6-40b8-8de8-c9e27ad03e10,IDX_GROCERY_7_V1,2026-07-30,12,1,07790895000270,2500.0,2167.646634261945,1.1533245135461005,0.022393823101714193,15.332451354610054,11,COTO,GASEOSA LIMA LIMON,SPRIT
941da9b2-93b6-40b8-8de8-c9e27ad03e10,IDX_GROCERY_7_V1,2026-07-30,12,1,07790895640025,2050.0,2305.1708105022612,0.8893050313930257,-0.018416795116496062,-11.069496860697425,12,COTO,BEBIDA ISOT MOUN BLA,POWER
941da9b2-93b6-40b8-8de8-c9e27ad03e10,IDX_GROCERY_7_V1,2026-07-30,12,1,07790895640018,2050.0,2305.170810502259,0.8893050313930266,-0.018416795116495903,-11.069496860697337,13,COTO,BEB ISOTONICA MANZAN,POWER
941da9b2-93b6-40b8-8de8-c9e27ad03e10,IDX_GROCERY_7_V1,2026-07-30,12,1,07790895641183,2050.0,2305.170810502259,0.8893050313930266,-0.018416795116495903,-11.069496860697337,14,COTO,BEB ISOT FRUT.TROPIC,POWER
941da9b2-93b6-40b8-8de8-c9e27ad03e10,IDX_GROCERY_7_V1,2026-07-30,12,1,07790240128574,5240.0,4671.961381122174,1.121584613514375,0.01801295429640823,12.158461351437499,15,COTO,VINO CABER-SAUVIGNON,FLMOR
941da9b2-93b6-40b8-8de8-c9e27ad03e10,IDX_GROCERY_7_V1,2026-07-30,11,2,07790895648267,419.0,2350.0285690769942,0.17829570478990728,-0.2706925972050566,-82.17042952100927,1,Changomas,JUGO SAB NARAN TENTA,CEPIT
941da9b2-93b6-40b8-8de8-c9e27ad03e10,IDX_GROCERY_7_V1,2026-07-30,11,2,07790895645778,579.0,1675.2962619042662,0.34561051269932735,-0.16678851237436298,-65.43894873006725,2,Changomas,AGUA S/GAS MINERALIZ,SMART
941da9b2-93b6-40b8-8de8-c9e27ad03e10,IDX_GROCERY_7_V1,2026-07-30,11,2,07790070431905,1019.0,1422.5588622754703,0.7163148232545168,-0.05237606144068607,-28.368517674548322,3,Changomas,OBLEA DE ARROZ CHOCO,GALLO
941da9b2-93b6-40b8-8de8-c9e27ad03e10,IDX_GROCERY_7_V1,2026-07-30,11,2,07792170110575,5149.0,4077.921822301433,1.2626529453902304,0.03661146306020099,26.265294539023042,4,Changomas,BEB ISOTON MANZANA,GATOR
941da9b2-93b6-40b8-8de8-c9e27ad03e10,IDX_GROCERY_7_V1,2026-07-30,11,2,07792170110704,5149.0,4108.268145691137,1.253326174777664,0.035447559984900505,25.332617477766405,5,Changomas,BEB ISOTON COOL BLUE,GATOR
941da9b2-93b6-40b8-8de8-c9e27ad03e10,IDX_GROCERY_7_V1,2026-07-30,11,2,07790895000270,1799.0,2167.646634261945,0.8299323199477739,-0.029263912676269953,-17.006768005222604,6,Changomas,GASEOSA LIMA LIMON,SPRIT
941da9b2-93b6-40b8-8de8-c9e27ad03e10,IDX_GROCERY_7_V1,2026-07-30,11,2,07790520995650,3699.0,4342.610781962785,0.8517917413561332,-0.025182608643633364,-14.820825864386677,7,Changomas,CERA PISOS AUTOBR DP,CERAM
941da9b2-93b6-40b8-8de8-c9e27ad03e10,IDX_GROCERY_7_V1,2026-07-30,11,2,07790895000232,1799.0,2098.9836497042274,0.8570814738140057,-0.024210721550284923,-14.291852618599432,8,Changomas,GASEO COLA LATA,COCA
941da9b2-93b6-40b8-8de8-c9e27ad03e10,IDX_GROCERY_7_V1,2026-07-30,11,2,07791120031557,1969.0,1689.6826082402704,1.1653076088950376,0.02401649829430255,16.53076088950376,9,Changomas,ARROZ LARGO FINO 00000 MOLINOS ALA X 1 KG,MOLINOS ALA
941da9b2-93b6-40b8-8de8-c9e27ad03e10,IDX_GROCERY_7_V1,2026-07-30,11,2,08445291121881,6519.0,5646.821951987584,1.1544546747583257,0.022547580755532023,15.445467475832576,10,Changomas,CACAO PVO SIN PREMIX,NESQU
941da9b2-93b6-40b8-8de8-c9e27ad03e10,IDX_GROCERY_7_V1,2026-07-30,11,2,08445291082137,14909.0,13008.91935687745,1.1460598371776385,0.02140185727967666,14.605983717763849,11,Changomas,CAFE DOLCA SV ORIGEN,NESCA
941da9b2-93b6-40b8-8de8-c9e27ad03e10,IDX_GROCERY_7_V1,2026-07-30,11,2,07790895006029,3519.0,3081.0262276795534,1.1421519130170803,0.020865639881419908,14.21519130170803,12,Changomas,BEB ISOTO MOUNT BLAS,POWER
941da9b2-93b6-40b8-8de8-c9e27ad03e10,IDX_GROCERY_7_V1,2026-07-30,11,2,07790895006036,3519.0,3081.0262276795534,1.1421519130170803,0.020865639881419908,14.21519130170803,13,Changomas,ISOTONICA MANZANA,POWER
941da9b2-93b6-40b8-8de8-c9e27ad03e10,IDX_GROCERY_7_V1,2026-07-30,11,2,07793360000157,1269.0,1448.8637283021578,0.875858767951262,-0.020808543931495872,-12.414123204873794,14,Changomas,PURE DE TOMATE,SALSA
941da9b2-93b6-40b8-8de8-c9e27ad03e10,IDX_GROCERY_7_V1,2026-07-30,11,2,08445291082212,14909.0,13086.337366136633,1.139279813966882,0.020470380006113936,13.927981396688205,15,Changomas,CAFE DOLCA ORIGE FRS,NESCA
941da9b2-93b6-40b8-8de8-c9e27ad03e10,IDX_GROCERY_7_V1,2026-07-30,13,1,07790240128574,2461.5,4671.961381122174,0.5268665126270294,-0.10059781149901288,-47.313348737297055,1,Cooperativa Obrera,VINO CABER-SAUVIGNON,FLMOR
941da9b2-93b6-40b8-8de8-c9e27ad03e10,IDX_GROCERY_7_V1,2026-07-30,13,1,07790895648267,3150.0,2350.0285690769942,1.3404092364873699,0.045992930565358005,34.040923648736985,2,Cooperativa Obrera,JUGO SAB NARAN TENTA,CEPIT
941da9b2-93b6-40b8-8de8-c9e27ad03e10,IDX_GROCERY_7_V1,2026-07-30,13,1,07792170110575,5300.0,4077.921822301433,1.299681610131719,0.04114902969977271,29.9681610131719,3,Cooperativa Obrera,BEB ISOTON MANZANA,GATOR
941da9b2-93b6-40b8-8de8-c9e27ad03e10,IDX_GROCERY_7_V1,2026-07-30,13,1,07792170110704,5300.0,4108.268145691137,1.290081321872523,0.03998512662447224,29.00813218725229,4,Cooperativa Obrera,BEB ISOTON COOL BLUE,GATOR
941da9b2-93b6-40b8-8de8-c9e27ad03e10,IDX_GROCERY_7_V1,2026-07-30,13,1,00070942306805,5721.0,4507.5161455111365,1.269213423827073,0.037425016840812717,26.92134238270729,5,Cooperativa Obrera,HILO DENT MANG-FLOSS,GUM
941da9b2-93b6-40b8-8de8-c9e27ad03e10,IDX_GROCERY_7_V1,2026-07-30,13,1,07790895000270,1710.0,2167.646634261945,0.7888739672655328,-0.03722899657796972,-21.112603273446716,6,Cooperativa Obrera,GASEOSA LIMA LIMON,SPRIT
941da9b2-93b6-40b8-8de8-c9e27ad03e10,IDX_GROCERY_7_V1,2026-07-30,13,1,07790813957280,944.0,747.9964803723374,1.2620380239357492,0.03653499114076445,26.203802393574914,7,Cooperativa Obrera,LEVADURA C/MASA MADR,CALSA
941da9b2-93b6-40b8-8de8-c9e27ad03e10,IDX_GROCERY_7_V1,2026-07-30,13,1,07790895000232,1710.0,2098.9836497042274,0.8146800001233739,-0.032175805451984694,-18.531999987662605,8,Cooperativa Obrera,GASEO COLA LATA,COCA
941da9b2-93b6-40b8-8de8-c9e27ad03e10,IDX_GROCERY_7_V1,2026-07-30,13,1,07790070933638,7939.0,9511.577890444072,0.8346669807515341,-0.028370872704955585,-16.53330192484659,9,Cooperativa Obrera,CAFE SUAVE MAS AROMA,ARLIS
941da9b2-93b6-40b8-8de8-c9e27ad03e10,IDX_GROCERY_7_V1,2026-07-30,13,1,07790895645778,2000.0,1675.2962619042662,1.1938186967161566,0.027811170823295903,19.38186967161566,10,Cooperativa Obrera,AGUA S/GAS MINERALIZ,SMART
941da9b2-93b6-40b8-8de8-c9e27ad03e10,IDX_GROCERY_7_V1,2026-07-30,13,1,07790040133259,2089.0,1771.4561470306908,1.1792558362235357,0.025884394390541465,17.92558362235357,11,Cooperativa Obrera,GALLETITA LIMA/LIM,MANA
941da9b2-93b6-40b8-8de8-c9e27ad03e10,IDX_GROCERY_7_V1,2026-07-30,13,1,07790010002769,2999.0,2546.533815371311,1.1776792367325053,0.025674372583406324,17.76792367325053,12,Cooperativa Obrera,TOALL FEM ESP ULTRAF,SIEMP
941da9b2-93b6-40b8-8de8-c9e27ad03e10,IDX_GROCERY_7_V1,2026-07-30,13,1,07790813444469,1259.0,1070.5564208025592,1.1760239586963304,0.025453567081633415,17.602395869633035,13,Cooperativa Obrera,LEVADURA FAMILIAR X2,CALSA
941da9b2-93b6-40b8-8de8-c9e27ad03e10,IDX_GROCERY_7_V1,2026-07-30,13,1,07794940000550,2089.0,1778.6332370800505,1.1744973367468792,0.025249647967180256,17.449733674687916,14,Cooperativa Obrera,AZUCAR LIGHT,HILER
941da9b2-93b6-40b8-8de8-c9e27ad03e10,IDX_GROCERY_7_V1,2026-07-30,13,1,07790040143777,1523.0,1305.1388009910324,1.1669256931473793,0.02423432933777399,16.692569314737927,15,Cooperativa Obrera,GALLE RELL CREAMY CH,COFLE
941da9b2-93b6-40b8-8de8-c9e27ad03e10,IDX_GROCERY_7_V1,2026-07-30,15,1,04005900773821,12999.0,19243.96794403601,0.675484392709591,-0.06158951752682197,-32.45156072904089,1,DIA,AG MICELAR ROSE CARE,NIVEA
941da9b2-93b6-40b8-8de8-c9e27ad03e10,IDX_GROCERY_7_V1,2026-07-30,15,1,07792170110704,2850.0,4108.268145691137,0.6937229749691868,-0.057406996809988835,-30.627702503081323,2,DIA,BEB ISOTON COOL BLUE,GATOR
941da9b2-93b6-40b8-8de8-c9e27ad03e10,IDX_GROCERY_7_V1,2026-07-30,15,1,07792170110575,2850.0,4077.921822301433,0.6988853941274338,-0.05624309373468837,-30.111460587256623,3,DIA,BEB ISOTON MANZANA,GATOR
941da9b2-93b6-40b8-8de8-c9e27ad03e10,IDX_GROCERY_7_V1,2026-07-30,15,1,07792170042241,1800.0,2511.5244289530806,0.7166961942513628,-0.05229250331182361,-28.330380574863725,4,DIA,BEBIDA DEPORTIVA UVA,GATOR
941da9b2-93b6-40b8-8de8-c9e27ad03e10,IDX_GROCERY_7_V1,2026-07-30,15,1,07793100111891,2170.0,3017.58963110165,0.7191169990890328,-0.051763141249289164,-28.08830009109672,5,DIA,CREMA DENTAL ULTRA BLANCO COLGATE X 90 GRS,COLGATE
941da9b2-93b6-40b8-8de8-c9e27ad03e10,IDX_GROCERY_7_V1,2026-07-30,15,1,07790895648267,3150.0,2350.0285690769942,1.3404092364873699,0.045992930565358005,34.040923648736985,6,DIA,JUGO SAB NARAN TENTA,CEPIT
941da9b2-93b6-40b8-8de8-c9e27ad03e10,IDX_GROCERY_7_V1,2026-07-30,15,1,07791293033006,6129.0,7906.925028934324,0.7751433050865858,-0.03998545634746546,-22.48566949134142,7,DIA,CREMA CORPORAL AVENA,STIVE
941da9b2-93b6-40b8-8de8-c9e27ad03e10,IDX_GROCERY_7_V1,2026-07-30,15,1,08445291082212,10499.0,13086.337366136633,0.802287126355778,-0.03458221699756862,-19.771287364422196,8,DIA,CAFE DOLCA ORIGE FRS,NESCA
941da9b2-93b6-40b8-8de8-c9e27ad03e10,IDX_GROCERY_7_V1,2026-07-30,15,1,04006000040417,7175.0,8942.352017529938,0.8023616142525647,-0.03456764240926313,-19.76383857474353,9,DIA,CREMA CORPO SOFTMILK,NIVEA
941da9b2-93b6-40b8-8de8-c9e27ad03e10,IDX_GROCERY_7_V1,2026-07-30,15,1,08445291082137,10500.0,13008.91935687745,0.8071385264179491,-0.03363578797664742,-19.286147358205085,10,DIA,CAFE DOLCA SV ORIGEN,NESCA
941da9b2-93b6-40b8-8de8-c9e27ad03e10,IDX_GROCERY_7_V1,2026-07-30,15,1,07790895000232,2600.0,2098.9836497042274,1.2386947370296915,0.03360411205396004,23.869473702969145,11,DIA,GASEO COLA LATA,COCA
941da9b2-93b6-40b8-8de8-c9e27ad03e10,IDX_GROCERY_7_V1,2026-07-30,15,1,04005900122186,3990.0,4904.788677648446,0.8134907051516371,-0.03240514570474506,-18.650929484836286,12,DIA,DEO AER PROT & CARE,NIVEA
941da9b2-93b6-40b8-8de8-c9e27ad03e10,IDX_GROCERY_7_V1,2026-07-30,15,1,07790895000270,2600.0,2167.646634261945,1.1994574940879446,0.028550920927974992,19.945749408794455,13,DIA,GASEOSA LIMA LIMON,SPRIT
941da9b2-93b6-40b8-8de8-c9e27ad03e10,IDX_GROCERY_7_V1,2026-07-30,15,1,07790990003022,2595.0,3108.1662104813176,0.834897436066699,-0.02832753418107995,-16.510256393330103,14,DIA,DETERGEN ULTRA LIMON,MAGIS
941da9b2-93b6-40b8-8de8-c9e27ad03e10,IDX_GROCERY_7_V1,2026-07-30,15,1,07790895645778,2000.0,1675.2962619042662,1.1938186967161566,0.027811170823295903,19.38186967161566,15,DIA,AGUA S/GAS MINERALIZ,SMART
941da9b2-93b6-40b8-8de8-c9e27ad03e10,IDX_GROCERY_7_V1,2026-07-30,10,1,07891024034767,1270.0,914.4132088909963,1.3888688260969684,0.05156822945957931,38.88688260969684,1,Hipermercado Carrefour,JABON BARRA ALOE&OLI,PALMO
941da9b2-93b6-40b8-8de8-c9e27ad03e10,IDX_GROCERY_7_V1,2026-07-30,10,1,07790070431905,1059.0,1422.5588622754703,0.7444331676413477,-0.0463315854000767,-25.55668323586523,2,Hipermercado Carrefour,OBLEA DE ARROZ CHOCO,GALLO
941da9b2-93b6-40b8-8de8-c9e27ad03e10,IDX_GROCERY_7_V1,2026-07-30,10,1,07790895648267,3150.0,2350.0285690769942,1.3404092364873699,0.045992930565358005,34.040923648736985,3,Hipermercado Carrefour,JUGO SAB NARAN TENTA,CEPIT
941da9b2-93b6-40b8-8de8-c9e27ad03e10,IDX_GROCERY_7_V1,2026-07-30,10,1,07790250054962,1955.0,2602.981502471344,0.7510618105214608,-0.044939925638187266,-24.89381894785392,4,Hipermercado Carrefour,PAÑUELOS DESCARTABLE,ELITE
941da9b2-93b6-40b8-8de8-c9e27ad03e10,IDX_GROCERY_7_V1,2026-07-30,10,1,08445291082212,10265.0,13086.337366136633,0.7844058817070255,-0.03812067289425738,-21.55941182929745,5,Hipermercado Carrefour,CAFE DOLCA ORIGE FRS,NESCA
941da9b2-93b6-40b8-8de8-c9e27ad03e10,IDX_GROCERY_7_V1,2026-07-30,10,1,08445291082137,10265.0,13008.91935687745,0.7890739974933569,-0.03718919562069465,-21.092600250664304,6,Hipermercado Carrefour,CAFE DOLCA SV ORIGEN,NESCA
941da9b2-93b6-40b8-8de8-c9e27ad03e10,IDX_GROCERY_7_V1,2026-07-30,10,1,07891024034781,1140.0,900.4148571436643,1.266083062663313,0.03703735194478718,26.608306266331304,7,Hipermercado Carrefour,JABON TOCADOR PALMOLIVE KARITE X 85 GRS,PALMOLIVE
941da9b2-93b6-40b8-8de8-c9e27ad03e10,IDX_GROCERY_7_V1,2026-07-30,10,1,07790070933638,7729.0,9511.577890444072,0.8125886250445405,-0.03257932397940493,-18.741137495545946,8,Hipermercado Carrefour,CAFE SUAVE MAS AROMA,ARLIS
941da9b2-93b6-40b8-8de8-c9e27ad03e10,IDX_GROCERY_7_V1,2026-07-30,10,1,07790990003046,6360.0,7639.9755062034355,0.8324634018572268,-0.0287858743841357,-16.75365981427732,9,Hipermercado Carrefour,LAVAVAJ ULTRA LIMON,MAGIS
941da9b2-93b6-40b8-8de8-c9e27ad03e10,IDX_GROCERY_7_V1,2026-07-30,10,1,07790990003022,2595.0,3108.1662104813176,0.834897436066699,-0.02832753418107995,-16.510256393330103,10,Hipermercado Carrefour,DETERGEN ULTRA LIMON,MAGIS
941da9b2-93b6-40b8-8de8-c9e27ad03e10,IDX_GROCERY_7_V1,2026-07-30,10,1,07790895645778,1999.0,1675.2962619042662,1.1932217873677986,0.027732658257882684,19.32217873677986,11,Hipermercado Carrefour,AGUA S/GAS MINERALIZ,SMART
941da9b2-93b6-40b8-8de8-c9e27ad03e10,IDX_GROCERY_7_V1,2026-07-30,10,1,07791290794290,2009.0,2377.1603710662903,0.8451259849577798,-0.026415944758849393,-15.48740150422202,12,Hipermercado Carrefour,LAVAVAJ CONCEN POMEL,ALA
941da9b2-93b6-40b8-8de8-c9e27ad03e10,IDX_GROCERY_7_V1,2026-07-30,10,1,07790520995650,3692.0,4342.610781962785,0.8501798078093658,-0.025479970685974213,-14.982019219063424,13,Hipermercado Carrefour,CERA PISOS AUTOBR DP,CERAM
941da9b2-93b6-40b8-8de8-c9e27ad03e10,IDX_GROCERY_7_V1,2026-07-30,10,1,07790070411952,1350.0,1580.1973322778747,0.8543236799760684,-0.024716662580330662,-14.567632002393161,14,Hipermercado Carrefour,SNACK OBLEA ESTUCHE,GALLO
941da9b2-93b6-40b8-8de8-c9e27ad03e10,IDX_GROCERY_7_V1,2026-07-30,10,1,07791290794108,2329.0,2712.845590847043,0.8585081317778971,-0.023949627411728142,-14.149186822210291,15,Hipermercado Carrefour,LAVAVAJI BIOACT LIMA,CIF
941da9b2-93b6-40b8-8de8-c9e27ad03e10,IDX_GROCERY_7_V1,2026-07-30,9,3,07790895648267,3100.0,2350.0285690769942,1.3191328994002687,0.04348110303844415,31.913289940026868,1,Jumbo,JUGO SAB NARAN TENTA,CEPIT
941da9b2-93b6-40b8-8de8-c9e27ad03e10,IDX_GROCERY_7_V1,2026-07-30,9,3,07790895000232,2700.0,2098.9836497042274,1.2863368423000643,0.03952881032442269,28.63368423000643,2,Jumbo,GASEO COLA LATA,COCA
941da9b2-93b6-40b8-8de8-c9e27ad03e10,IDX_GROCERY_7_V1,2026-07-30,9,3,07790895000270,2700.0,2167.646634261945,1.2455904746297886,0.03447561919843763,24.559047462978857,3,Jumbo,GASEOSA LIMA LIMON,SPRIT
941da9b2-93b6-40b8-8de8-c9e27ad03e10,IDX_GROCERY_7_V1,2026-07-30,9,3,07790895006029,2500.0,3081.0262276795534,0.8114179546867577,-0.03280565155740163,-18.85820453132423,4,Jumbo,BEB ISOTO MOUNT BLAS,POWER
941da9b2-93b6-40b8-8de8-c9e27ad03e10,IDX_GROCERY_7_V1,2026-07-30,9,3,07790895006036,2500.0,3081.0262276795534,0.8114179546867577,-0.03280565155740163,-18.85820453132423,5,Jumbo,ISOTONICA MANZANA,POWER
941da9b2-93b6-40b8-8de8-c9e27ad03e10,IDX_GROCERY_7_V1,2026-07-30,9,3,07791130683524,2800.0,2299.6323142042015,1.2175859517650556,0.030905835229991446,21.75859517650556,6,Jumbo,LIMPIAD LIQ LAVANDA,PROCE
941da9b2-93b6-40b8-8de8-c9e27ad03e10,IDX_GROCERY_7_V1,2026-07-30,9,3,07891000248799,3000.0,2477.413817392479,1.210940206653708,0.030046638645090402,21.094020665370806,7,Jumbo,TABLETA DE CHOCOLATE RELLENA KIT KAT X 41.5 GR,KIT KAT
941da9b2-93b6-40b8-8de8-c9e27ad03e10,IDX_GROCERY_7_V1,2026-07-30,9,3,07790895645778,2000.0,1675.2962619042662,1.1938186967161566,0.027811170823295903,19.38186967161566,8,Jumbo,AGUA S/GAS MINERALIZ,SMART
941da9b2-93b6-40b8-8de8-c9e27ad03e10,IDX_GROCERY_7_V1,2026-07-30,9,3,07790070933638,11350.0,9511.577890444072,1.1932825584494158,0.02774065338365278,19.328255844941577,9,Jumbo,CAFE SUAVE MAS AROMA,ARLIS
941da9b2-93b6-40b8-8de8-c9e27ad03e10,IDX_GROCERY_7_V1,2026-07-30,9,3,07792170110704,3452.0,4108.268145691137,0.8402567402082922,-0.027323044072057535,-15.974325979170779,10,Jumbo,BEB ISOTON COOL BLUE,GATOR
941da9b2-93b6-40b8-8de8-c9e27ad03e10,IDX_GROCERY_7_V1,2026-07-30,9,3,07792170110575,3452.0,4077.921822301433,0.8465096072027724,-0.026159140996757084,-15.349039279722765,11,Jumbo,BEB ISOTON MANZANA,GATOR
941da9b2-93b6-40b8-8de8-c9e27ad03e10,IDX_GROCERY_7_V1,2026-07-30,9,3,07791130001748,3150.0,2674.7710828687323,1.1776708744067839,0.025673257872703206,17.767087440678388,12,Jumbo,PRELAVADO QUITAMANCH,VANIS
941da9b2-93b6-40b8-8de8-c9e27ad03e10,IDX_GROCERY_7_V1,2026-07-30,9,3,07790070320308,1250.0,1071.6729146884632,1.166400664668638,0.024163681651227675,16.6400664668638,13,Jumbo,FIDEOS TIRABUZON FAVORITA X 500 GRS,FAVORITA
941da9b2-93b6-40b8-8de8-c9e27ad03e10,IDX_GROCERY_7_V1,2026-07-30,9,3,07799155000197,2527.0,2935.0754565882203,0.8609659401865689,-0.023500837326986275,-13.90340598134311,14,Jumbo,AGUA S/GAS MINERAL,VILLA
941da9b2-93b6-40b8-8de8-c9e27ad03e10,IDX_GROCERY_7_V1,2026-07-30,9,3,07790070417916,1550.0,1340.6727842736473,1.1561359476986492,0.02277603848525508,15.613594769864925,15,Jumbo,POSTRE EN POLVO DDL,EXQUI
941da9b2-93b6-40b8-8de8-c9e27ad03e10,IDX_GROCERY_7_V1,2026-07-30,2,1,07891000248799,1400.0,2477.413817392479,0.5651054297717304,-0.08959858145646327,-43.48945702282696,1,La Anonima,TABLETA DE CHOCOLATE RELLENA KIT KAT X 41.5 GR,KIT KAT
941da9b2-93b6-40b8-8de8-c9e27ad03e10,IDX_GROCERY_7_V1,2026-07-30,2,1,07622201735906,1290.0,2107.0377459077677,0.6122339300780936,-0.07702367830686233,-38.77660699219064,2,La Anonima,GALLE C/CHIPS CHOCO,PEPIT
941da9b2-93b6-40b8-8de8-c9e27ad03e10,IDX_GROCERY_7_V1,2026-07-30,2,1,04005808315093,5500.0,8493.45215589912,0.6475576596001639,-0.06821780844545991,-35.24423403998361,3,La Anonima,CR COR PIEL EXT SECA,NIVEA
941da9b2-93b6-40b8-8de8-c9e27ad03e10,IDX_GROCERY_7_V1,2026-07-30,2,1,07791130683524,1500.0,2299.6323142042015,0.6522781884455655,-0.067077572787747,-34.77218115544345,4,La Anonima,LIMPIAD LIQ LAVANDA,PROCE
941da9b2-93b6-40b8-8de8-c9e27ad03e10,IDX_GROCERY_7_V1,2026-07-30,2,1,07622201735258,3990.0,6038.327695728807,0.6607789774016926,-0.06504487773012001,-33.922102259830744,5,La Anonima,OREO QJ 12X354GR,OREO
941da9b2-93b6-40b8-8de8-c9e27ad03e10,IDX_GROCERY_7_V1,2026-07-30,2,1,07791293047164,6100.0,9211.27448294914,0.6622319214666357,-0.06470007062106747,-33.776807853336436,6,La Anonima,SHAMPOO NUTRICION,DOVE
941da9b2-93b6-40b8-8de8-c9e27ad03e10,IDX_GROCERY_7_V1,2026-07-30,2,1,07791293047515,6100.0,9211.27448294914,0.6622319214666357,-0.06470007062106747,-33.776807853336436,7,La Anonima,ACO NUTRICION,DOVE
941da9b2-93b6-40b8-8de8-c9e27ad03e10,IDX_GROCERY_7_V1,2026-07-30,2,1,07791293050324,6100.0,9211.27448294914,0.6622319214666357,-0.06470007062106747,-33.776807853336436,8,La Anonima,SHAMPOO HIDRATACION,DOVE
941da9b2-93b6-40b8-8de8-c9e27ad03e10,IDX_GROCERY_7_V1,2026-07-30,2,1,07791293050355,6100.0,9209.079754196486,0.6623897460786232,-0.06466266185002702,-33.761025392137675,9,La Anonima,ACO HIDRATACION,DOVE
941da9b2-93b6-40b8-8de8-c9e27ad03e10,IDX_GROCERY_7_V1,2026-07-30,2,1,07792170110575,6150.0,4077.921822301433,1.5081211136434096,0.06449993413624841,50.812111364340964,10,La Anonima,BEB ISOTON MANZANA,GATOR
941da9b2-93b6-40b8-8de8-c9e27ad03e10,IDX_GROCERY_7_V1,2026-07-30,2,1,07791293047102,6100.0,9162.298837886821,0.6657717793242045,-0.06386316182969747,-33.42282206757955,11,La Anonima,SHAMPOO RECONSTRUCCI,DOVE
941da9b2-93b6-40b8-8de8-c9e27ad03e10,IDX_GROCERY_7_V1,2026-07-30,2,1,07791293047171,6100.0,9162.298837886821,0.6657717793242045,-0.06386316182969747,-33.42282206757955,12,La Anonima,SH REGENERACION EXTR,DOVE
941da9b2-93b6-40b8-8de8-c9e27ad03e10,IDX_GROCERY_7_V1,2026-07-30,2,1,07791293047508,6100.0,9162.298837886821,0.6657717793242045,-0.06386316182969747,-33.42282206757955,13,La Anonima,ACO RECONSTRUCCION,DOVE
941da9b2-93b6-40b8-8de8-c9e27ad03e10,IDX_GROCERY_7_V1,2026-07-30,2,1,07791293047522,6100.0,9162.298837886821,0.6657717793242045,-0.06386316182969747,-33.42282206757955,14,La Anonima,ACO REGENERAC EXTREM,DOVE
941da9b2-93b6-40b8-8de8-c9e27ad03e10,IDX_GROCERY_7_V1,2026-07-30,2,1,07792170110704,6150.0,4108.268145691137,1.4969811565124558,0.06333603106094797,49.69811565124558,15,La Anonima,BEB ISOTON COOL BLUE,GATOR
941da9b2-93b6-40b8-8de8-c9e27ad03e10,IDX_GROCERY_7_V1,2026-07-31,12,1,07792170110704,2750.0,4108.268145691137,0.6693818179527241,-0.06331240572266689,-33.06181820472759,1,COTO,BEB ISOTON COOL BLUE,GATOR
941da9b2-93b6-40b8-8de8-c9e27ad03e10,IDX_GROCERY_7_V1,2026-07-31,12,1,07792170110575,2750.0,4077.921822301433,0.6743630995966466,-0.06214299521956532,-32.56369004033534,2,COTO,BEB ISOTON MANZANA,GATOR
941da9b2-93b6-40b8-8de8-c9e27ad03e10,IDX_GROCERY_7_V1,2026-07-31,12,1,07790895648267,3000.0,2350.0285690769942,1.2765802252260665,0.03851495323846978,27.65802252260665,3,COTO,JUGO SAB NARAN TENTA,CEPIT
941da9b2-93b6-40b8-8de8-c9e27ad03e10,IDX_GROCERY_7_V1,2026-07-31,12,1,07790895006036,2450.0,3081.0262276795534,0.7951895955930226,-0.03614743024261321,-20.48104044069774,4,COTO,ISOTONICA MANZANA,POWER
941da9b2-93b6-40b8-8de8-c9e27ad03e10,IDX_GROCERY_7_V1,2026-07-31,12,1,07790895006029,2450.0,3081.026227679548,0.795189595593024,-0.036147430242612924,-20.481040440697594,5,COTO,BEB ISOTO MOUNT BLAS,POWER
941da9b2-93b6-40b8-8de8-c9e27ad03e10,IDX_GROCERY_7_V1,2026-07-31,12,1,07790360026576,6999.0,8533.114741365409,0.8202163233633103,-0.03125980513180784,-17.97836766366897,6,COTO,HAMBURG CARNE CLASIC,SWIFT
941da9b2-93b6-40b8-8de8-c9e27ad03e10,IDX_GROCERY_7_V1,2026-07-31,12,1,07790070431905,1700.0,1422.558862275469,1.1950296364403137,0.028102679092178746,19.502963644031368,7,COTO,OBLEA DE ARROZ CHOCO,GALLO
941da9b2-93b6-40b8-8de8-c9e27ad03e10,IDX_GROCERY_7_V1,2026-07-31,12,1,07790895645778,2000.0,1675.2962619042662,1.1938186967161566,0.027942769423406132,19.38186967161566,8,COTO,AGUA S/GAS MINERALIZ,SMART
941da9b2-93b6-40b8-8de8-c9e27ad03e10,IDX_GROCERY_7_V1,2026-07-31,12,1,07790895000232,2500.0,2098.9836497042274,1.1910526317593186,0.02757688968934449,19.105263175931864,9,COTO,GASEO COLA LATA,COCA
941da9b2-93b6-40b8-8de8-c9e27ad03e10,IDX_GROCERY_7_V1,2026-07-31,12,1,07790895000270,2500.0,2158.421936413071,1.1582536101141436,0.023172454602413618,15.825361011414362,10,COTO,GASEOSA LIMA LIMON,SPRIT
941da9b2-93b6-40b8-8de8-c9e27ad03e10,IDX_GROCERY_7_V1,2026-07-31,12,1,07791120031557,1950.0,1713.5092820778473,1.1380154285685442,0.020392096723909375,13.801542856854422,11,COTO,ARROZ LARGO FINO 00000 MOLINOS ALA X 1 KG,MOLINOS ALA
941da9b2-93b6-40b8-8de8-c9e27ad03e10,IDX_GROCERY_7_V1,2026-07-31,12,1,07790895640025,2050.0,2305.1708105022612,0.8893050313930257,-0.018503940834712917,-11.069496860697425,12,COTO,BEBIDA ISOT MOUN BLA,POWER
941da9b2-93b6-40b8-8de8-c9e27ad03e10,IDX_GROCERY_7_V1,2026-07-31,12,1,07790895641183,2050.0,2305.1708105022612,0.8893050313930257,-0.018503940834712917,-11.069496860697425,13,COTO,BEB ISOT FRUT.TROPIC,POWER
941da9b2-93b6-40b8-8de8-c9e27ad03e10,IDX_GROCERY_7_V1,2026-07-31,12,1,07790895640018,2050.0,2305.170810502259,0.8893050313930266,-0.01850394083471276,-11.069496860697337,14,COTO,BEB ISOTONICA MANZAN,POWER
941da9b2-93b6-40b8-8de8-c9e27ad03e10,IDX_GROCERY_7_V1,2026-07-31,12,1,07790240128574,5240.0,4671.961381122166,1.121584613514377,0.018098189095918326,12.1584613514377,15,COTO,VINO CABER-SAUVIGNON,FLMOR
941da9b2-93b6-40b8-8de8-c9e27ad03e10,IDX_GROCERY_7_V1,2026-07-31,11,2,07790895648267,419.0,2350.0285690769942,0.17829570478990728,-0.27197347700255686,-82.17042952100927,1,Changomas,JUGO SAB NARAN TENTA,CEPIT
941da9b2-93b6-40b8-8de8-c9e27ad03e10,IDX_GROCERY_7_V1,2026-07-31,11,2,07790895645778,579.0,1675.2962619042662,0.34561051269932735,-0.16757773246446248,-65.43894873006725,2,Changomas,AGUA S/GAS MINERALIZ,SMART
941da9b2-93b6-40b8-8de8-c9e27ad03e10,IDX_GROCERY_7_V1,2026-07-31,11,2,07790070431905,1019.0,1422.558862275469,0.7163148232545175,-0.05262389769355983,-28.368517674548254,3,Changomas,OBLEA DE ARROZ CHOCO,GALLO
941da9b2-93b6-40b8-8de8-c9e27ad03e10,IDX_GROCERY_7_V1,2026-07-31,11,2,07792170110575,5149.0,4077.921822301433,1.2626529453902304,0.036784703421684585,26.265294539023042,4,Changomas,BEB ISOTON MANZANA,GATOR
941da9b2-93b6-40b8-8de8-c9e27ad03e10,IDX_GROCERY_7_V1,2026-07-31,11,2,07792170110704,5149.0,4108.268145691137,1.253326174777664,0.035615292918583,25.332617477766405,5,Changomas,BEB ISOTON COOL BLUE,GATOR
941da9b2-93b6-40b8-8de8-c9e27ad03e10,IDX_GROCERY_7_V1,2026-07-31,11,2,07790895000270,1799.0,2158.421936413071,0.8334792978381378,-0.02872971841111303,-16.65207021618622,6,Changomas,GASEOSA LIMA LIMON,SPRIT
941da9b2-93b6-40b8-8de8-c9e27ad03e10,IDX_GROCERY_7_V1,2026-07-31,11,2,07790520995650,3699.0,4343.78604909515,0.8515612781551558,-0.02534445055496464,-14.843872184484418,7,Changomas,CERA PISOS AUTOBR DP,CERAM
941da9b2-93b6-40b8-8de8-c9e27ad03e10,IDX_GROCERY_7_V1,2026-07-31,11,2,07790895000232,1799.0,2098.9836497042274,0.8570814738140057,-0.024325283324182167,-14.291852618599432,8,Changomas,GASEO COLA LATA,COCA
941da9b2-93b6-40b8-8de8-c9e27ad03e10,IDX_GROCERY_7_V1,2026-07-31,11,2,08445291082137,14909.0,12933.782012363132,1.1527177422465291,0.02241678366077674,15.271774224652912,9,Changomas,CAFE DOLCA SV ORIGEN,NESCA
941da9b2-93b6-40b8-8de8-c9e27ad03e10,IDX_GROCERY_7_V1,2026-07-31,11,2,07791120031557,1969.0,1713.5092820778473,1.1491037840263916,0.02192150162632784,14.910378402639157,10,Changomas,ARROZ LARGO FINO 00000 MOLINOS ALA X 1 KG,MOLINOS ALA
941da9b2-93b6-40b8-8de8-c9e27ad03e10,IDX_GROCERY_7_V1,2026-07-31,11,2,08445291082212,14909.0,13010.75802445801,1.145897877123963,0.021480836256233753,14.589787712396296,11,Changomas,CAFE DOLCA ORIGE FRS,NESCA
941da9b2-93b6-40b8-8de8-c9e27ad03e10,IDX_GROCERY_7_V1,2026-07-31,11,2,08445291121881,6519.0,5699.5084368776,1.1437828493804894,0.021189441319398636,14.378284938048935,12,Changomas,CACAO PVO SIN PREMIX,NESQU
941da9b2-93b6-40b8-8de8-c9e27ad03e10,IDX_GROCERY_7_V1,2026-07-31,11,2,07790895006029,3519.0,3081.026227679548,1.1421519130170823,0.020964373193161915,14.21519130170823,13,Changomas,BEB ISOTO MOUNT BLAS,POWER
941da9b2-93b6-40b8-8de8-c9e27ad03e10,IDX_GROCERY_7_V1,2026-07-31,11,2,07790895006036,3519.0,3081.0262276795534,1.1421519130170803,0.02096437319316164,14.21519130170803,14,Changomas,ISOTONICA MANZANA,POWER
941da9b2-93b6-40b8-8de8-c9e27ad03e10,IDX_GROCERY_7_V1,2026-07-31,11,2,07790895647741,1599.0,1820.540637970582,0.8783105230666309,-0.020466100466107813,-12.168947693336907,15,Changomas,AGUA S/GAS,BENED
941da9b2-93b6-40b8-8de8-c9e27ad03e10,IDX_GROCERY_7_V1,2026-07-31,13,1,07790240128574,2461.5,4671.961381122166,0.5268665126270303,-0.10107382637992278,-47.31334873729697,1,Cooperativa Obrera,VINO CABER-SAUVIGNON,FLMOR
941da9b2-93b6-40b8-8de8-c9e27ad03e10,IDX_GROCERY_7_V1,2026-07-31,13,1,07790895648267,3150.0,2350.0285690769942,1.3404092364873699,0.04621056272891647,34.040923648736985,2,Cooperativa Obrera,JUGO SAB NARAN TENTA,CEPIT
941da9b2-93b6-40b8-8de8-c9e27ad03e10,IDX_GROCERY_7_V1,2026-07-31,13,1,07792170110575,5300.0,4077.921822301433,1.299681610131719,0.04134374119677479,29.9681610131719,3,Cooperativa Obrera,BEB ISOTON MANZANA,GATOR
941da9b2-93b6-40b8-8de8-c9e27ad03e10,IDX_GROCERY_7_V1,2026-07-31,13,1,07792170110704,5300.0,4108.268145691137,1.290081321872523,0.04017433069367321,29.00813218725229,4,Cooperativa Obrera,BEB ISOTON COOL BLUE,GATOR
941da9b2-93b6-40b8-8de8-c9e27ad03e10,IDX_GROCERY_7_V1,2026-07-31,13,1,00070942306805,5721.0,4507.5161455111365,1.269213423827073,0.03760210682586388,26.92134238270729,5,Cooperativa Obrera,HILO DENT MANG-FLOSS,GUM
941da9b2-93b6-40b8-8de8-c9e27ad03e10,IDX_GROCERY_7_V1,2026-07-31,13,1,07790813957280,944.0,745.9766289043871,1.2654551944696297,0.03713436829319983,26.545519446962974,6,Cooperativa Obrera,LEVADURA C/MASA MADR,CALSA
941da9b2-93b6-40b8-8de8-c9e27ad03e10,IDX_GROCERY_7_V1,2026-07-31,13,1,07790895000270,1710.0,2158.421936413071,0.7922454693180743,-0.036732491984271955,-20.775453068192572,7,Cooperativa Obrera,GASEOSA LIMA LIMON,SPRIT
941da9b2-93b6-40b8-8de8-c9e27ad03e10,IDX_GROCERY_7_V1,2026-07-31,13,1,07790895000232,1710.0,2098.9836497042274,0.8146800001233739,-0.032328056897341084,-18.531999987662605,8,Cooperativa Obrera,GASEO COLA LATA,COCA
941da9b2-93b6-40b8-8de8-c9e27ad03e10,IDX_GROCERY_7_V1,2026-07-31,13,1,07798338291049,4376.0,5355.055456862302,0.8171717427113329,-0.031846371422156745,-18.282825728866715,9,Cooperativa Obrera,LECHE CHOCOLATAD UAT,L3NIÑ
941da9b2-93b6-40b8-8de8-c9e27ad03e10,IDX_GROCERY_7_V1,2026-07-31,13,1,07790070933638,7939.0,9511.577890444072,0.8346669807515341,-0.028505119736682506,-16.53330192484659,10,Cooperativa Obrera,CAFE SUAVE MAS AROMA,ARLIS
941da9b2-93b6-40b8-8de8-c9e27ad03e10,IDX_GROCERY_7_V1,2026-07-31,13,1,07790895645778,2000.0,1675.2962619042662,1.1938186967161566,0.027942769423406132,19.38186967161566,11,Cooperativa Obrera,AGUA S/GAS MINERALIZ,SMART
941da9b2-93b6-40b8-8de8-c9e27ad03e10,IDX_GROCERY_7_V1,2026-07-31,13,1,07790040133259,2089.0,1771.4561470306908,1.1792558362235357,0.0260068757520109,17.92558362235357,12,Cooperativa Obrera,GALLETITA LIMA/LIM,MANA
941da9b2-93b6-40b8-8de8-c9e27ad03e10,IDX_GROCERY_7_V1,2026-07-31,13,1,07790010002769,2999.0,2546.533815371311,1.1776792367325053,0.02579586015083569,17.76792367325053,13,Cooperativa Obrera,TOALL FEM ESP ULTRAF,SIEMP
941da9b2-93b6-40b8-8de8-c9e27ad03e10,IDX_GROCERY_7_V1,2026-07-31,13,1,07790813444469,1259.0,1070.5564208025592,1.1760239586963304,0.025574009828076474,17.602395869633035,14,Cooperativa Obrera,LEVADURA FAMILIAR X2,CALSA
941da9b2-93b6-40b8-8de8-c9e27ad03e10,IDX_GROCERY_7_V1,2026-07-31,13,1,07791120031557,1458.0,1713.5092820778473,0.8508853819758654,-0.025469691760189834,-14.911461802413461,15,Cooperativa Obrera,ARROZ LARGO FINO 00000 MOLINOS ALA X 1 KG,MOLINOS ALA
941da9b2-93b6-40b8-8de8-c9e27ad03e10,IDX_GROCERY_7_V1,2026-07-31,15,1,04005900773821,12999.0,19311.971221296466,0.6731058083633237,-0.06243734112463655,-32.68941916366763,1,DIA,AG MICELAR ROSE CARE,NIVEA
941da9b2-93b6-40b8-8de8-c9e27ad03e10,IDX_GROCERY_7_V1,2026-07-31,15,1,07792170110704,2850.0,4108.268145691137,0.6937229749691868,-0.0576786387507301,-30.627702503081323,2,DIA,BEB ISOTON COOL BLUE,GATOR
941da9b2-93b6-40b8-8de8-c9e27ad03e10,IDX_GROCERY_7_V1,2026-07-31,15,1,07792170110575,2850.0,4077.921822301433,0.6988853941274338,-0.05650922824762853,-30.111460587256623,3,DIA,BEB ISOTON MANZANA,GATOR
941da9b2-93b6-40b8-8de8-c9e27ad03e10,IDX_GROCERY_7_V1,2026-07-31,15,1,07792170042241,1800.0,2511.5244289530783,0.7166961942513634,-0.05253994417922957,-28.330380574863657,4,DIA,BEBIDA DEPORTIVA UVA,GATOR
941da9b2-93b6-40b8-8de8-c9e27ad03e10,IDX_GROCERY_7_V1,2026-07-31,15,1,07793100111891,2170.0,3017.58963110165,0.7191169990890328,-0.05200807724889148,-28.08830009109672,5,DIA,CREMA DENTAL ULTRA BLANCO COLGATE X 90 GRS,COLGATE
941da9b2-93b6-40b8-8de8-c9e27ad03e10,IDX_GROCERY_7_V1,2026-07-31,15,1,07790895648267,3150.0,2350.0285690769942,1.3404092364873699,0.04621056272891647,34.040923648736985,6,DIA,JUGO SAB NARAN TENTA,CEPIT
941da9b2-93b6-40b8-8de8-c9e27ad03e10,IDX_GROCERY_7_V1,2026-07-31,15,1,07791293033006,6129.0,7906.925028934338,0.7751433050865845,-0.04017466197687014,-22.485669491341554,7,DIA,CREMA CORPORAL AVENA,STIVE
941da9b2-93b6-40b8-8de8-c9e27ad03e10,IDX_GROCERY_7_V1,2026-07-31,15,1,04006000040417,7175.0,8942.352017529922,0.8023616142525661,-0.03473121169511109,-19.763838574743385,8,DIA,CREMA CORPO SOFTMILK,NIVEA
941da9b2-93b6-40b8-8de8-c9e27ad03e10,IDX_GROCERY_7_V1,2026-07-31,15,1,07790895000232,2600.0,2098.9836497042274,1.2386947370296915,0.03376312204790622,23.869473702969145,9,DIA,GASEO COLA LATA,COCA
941da9b2-93b6-40b8-8de8-c9e27ad03e10,IDX_GROCERY_7_V1,2026-07-31,15,1,07790150079904,4675.0,5755.528688500698,0.8122624789170891,-0.03279680459882622,-18.773752108291085,10,DIA,CAFE EN SAQUITOS LA VIRGINIA CAJA X 20 UNI,LA VIRGINIA
941da9b2-93b6-40b8-8de8-c9e27ad03e10,IDX_GROCERY_7_V1,2026-07-31,15,1,04005900122186,3990.0,4904.788677648446,0.8134907051516371,-0.032558482356344794,-18.650929484836286,11,DIA,DEO AER PROT & CARE,NIVEA
941da9b2-93b6-40b8-8de8-c9e27ad03e10,IDX_GROCERY_7_V1,2026-07-31,15,1,07790895000270,2600.0,2158.421936413071,1.2045837545187095,0.02935868696097535,20.458375451870946,12,DIA,GASEOSA LIMA LIMON,SPRIT
941da9b2-93b6-40b8-8de8-c9e27ad03e10,IDX_GROCERY_7_V1,2026-07-31,15,1,08445291082212,10814.0,13010.75802445801,0.8311583367911017,-0.029169552779483743,-16.884166320889825,13,DIA,CAFE DOLCA ORIGE FRS,NESCA
941da9b2-93b6-40b8-8de8-c9e27ad03e10,IDX_GROCERY_7_V1,2026-07-31,15,1,07790990003022,2595.0,3108.166210481312,0.8348974360667004,-0.02846157614092706,-16.510256393329957,14,DIA,DETERGEN ULTRA LIMON,MAGIS
941da9b2-93b6-40b8-8de8-c9e27ad03e10,IDX_GROCERY_7_V1,2026-07-31,15,1,08445291082137,10815.0,12933.782012363132,0.8361823316383535,-0.02821902044667435,-16.381766836164648,15,DIA,CAFE DOLCA SV ORIGEN,NESCA
941da9b2-93b6-40b8-8de8-c9e27ad03e10,IDX_GROCERY_7_V1,2026-07-31,10,1,07891024034767,1270.0,914.4132088909971,1.3888688260969673,0.0518122431636466,38.88688260969673,1,Hipermercado Carrefour,JABON BARRA ALOE&OLI,PALMO
941da9b2-93b6-40b8-8de8-c9e27ad03e10,IDX_GROCERY_7_V1,2026-07-31,10,1,08445291082212,9570.0,13010.75802445801,0.7355451528658077,-0.048445323362283445,-26.445484713419233,2,Hipermercado Carrefour,CAFE DOLCA ORIGE FRS,NESCA
941da9b2-93b6-40b8-8de8-c9e27ad03e10,IDX_GROCERY_7_V1,2026-07-31,10,1,08445291082137,9570.0,12933.782012363132,0.7399227844455889,-0.047509375957740456,-26.00772155544111,3,Hipermercado Carrefour,CAFE DOLCA SV ORIGEN,NESCA
941da9b2-93b6-40b8-8de8-c9e27ad03e10,IDX_GROCERY_7_V1,2026-07-31,10,1,07790070431905,1059.0,1422.558862275469,0.7444331676413484,-0.046550820031307207,-25.55668323586516,4,Hipermercado Carrefour,OBLEA DE ARROZ CHOCO,GALLO
941da9b2-93b6-40b8-8de8-c9e27ad03e10,IDX_GROCERY_7_V1,2026-07-31,10,1,07790895648267,3150.0,2350.0285690769942,1.3404092364873699,0.04621056272891647,34.040923648736985,5,Hipermercado Carrefour,JUGO SAB NARAN TENTA,CEPIT
941da9b2-93b6-40b8-8de8-c9e27ad03e10,IDX_GROCERY_7_V1,2026-07-31,10,1,07790250054962,1955.0,2602.981502471344,0.7510618105214608,-0.04515257512858878,-24.89381894785392,6,Hipermercado Carrefour,PAÑUELOS DESCARTABLE,ELITE
941da9b2-93b6-40b8-8de8-c9e27ad03e10,IDX_GROCERY_7_V1,2026-07-31,10,1,07891024034781,1140.0,900.4148571436643,1.266083062663313,0.03721260755335873,26.608306266331304,7,Hipermercado Carrefour,JABON TOCADOR PALMOLIVE KARITE X 85 GRS,PALMOLIVE
941da9b2-93b6-40b8-8de8-c9e27ad03e10,IDX_GROCERY_7_V1,2026-07-31,10,1,07790070933638,7729.0,9511.577890444072,0.8125886250445405,-0.0327334848184242,-18.741137495545946,8,Hipermercado Carrefour,CAFE SUAVE MAS AROMA,ARLIS
941da9b2-93b6-40b8-8de8-c9e27ad03e10,IDX_GROCERY_7_V1,2026-07-31,10,1,07790990003046,6360.0,7639.9755062034355,0.8324634018572268,-0.02892208514620574,-16.75365981427732,9,Hipermercado Carrefour,LAVAVAJ ULTRA LIMON,MAGIS
941da9b2-93b6-40b8-8de8-c9e27ad03e10,IDX_GROCERY_7_V1,2026-07-31,10,1,07790990003022,2595.0,3108.166210481312,0.8348974360667004,-0.02846157614092706,-16.510256393329957,10,Hipermercado Carrefour,DETERGEN ULTRA LIMON,MAGIS
941da9b2-93b6-40b8-8de8-c9e27ad03e10,IDX_GROCERY_7_V1,2026-07-31,10,1,07790895645778,1999.0,1675.2962619042662,1.1932217873677986,0.027863885347431023,19.32217873677986,11,Hipermercado Carrefour,AGUA S/GAS MINERALIZ,SMART
941da9b2-93b6-40b8-8de8-c9e27ad03e10,IDX_GROCERY_7_V1,2026-07-31,10,1,07791290794290,2009.0,2380.4606984769243,0.843954282162863,-0.026759771909590196,-15.604571783713705,12,Hipermercado Carrefour,LAVAVAJ CONCEN POMEL,ALA
941da9b2-93b6-40b8-8de8-c9e27ad03e10,IDX_GROCERY_7_V1,2026-07-31,10,1,07790520995650,3699.0,4343.78604909515,0.8515612781551558,-0.02534445055496464,-14.843872184484418,13,Hipermercado Carrefour,CERA PISOS AUTOBR DP,CERAM
941da9b2-93b6-40b8-8de8-c9e27ad03e10,IDX_GROCERY_7_V1,2026-07-31,10,1,07791290794108,2329.0,2712.845590847043,0.8585081317778971,-0.024062953724401932,-14.149186822210291,14,Hipermercado Carrefour,LAVAVAJI BIOACT LIMA,CIF
941da9b2-93b6-40b8-8de8-c9e27ad03e10,IDX_GROCERY_7_V1,2026-07-31,10,1,07791290794054,2329.0,2707.119938490561,0.8603239061874025,-0.02372970434418748,-13.967609381259749,15,Hipermercado Carrefour,LAVAVAJILL BIOACT LI,CIF
941da9b2-93b6-40b8-8de8-c9e27ad03e10,IDX_GROCERY_7_V1,2026-07-31,9,3,07790895648267,3100.0,2350.0285690769942,1.3191328994002687,0.043686849582790094,31.913289940026868,1,Jumbo,JUGO SAB NARAN TENTA,CEPIT
941da9b2-93b6-40b8-8de8-c9e27ad03e10,IDX_GROCERY_7_V1,2026-07-31,9,3,07790895000232,2700.0,2098.9836497042274,1.2863368423000643,0.039715855168229106,28.63368423000643,2,Jumbo,GASEO COLA LATA,COCA
941da9b2-93b6-40b8-8de8-c9e27ad03e10,IDX_GROCERY_7_V1,2026-07-31,9,3,07790895000270,2700.0,2158.421936413071,1.250913898923275,0.03531142008129821,25.09138989232751,3,Jumbo,GASEOSA LIMA LIMON,SPRIT
941da9b2-93b6-40b8-8de8-c9e27ad03e10,IDX_GROCERY_7_V1,2026-07-31,9,3,07790895006036,2500.0,3081.0262276795534,0.8114179546867577,-0.03296088334710542,-18.85820453132423,4,Jumbo,ISOTONICA MANZANA,POWER
941da9b2-93b6-40b8-8de8-c9e27ad03e10,IDX_GROCERY_7_V1,2026-07-31,9,3,07790895006029,2500.0,3081.026227679548,0.8114179546867591,-0.03296088334710514,-18.858204531324084,5,Jumbo,BEB ISOTO MOUNT BLAS,POWER
941da9b2-93b6-40b8-8de8-c9e27ad03e10,IDX_GROCERY_7_V1,2026-07-31,9,3,07791130683524,2800.0,2303.6340429939773,1.2154708377034174,0.030777842660771996,21.547083770341736,6,Jumbo,LIMPIAD LIQ LAVANDA,PROCE
941da9b2-93b6-40b8-8de8-c9e27ad03e10,IDX_GROCERY_7_V1,2026-07-31,9,3,07891000248799,3000.0,2481.6137906233103,1.2088907675059648,0.029921643232407823,20.88907675059648,7,Jumbo,TABLETA DE CHOCOLATE RELLENA KIT KAT X 41.5 GR,KIT KAT
941da9b2-93b6-40b8-8de8-c9e27ad03e10,IDX_GROCERY_7_V1,2026-07-31,9,3,07799155000197,2527.0,3019.804888421368,0.8368090301757918,-0.028100850853413503,-16.319096982420824,8,Jumbo,AGUA S/GAS MINERAL,VILLA
941da9b2-93b6-40b8-8de8-c9e27ad03e10,IDX_GROCERY_7_V1,2026-07-31,9,3,07790895645778,2000.0,1675.2962619042662,1.1938186967161566,0.027942769423406132,19.38186967161566,9,Jumbo,AGUA S/GAS MINERALIZ,SMART
941da9b2-93b6-40b8-8de8-c9e27ad03e10,IDX_GROCERY_7_V1,2026-07-31,9,3,07790070933638,11350.0,9511.577890444072,1.1932825584494158,0.02787191830502653,19.328255844941577,10,Jumbo,CAFE SUAVE MAS AROMA,ARLIS
941da9b2-93b6-40b8-8de8-c9e27ad03e10,IDX_GROCERY_7_V1,2026-07-31,9,3,07792170110704,3452.0,4108.268145691137,0.8402567402082922,-0.027452332924133516,-15.974325979170779,11,Jumbo,BEB ISOTON COOL BLUE,GATOR
941da9b2-93b6-40b8-8de8-c9e27ad03e10,IDX_GROCERY_7_V1,2026-07-31,9,3,07792170110575,3452.0,4077.921822301433,0.8465096072027724,-0.02628292242103196,-15.349039279722765,12,Jumbo,BEB ISOTON MANZANA,GATOR
941da9b2-93b6-40b8-8de8-c9e27ad03e10,IDX_GROCERY_7_V1,2026-07-31,9,3,07791130001748,3150.0,2697.9118740444624,1.1675696416569044,0.02443601877340225,16.756964165690434,13,Jumbo,PRELAVADO QUITAMANCH,VANIS
941da9b2-93b6-40b8-8de8-c9e27ad03e10,IDX_GROCERY_7_V1,2026-07-31,9,3,07790070320308,1250.0,1071.6729146884632,1.166400664668638,0.02427802083885178,16.6400664668638,14,Jumbo,FIDEOS TIRABUZON FAVORITA X 500 GRS,FAVORITA
941da9b2-93b6-40b8-8de8-c9e27ad03e10,IDX_GROCERY_7_V1,2026-07-31,9,3,07790070417916,1550.0,1340.6727842736473,1.1561359476986492,0.022883811538024424,15.613594769864925,15,Jumbo,POSTRE EN POLVO DDL,EXQUI
941da9b2-93b6-40b8-8de8-c9e27ad03e10,IDX_GROCERY_7_V1,2026-07-31,2,1,07891000248799,1400.0,2481.6137906233103,0.5641490248361168,-0.09028972144375887,-43.585097516388316,1,La Anonima,TABLETA DE CHOCOLATE RELLENA KIT KAT X 41.5 GR,KIT KAT
941da9b2-93b6-40b8-8de8-c9e27ad03e10,IDX_GROCERY_7_V1,2026-07-31,2,1,07622201735906,1290.0,2094.2599127628087,0.6159693895387581,-0.07642870804267062,-38.403061046124186,2,La Anonima,GALLE C/CHIPS CHOCO,PEPIT
941da9b2-93b6-40b8-8de8-c9e27ad03e10,IDX_GROCERY_7_V1,2026-07-31,2,1,04005808315093,5500.0,8493.45215589912,0.6475576596001639,-0.06854060564630593,-35.24423403998361,3,La Anonima,CR COR PIEL EXT SECA,NIVEA
941da9b2-93b6-40b8-8de8-c9e27ad03e10,IDX_GROCERY_7_V1,2026-07-31,2,1,07791130683524,1500.0,2303.6340429939773,0.6511450916268308,-0.06766920924348568,-34.88549083731692,4,La Anonima,LIMPIAD LIQ LAVANDA,PROCE
941da9b2-93b6-40b8-8de8-c9e27ad03e10,IDX_GROCERY_7_V1,2026-07-31,2,1,07622201735258,3990.0,6038.327695728807,0.6607789774016926,-0.06535266106322782,-33.922102259830744,5,La Anonima,OREO QJ 12X354GR,OREO
941da9b2-93b6-40b8-8de8-c9e27ad03e10,IDX_GROCERY_7_V1,2026-07-31,2,1,07791293047164,6100.0,9211.27448294914,0.6622319214666357,-0.0650062223747949,-33.776807853336436,6,La Anonima,SHAMPOO NUTRICION,DOVE
941da9b2-93b6-40b8-8de8-c9e27ad03e10,IDX_GROCERY_7_V1,2026-07-31,2,1,07791293047515,6100.0,9211.27448294914,0.6622319214666357,-0.0650062223747949,-33.776807853336436,7,La Anonima,ACO NUTRICION,DOVE
941da9b2-93b6-40b8-8de8-c9e27ad03e10,IDX_GROCERY_7_V1,2026-07-31,2,1,07791293050324,6100.0,9211.27448294914,0.6622319214666357,-0.0650062223747949,-33.776807853336436,8,La Anonima,SHAMPOO HIDRATACION,DOVE
941da9b2-93b6-40b8-8de8-c9e27ad03e10,IDX_GROCERY_7_V1,2026-07-31,2,1,07791293050355,6100.0,9209.079754196486,0.6623897460786232,-0.0649686365906423,-33.761025392137675,9,La Anonima,ACO HIDRATACION,DOVE
941da9b2-93b6-40b8-8de8-c9e27ad03e10,IDX_GROCERY_7_V1,2026-07-31,2,1,07792170110575,6150.0,4077.921822301433,1.5081211136434096,0.06480513887190889,50.812111364340964,10,La Anonima,BEB ISOTON MANZANA,GATOR
941da9b2-93b6-40b8-8de8-c9e27ad03e10,IDX_GROCERY_7_V1,2026-07-31,2,1,07791293047102,6100.0,9162.298837886821,0.6657717793242045,-0.06416535344718814,-33.42282206757955,11,La Anonima,SHAMPOO RECONSTRUCCI,DOVE
941da9b2-93b6-40b8-8de8-c9e27ad03e10,IDX_GROCERY_7_V1,2026-07-31,2,1,07791293047171,6100.0,9162.298837886821,0.6657717793242045,-0.06416535344718814,-33.42282206757955,12,La Anonima,SH REGENERACION EXTR,DOVE
941da9b2-93b6-40b8-8de8-c9e27ad03e10,IDX_GROCERY_7_V1,2026-07-31,2,1,07791293047508,6100.0,9162.298837886821,0.6657717793242045,-0.06416535344718814,-33.42282206757955,13,La Anonima,ACO RECONSTRUCCION,DOVE
941da9b2-93b6-40b8-8de8-c9e27ad03e10,IDX_GROCERY_7_V1,2026-07-31,2,1,07791293047522,6100.0,9162.298837886821,0.6657717793242045,-0.06416535344718814,-33.42282206757955,14,La Anonima,ACO REGENERAC EXTREM,DOVE
941da9b2-93b6-40b8-8de8-c9e27ad03e10,IDX_GROCERY_7_V1,2026-07-31,2,1,07792170110704,6150.0,4108.268145691137,1.4969811565124558,0.06363572836880733,49.69811565124558,15,La Anonima,BEB ISOTON COOL BLUE,GATOR
